Timepoint,Clock_Time,ID,MODEL,METRIC,VALUE,GROUP,UNITS
Baseline,07:30,B-B 01,B-B,MAP,90,MAP,mmHg
Baseline,07:30,B-B 01,B-B,bpm,202,Heart rate,bpm
Baseline,07:30,B-B 01,B-B,RBC,5.41,CBC,M/mL
Baseline,07:30,B-B 01,B-B,Hb,10.8,CBC,mg/dL
Baseline,07:30,B-B 01,B-B,HCT,33.7,CBC,mmHg
Baseline,07:30,B-B 01,B-B,PLT,35,CBC,10^3/uL
Baseline,07:30,B-B 01,B-B,WBC,5.7,CBC,10^3/uL
Baseline,07:30,B-B 01,B-B,X._Free_Hb,0,% Free Hb,%
Baseline,07:30,B-B 01,B-B,LAC,0.6,ABG,mmol/L
Baseline,07:30,B-B 01,B-B,pH,7.53,ABG,value
Baseline,07:30,B-B 01,B-B,pCO2,35.1,ABG,mmHg
Baseline,07:30,B-B 01,B-B,pO2,72.6,ABG,mmHg
Baseline,07:30,B-B 01,B-B,AST,30,CMP,U/L
Baseline,07:30,B-B 01,B-B,ALT,70,CMP,U/L
Baseline,07:30,B-B 01,B-B,LDH,77,CMP,U/L
Baseline,07:30,B-B 01,B-B,CREA,0.9,CMP,mg/dL
Baseline,07:30,B-B 01,B-B,BUN,10.16,CMP,mg/dL
Baseline,07:30,B-B 01,B-B,AMY,276,CMP,U/L
Baseline,07:30,B-B 01,B-B,TG,108.61,CMP,mg/dL
Baseline,07:30,B-B 01,B-B,GLU,154.28,CMP,mg/dL
Baseline,07:30,B-B 01,B-B,GGT,10,CMP,U/L
Baseline,07:30,B-B 01,B-B,APTT,139.9,Coag Panel,sec
Baseline,07:30,B-B 01,B-B,PT,18.2,Coag Panel,sec
Baseline,07:30,B-B 01,B-B,TT,17.1,Coag Panel,sec
Baseline,07:30,B-B 01,B-B,Fib,2.01,Coag Panel,g/L
EOS,10:37,B-B 01,B-B,MAP,64,MAP,mmHg
EOS,10:37,B-B 01,B-B,bpm,178,Heart rate,bpm
EOS,10:37,B-B 01,B-B,RBC,3.45,CBC,M/mL
EOS,10:37,B-B 01,B-B,Hb,6.9,CBC,mg/dL
EOS,10:37,B-B 01,B-B,HCT,21.2,CBC,mmHg
EOS,10:37,B-B 01,B-B,PLT,132,CBC,10^3/uL
EOS,10:37,B-B 01,B-B,WBC,6.9,CBC,10^3/uL
EOS,10:37,B-B 01,B-B,X._Free_Hb,0,% Free Hb,%
EOS,10:37,B-B 01,B-B,LAC,4.8,ABG,mmol/L
EOS,10:37,B-B 01,B-B,pH,7.504,ABG,value
EOS,10:37,B-B 01,B-B,pCO2,35.7,ABG,mmHg
EOS,10:37,B-B 01,B-B,pO2,93.3,ABG,mmHg
EOR,10:47,B-B 01,B-B,MAP,67,MAP,mmHg
EOR,10:47,B-B 01,B-B,bpm,174,Heart rate,bpm
EOR,10:47,B-B 01,B-B,RBC,3.93,CBC,M/mL
EOR,10:47,B-B 01,B-B,Hb,7.8,CBC,mg/dL
EOR,10:47,B-B 01,B-B,HCT,24.3,CBC,mmHg
EOR,10:47,B-B 01,B-B,PLT,197,CBC,10^3/uL
EOR,10:47,B-B 01,B-B,WBC,5.5,CBC,10^3/uL
EOR,10:47,B-B 01,B-B,X._Free_Hb,0,% Free Hb,%
EOR,10:47,B-B 01,B-B,LAC,3.8,ABG,mmol/L
EOR,10:47,B-B 01,B-B,pH,7.432,ABG,value
EOR,10:47,B-B 01,B-B,pCO2,43.2,ABG,mmHg
EOR,10:47,B-B 01,B-B,pO2,66.2,ABG,mmHg
EOR,10:47,B-B 01,B-B,AST,34,CMP,U/L
EOR,10:47,B-B 01,B-B,ALT,60,CMP,U/L
EOR,10:47,B-B 01,B-B,LDH,135,CMP,U/L
EOR,10:47,B-B 01,B-B,CREA,0.6,CMP,mg/dL
EOR,10:47,B-B 01,B-B,BUN,15.29,CMP,mg/dL
EOR,10:47,B-B 01,B-B,AMY,224,CMP,U/L
EOR,10:47,B-B 01,B-B,TG,117.09,CMP,mg/dL
EOR,10:47,B-B 01,B-B,GLU,330.67,CMP,mg/dL
EOR,10:47,B-B 01,B-B,GGT,7,CMP,U/L
EOR,10:47,B-B 01,B-B,APTT,12.9,Coag Panel,sec
EOR,10:47,B-B 01,B-B,PT,15.7,Coag Panel,sec
EOR,10:47,B-B 01,B-B,Fib,3.08,Coag Panel,g/L
10%,11:47,B-B 01,B-B,MAP,72,MAP,mmHg
10%,11:47,B-B 01,B-B,bpm,233,Heart rate,bpm
10%,11:47,B-B 01,B-B,LAC,1.1,ABG,mmol/L
10%,11:47,B-B 01,B-B,pH,7.525,ABG,value
10%,11:47,B-B 01,B-B,pCO2,44.1,ABG,mmHg
10%,11:47,B-B 01,B-B,pO2,69.8,ABG,mmHg
7.5%,12:47,B-B 01,B-B,MAP,73,MAP,mmHg
7.5%,12:47,B-B 01,B-B,bpm,233,Heart rate,bpm
7.5%,12:47,B-B 01,B-B,LAC,0.8,ABG,mmol/L
7.5%,12:47,B-B 01,B-B,pH,7.519,ABG,value
7.5%,12:47,B-B 01,B-B,pCO2,42.8,ABG,mmHg
7.5%,12:47,B-B 01,B-B,pO2,65.2,ABG,mmHg
5%,13:47,B-B 01,B-B,MAP,70,MAP,mmHg
5%,13:47,B-B 01,B-B,bpm,242,Heart rate,bpm
5%,13:47,B-B 01,B-B,LAC,0.7,ABG,mmol/L
5%,13:47,B-B 01,B-B,pH,7.51,ABG,value
5%,13:47,B-B 01,B-B,pCO2,39.7,ABG,mmHg
5%,13:47,B-B 01,B-B,pO2,86.1,ABG,mmHg
2.5%,14:47,B-B 01,B-B,MAP,70,MAP,mmHg
2.5%,14:47,B-B 01,B-B,bpm,233,Heart rate,bpm
2.5%,14:47,B-B 01,B-B,LAC,0.7,ABG,mmol/L
2.5%,14:47,B-B 01,B-B,pH,7.499,ABG,value
2.5%,14:47,B-B 01,B-B,pCO2,37.8,ABG,mmHg
2.5%,14:47,B-B 01,B-B,pO2,71.7,ABG,mmHg
EOB,14:57,B-B 01,B-B,MAP,66,MAP,mmHg
EOB,14:57,B-B 01,B-B,bpm,230,Heart rate,bpm
EOB,14:57,B-B 01,B-B,RBC,4.52,CBC,M/mL
EOB,14:57,B-B 01,B-B,Hb,8.8,CBC,mg/dL
EOB,14:57,B-B 01,B-B,HCT,28.2,CBC,mmHg
EOB,14:57,B-B 01,B-B,PLT,225,CBC,10^3/uL
EOB,14:57,B-B 01,B-B,WBC,5.4,CBC,10^3/uL
EOB,14:57,B-B 01,B-B,LAC,0.6,ABG,mmol/L
EOB,14:57,B-B 01,B-B,pH,7.488,ABG,value
EOB,14:57,B-B 01,B-B,pCO2,38.7,ABG,mmHg
EOB,14:57,B-B 01,B-B,pO2,79.4,ABG,mmHg
EOB,14:57,B-B 01,B-B,AST,48,CMP,U/L
EOB,14:57,B-B 01,B-B,ALT,70,CMP,U/L
EOB,14:57,B-B 01,B-B,LDH,115,CMP,U/L
EOB,14:57,B-B 01,B-B,CREA,0.6,CMP,mg/dL
EOB,14:57,B-B 01,B-B,BUN,14.72,CMP,mg/dL
EOB,14:57,B-B 01,B-B,AMY,258,CMP,U/L
EOB,14:57,B-B 01,B-B,TG,102.61,CMP,mg/dL
EOB,14:57,B-B 01,B-B,GLU,150.05,CMP,mg/dL
EOB,14:57,B-B 01,B-B,GGT,9,CMP,U/L
EOB,14:57,B-B 01,B-B,APTT,14.4,Coag Panel,sec
EOB,14:57,B-B 01,B-B,PT,14.9,Coag Panel,sec
EOB,14:57,B-B 01,B-B,TT,19.6,Coag Panel,sec
EOB,14:57,B-B 01,B-B,Fib,1.91,Coag Panel,g/L
24HR,10:47,B-B 01,B-B,MAP,90,MAP,mmHg
24HR,10:47,B-B 01,B-B,bpm,275,Heart rate,bpm
24HR,10:47,B-B 01,B-B,RBC,4.28,CBC,M/mL
24HR,10:47,B-B 01,B-B,Hb,8.4,CBC,mg/dL
24HR,10:47,B-B 01,B-B,HCT,26.5,CBC,mmHg
24HR,10:47,B-B 01,B-B,PLT,239,CBC,10^3/uL
24HR,10:47,B-B 01,B-B,WBC,8.2,CBC,10^3/uL
24HR,10:47,B-B 01,B-B,X._Free_Hb,0,% Free Hb,%
24HR,10:47,B-B 01,B-B,LAC,0.8,ABG,mmol/L
24HR,10:47,B-B 01,B-B,pH,7.506,ABG,value
24HR,10:47,B-B 01,B-B,pCO2,33.3,ABG,mmHg
24HR,10:47,B-B 01,B-B,pO2,89.6,ABG,mmHg
24HR,10:47,B-B 01,B-B,AST,38,CMP,U/L
24HR,10:47,B-B 01,B-B,ALT,95,CMP,U/L
24HR,10:47,B-B 01,B-B,LDH,265,CMP,U/L
24HR,10:47,B-B 01,B-B,CREA,0.6,CMP,mg/dL
24HR,10:47,B-B 01,B-B,BUN,11.76,CMP,mg/dL
24HR,10:47,B-B 01,B-B,AMY,357,CMP,U/L
24HR,10:47,B-B 01,B-B,TG,166.18,CMP,mg/dL
24HR,10:47,B-B 01,B-B,GLU,140.15,CMP,mg/dL
24HR,10:47,B-B 01,B-B,GGT,9,CMP,U/L
24HR,10:47,B-B 01,B-B,APTT,127.8,Coag Panel,sec
24HR,10:47,B-B 01,B-B,PT,8.2,Coag Panel,sec
24HR,10:47,B-B 01,B-B,TT,15.7,Coag Panel,sec
24HR,10:47,B-B 01,B-B,Fib,2.72,Coag Panel,g/L
48HR,10:47,B-B 01,B-B,MAP,88,MAP,mmHg
48HR,10:47,B-B 01,B-B,bpm,242,Heart rate,bpm
48HR,10:47,B-B 01,B-B,RBC,4.39,CBC,M/mL
48HR,10:47,B-B 01,B-B,Hb,8.7,CBC,mg/dL
48HR,10:47,B-B 01,B-B,HCT,27.8,CBC,mmHg
48HR,10:47,B-B 01,B-B,PLT,273,CBC,10^3/uL
48HR,10:47,B-B 01,B-B,WBC,9.7,CBC,10^3/uL
48HR,10:47,B-B 01,B-B,X._Free_Hb,0,% Free Hb,%
48HR,10:47,B-B 01,B-B,LAC,3.3,ABG,mmol/L
48HR,10:47,B-B 01,B-B,pH,7.441,ABG,value
48HR,10:47,B-B 01,B-B,pCO2,38.2,ABG,mmHg
48HR,10:47,B-B 01,B-B,pO2,31.8,ABG,mmHg
48HR,10:47,B-B 01,B-B,AST,16,CMP,U/L
48HR,10:47,B-B 01,B-B,ALT,76,CMP,U/L
48HR,10:47,B-B 01,B-B,LDH,185,CMP,U/L
48HR,10:47,B-B 01,B-B,CREA,0.7,CMP,mg/dL
48HR,10:47,B-B 01,B-B,BUN,10.83,CMP,mg/dL
48HR,10:47,B-B 01,B-B,AMY,313,CMP,U/L
48HR,10:47,B-B 01,B-B,TG,122.34,CMP,mg/dL
48HR,10:47,B-B 01,B-B,GLU,126.97,CMP,mg/dL
48HR,10:47,B-B 01,B-B,GGT,10,CMP,U/L
48HR,10:47,B-B 01,B-B,APTT,89.2,Coag Panel,sec
48HR,10:47,B-B 01,B-B,PT,29.6,Coag Panel,sec
48HR,10:47,B-B 01,B-B,Fib,3.84,Coag Panel,g/L
72HR,10:47,B-B 01,B-B,MAP,95,MAP,mmHg
72HR,10:47,B-B 01,B-B,bpm,245,Heart rate,bpm
72HR,10:47,B-B 01,B-B,RBC,4.59,CBC,M/mL
72HR,10:47,B-B 01,B-B,Hb,9.4,CBC,mg/dL
72HR,10:47,B-B 01,B-B,HCT,29.4,CBC,mmHg
72HR,10:47,B-B 01,B-B,PLT,223,CBC,10^3/uL
72HR,10:47,B-B 01,B-B,WBC,7.1,CBC,10^3/uL
72HR,10:47,B-B 01,B-B,X._Free_Hb,0,% Free Hb,%
72HR,10:47,B-B 01,B-B,LAC,3,ABG,mmol/L
72HR,10:47,B-B 01,B-B,pH,7.528,ABG,value
72HR,10:47,B-B 01,B-B,pCO2,32.7,ABG,mmHg
72HR,10:47,B-B 01,B-B,pO2,198,ABG,mmHg
72HR,10:47,B-B 01,B-B,AST,10,CMP,U/L
72HR,10:47,B-B 01,B-B,ALT,57,CMP,U/L
72HR,10:47,B-B 01,B-B,LDH,69,CMP,U/L
72HR,10:47,B-B 01,B-B,CREA,0.5,CMP,mg/dL
72HR,10:47,B-B 01,B-B,BUN,11.28,CMP,mg/dL
72HR,10:47,B-B 01,B-B,AMY,296,CMP,U/L
72HR,10:47,B-B 01,B-B,TG,114.07,CMP,mg/dL
72HR,10:47,B-B 01,B-B,GLU,145.67,CMP,mg/dL
72HR,10:47,B-B 01,B-B,GGT,8,CMP,U/L
72HR,10:47,B-B 01,B-B,APTT,132.9,Coag Panel,sec
72HR,10:47,B-B 01,B-B,PT,13,Coag Panel,sec
72HR,10:47,B-B 01,B-B,TT,20.5,Coag Panel,sec
72HR,10:47,B-B 01,B-B,Fib,2.43,Coag Panel,g/L
Baseline,07:45,B-B 02,B-B,MAP,75,MAP,mmHg
Baseline,07:45,B-B 02,B-B,bpm,260,Heart rate,bpm
Baseline,07:45,B-B 02,B-B,RBC,5.81,CBC,M/mL
Baseline,07:45,B-B 02,B-B,Hb,11.1,CBC,mg/dL
Baseline,07:45,B-B 02,B-B,HCT,35.7,CBC,mmHg
Baseline,07:45,B-B 02,B-B,PLT,51,CBC,10^3/uL
Baseline,07:45,B-B 02,B-B,WBC,7.8,CBC,10^3/uL
Baseline,07:45,B-B 02,B-B,X._Free_Hb,0,% Free Hb,%
Baseline,07:45,B-B 02,B-B,LAC,1.7,ABG,mmol/L
Baseline,07:45,B-B 02,B-B,pH,7.458,ABG,value
Baseline,07:45,B-B 02,B-B,pCO2,35.7,ABG,mmHg
Baseline,07:45,B-B 02,B-B,pO2,87.6,ABG,mmHg
Baseline,07:45,B-B 02,B-B,AST,56,CMP,U/L
Baseline,07:45,B-B 02,B-B,ALT,62,CMP,U/L
Baseline,07:45,B-B 02,B-B,LDH,173,CMP,U/L
Baseline,07:45,B-B 02,B-B,CREA,0.5,CMP,mg/dL
Baseline,07:45,B-B 02,B-B,BUN,11.28,CMP,mg/dL
Baseline,07:45,B-B 02,B-B,AMY,265,CMP,U/L
Baseline,07:45,B-B 02,B-B,TG,141.15,CMP,mg/dL
Baseline,07:45,B-B 02,B-B,GLU,162.94,CMP,mg/dL
Baseline,07:45,B-B 02,B-B,GGT,9,CMP,U/L
Baseline,07:45,B-B 02,B-B,APTT,140.3,Coag Panel,sec
Baseline,07:45,B-B 02,B-B,PT,18.9,Coag Panel,sec
Baseline,07:45,B-B 02,B-B,TT,15.6,Coag Panel,sec
Baseline,07:45,B-B 02,B-B,Fib,2.04,Coag Panel,g/L
EOS,10:23,B-B 02,B-B,MAP,65,MAP,mmHg
EOS,10:23,B-B 02,B-B,bpm,256,Heart rate,bpm
EOS,10:23,B-B 02,B-B,RBC,3.49,CBC,M/mL
EOS,10:23,B-B 02,B-B,Hb,6.7,CBC,mg/dL
EOS,10:23,B-B 02,B-B,HCT,21.2,CBC,mmHg
EOS,10:23,B-B 02,B-B,PLT,216,CBC,10^3/uL
EOS,10:23,B-B 02,B-B,WBC,7.5,CBC,10^3/uL
EOS,10:23,B-B 02,B-B,X._Free_Hb,0,% Free Hb,%
EOS,10:23,B-B 02,B-B,LAC,7.9,ABG,mmol/L
EOS,10:23,B-B 02,B-B,pH,7.383,ABG,value
EOS,10:23,B-B 02,B-B,pCO2,38.9,ABG,mmHg
EOS,10:23,B-B 02,B-B,pO2,88.5,ABG,mmHg
EOR,10:33,B-B 02,B-B,MAP,80,MAP,mmHg
EOR,10:33,B-B 02,B-B,bpm,237,Heart rate,bpm
EOR,10:33,B-B 02,B-B,RBC,4.25,CBC,M/mL
EOR,10:33,B-B 02,B-B,Hb,8,CBC,mg/dL
EOR,10:33,B-B 02,B-B,HCT,26,CBC,mmHg
EOR,10:33,B-B 02,B-B,PLT,194,CBC,10^3/uL
EOR,10:33,B-B 02,B-B,WBC,8,CBC,10^3/uL
EOR,10:33,B-B 02,B-B,X._Free_Hb,0,% Free Hb,%
EOR,10:33,B-B 02,B-B,LAC,6.9,ABG,mmol/L
EOR,10:33,B-B 02,B-B,pH,7.375,ABG,value
EOR,10:33,B-B 02,B-B,pCO2,39.1,ABG,mmHg
EOR,10:33,B-B 02,B-B,pO2,83.7,ABG,mmHg
EOR,10:33,B-B 02,B-B,AST,52,CMP,U/L
EOR,10:33,B-B 02,B-B,ALT,46,CMP,U/L
EOR,10:33,B-B 02,B-B,LDH,158,CMP,U/L
EOR,10:33,B-B 02,B-B,CREA,0.6,CMP,mg/dL
EOR,10:33,B-B 02,B-B,BUN,16.39,CMP,mg/dL
EOR,10:33,B-B 02,B-B,AMY,220,CMP,U/L
EOR,10:33,B-B 02,B-B,TG,165.24,CMP,mg/dL
EOR,10:33,B-B 02,B-B,GLU,323.5,CMP,mg/dL
EOR,10:33,B-B 02,B-B,GGT,8,CMP,U/L
EOR,10:33,B-B 02,B-B,APTT,14.6,Coag Panel,sec
EOR,10:33,B-B 02,B-B,PT,22,Coag Panel,sec
EOR,10:33,B-B 02,B-B,Fib,4.2,Coag Panel,g/L
10%,11:33,B-B 02,B-B,MAP,52,MAP,mmHg
10%,11:33,B-B 02,B-B,bpm,260,Heart rate,bpm
10%,11:33,B-B 02,B-B,LAC,1.8,ABG,mmol/L
10%,11:33,B-B 02,B-B,pH,7.489,ABG,value
10%,11:33,B-B 02,B-B,pCO2,38.7,ABG,mmHg
10%,11:33,B-B 02,B-B,pO2,81,ABG,mmHg
7.5%,12:33,B-B 02,B-B,MAP,51,MAP,mmHg
7.5%,12:33,B-B 02,B-B,bpm,262,Heart rate,bpm
7.5%,12:33,B-B 02,B-B,LAC,1.4,ABG,mmol/L
7.5%,12:33,B-B 02,B-B,pH,7.452,ABG,value
7.5%,12:33,B-B 02,B-B,pCO2,36.1,ABG,mmHg
7.5%,12:33,B-B 02,B-B,pO2,82.1,ABG,mmHg
5%,01:33,B-B 02,B-B,MAP,64,MAP,mmHg
5%,01:33,B-B 02,B-B,bpm,260,Heart rate,bpm
5%,01:33,B-B 02,B-B,LAC,0.7,ABG,mmol/L
5%,01:33,B-B 02,B-B,pH,7.472,ABG,value
5%,01:33,B-B 02,B-B,pCO2,36.6,ABG,mmHg
5%,01:33,B-B 02,B-B,pO2,82.5,ABG,mmHg
2.5%,02:33,B-B 02,B-B,MAP,62,MAP,mmHg
2.5%,02:33,B-B 02,B-B,bpm,263,Heart rate,bpm
2.5%,02:33,B-B 02,B-B,LAC,1.4,ABG,mmol/L
2.5%,02:33,B-B 02,B-B,pH,7.497,ABG,value
2.5%,02:33,B-B 02,B-B,pCO2,34.1,ABG,mmHg
2.5%,02:33,B-B 02,B-B,pO2,90.1,ABG,mmHg
EOB,02:40,B-B 02,B-B,MAP,79,MAP,mmHg
EOB,02:40,B-B 02,B-B,bpm,280,Heart rate,bpm
EOB,02:40,B-B 02,B-B,RBC,4.67,CBC,M/mL
EOB,02:40,B-B 02,B-B,Hb,8.9,CBC,mg/dL
EOB,02:40,B-B 02,B-B,HCT,28.5,CBC,mmHg
EOB,02:40,B-B 02,B-B,PLT,217,CBC,10^3/uL
EOB,02:40,B-B 02,B-B,WBC,10.3,CBC,10^3/uL
EOB,02:40,B-B 02,B-B,X._Free_Hb,0,% Free Hb,%
EOB,02:40,B-B 02,B-B,LAC,1.4,ABG,mmol/L
EOB,02:40,B-B 02,B-B,pH,7.479,ABG,value
EOB,02:40,B-B 02,B-B,pCO2,36.6,ABG,mmHg
EOB,02:40,B-B 02,B-B,pO2,80.8,ABG,mmHg
EOB,02:40,B-B 02,B-B,AST,69,CMP,U/L
EOB,02:40,B-B 02,B-B,ALT,63,CMP,U/L
EOB,02:40,B-B 02,B-B,LDH,139,CMP,U/L
EOB,02:40,B-B 02,B-B,CREA,0.5,CMP,mg/dL
EOB,02:40,B-B 02,B-B,BUN,13.3,CMP,mg/dL
EOB,02:40,B-B 02,B-B,AMY,297,CMP,U/L
EOB,02:40,B-B 02,B-B,TG,183.28,CMP,mg/dL
EOB,02:40,B-B 02,B-B,GLU,156.51,CMP,mg/dL
EOB,02:40,B-B 02,B-B,GGT,9,CMP,U/L
EOB,02:40,B-B 02,B-B,APTT,135.1,Coag Panel,sec
EOB,02:40,B-B 02,B-B,PT,10.9,Coag Panel,sec
EOB,02:40,B-B 02,B-B,TT,26.1,Coag Panel,sec
EOB,02:40,B-B 02,B-B,Fib,2.41,Coag Panel,g/L
24HR,10:33,B-B 02,B-B,MAP,77,MAP,mmHg
24HR,10:33,B-B 02,B-B,bpm,269,Heart rate,bpm
24HR,10:33,B-B 02,B-B,RBC,5.01,CBC,M/mL
24HR,10:33,B-B 02,B-B,Hb,9.5,CBC,mg/dL
24HR,10:33,B-B 02,B-B,HCT,30.6,CBC,mmHg
24HR,10:33,B-B 02,B-B,PLT,63,CBC,10^3/uL
24HR,10:33,B-B 02,B-B,WBC,6.7,CBC,10^3/uL
24HR,10:33,B-B 02,B-B,X._Free_Hb,0,% Free Hb,%
24HR,10:33,B-B 02,B-B,LAC,1.8,ABG,mmol/L
24HR,10:33,B-B 02,B-B,pH,7.413,ABG,value
24HR,10:33,B-B 02,B-B,pCO2,45.5,ABG,mmHg
24HR,10:33,B-B 02,B-B,pO2,33.6,ABG,mmHg
24HR,10:33,B-B 02,B-B,AST,30,CMP,U/L
24HR,10:33,B-B 02,B-B,ALT,57,CMP,U/L
24HR,10:33,B-B 02,B-B,LDH,138,CMP,U/L
24HR,10:33,B-B 02,B-B,CREA,0.4,CMP,mg/dL
24HR,10:33,B-B 02,B-B,BUN,10.84,CMP,mg/dL
24HR,10:33,B-B 02,B-B,AMY,345,CMP,U/L
24HR,10:33,B-B 02,B-B,TG,276.18,CMP,mg/dL
24HR,10:33,B-B 02,B-B,GLU,140.98,CMP,mg/dL
24HR,10:33,B-B 02,B-B,GGT,9,CMP,U/L
24HR,10:33,B-B 02,B-B,APTT,11.4,Coag Panel,sec
24HR,10:33,B-B 02,B-B,PT,14.8,Coag Panel,sec
24HR,10:33,B-B 02,B-B,TT,9.9,Coag Panel,sec
24HR,10:33,B-B 02,B-B,Fib,1.37,Coag Panel,g/L
48HR,10:33,B-B 02,B-B,MAP,67,MAP,mmHg
48HR,10:33,B-B 02,B-B,bpm,267,Heart rate,bpm
48HR,10:33,B-B 02,B-B,RBC,4.86,CBC,M/mL
48HR,10:33,B-B 02,B-B,Hb,9.5,CBC,mg/dL
48HR,10:33,B-B 02,B-B,HCT,30.1,CBC,mmHg
48HR,10:33,B-B 02,B-B,PLT,132,CBC,10^3/uL
48HR,10:33,B-B 02,B-B,WBC,9.8,CBC,10^3/uL
48HR,10:33,B-B 02,B-B,X._Free_Hb,0,% Free Hb,%
48HR,10:33,B-B 02,B-B,LAC,0.7,ABG,mmol/L
48HR,10:33,B-B 02,B-B,pH,7.427,ABG,value
48HR,10:33,B-B 02,B-B,pCO2,43.7,ABG,mmHg
48HR,10:33,B-B 02,B-B,pO2,33.2,ABG,mmHg
48HR,10:33,B-B 02,B-B,AST,18,CMP,U/L
48HR,10:33,B-B 02,B-B,ALT,39,CMP,U/L
48HR,10:33,B-B 02,B-B,LDH,165,CMP,U/L
48HR,10:33,B-B 02,B-B,CREA,0.5,CMP,mg/dL
48HR,10:33,B-B 02,B-B,BUN,11.57,CMP,mg/dL
48HR,10:33,B-B 02,B-B,AMY,287,CMP,U/L
48HR,10:33,B-B 02,B-B,TG,115.6,CMP,mg/dL
48HR,10:33,B-B 02,B-B,GLU,131.86,CMP,mg/dL
48HR,10:33,B-B 02,B-B,GGT,10,CMP,U/L
48HR,10:33,B-B 02,B-B,APTT,140.6,Coag Panel,sec
48HR,10:33,B-B 02,B-B,PT,17.6,Coag Panel,sec
48HR,10:33,B-B 02,B-B,TT,58.5,Coag Panel,sec
48HR,10:33,B-B 02,B-B,Fib,3.26,Coag Panel,g/L
72HR,10:33,B-B 02,B-B,MAP,65,MAP,mmHg
72HR,10:33,B-B 02,B-B,bpm,260,Heart rate,bpm
72HR,10:33,B-B 02,B-B,RBC,4.43,CBC,M/mL
72HR,10:33,B-B 02,B-B,Hb,8.7,CBC,mg/dL
72HR,10:33,B-B 02,B-B,HCT,27.6,CBC,mmHg
72HR,10:33,B-B 02,B-B,PLT,116,CBC,10^3/uL
72HR,10:33,B-B 02,B-B,WBC,3.3,CBC,10^3/uL
72HR,10:33,B-B 02,B-B,X._Free_Hb,0,% Free Hb,%
72HR,10:33,B-B 02,B-B,LAC,4.3,ABG,mmol/L
72HR,10:33,B-B 02,B-B,pH,7.583,ABG,value
72HR,10:33,B-B 02,B-B,pCO2,30.3,ABG,mmHg
72HR,10:33,B-B 02,B-B,pO2,88.6,ABG,mmHg
72HR,10:33,B-B 02,B-B,AST,9,CMP,U/L
72HR,10:33,B-B 02,B-B,ALT,30,CMP,U/L
72HR,10:33,B-B 02,B-B,LDH,55,CMP,U/L
72HR,10:33,B-B 02,B-B,CREA,0.6,CMP,mg/dL
72HR,10:33,B-B 02,B-B,BUN,11.69,CMP,mg/dL
72HR,10:33,B-B 02,B-B,AMY,267,CMP,U/L
72HR,10:33,B-B 02,B-B,TG,88.73,CMP,mg/dL
72HR,10:33,B-B 02,B-B,GLU,148.54,CMP,mg/dL
72HR,10:33,B-B 02,B-B,GGT,9,CMP,U/L
72HR,10:33,B-B 02,B-B,APTT,139.8,Coag Panel,sec
72HR,10:33,B-B 02,B-B,PT,13.5,Coag Panel,sec
72HR,10:33,B-B 02,B-B,TT,40.2,Coag Panel,sec
72HR,10:33,B-B 02,B-B,Fib,2.12,Coag Panel,g/L
Baseline,08:00,B-B 03,B-B,MAP,66,MAP,mmHg
Baseline,08:00,B-B 03,B-B,bpm,271,Heart rate,bpm
Baseline,08:00,B-B 03,B-B,RBC,5.17,CBC,M/mL
Baseline,08:00,B-B 03,B-B,Hb,11,CBC,mg/dL
Baseline,08:00,B-B 03,B-B,HCT,34.6,CBC,mmHg
Baseline,08:00,B-B 03,B-B,PLT,170,CBC,10^3/uL
Baseline,08:00,B-B 03,B-B,WBC,7.6,CBC,10^3/uL
Baseline,08:00,B-B 03,B-B,X._Free_Hb,0,% Free Hb,%
Baseline,08:00,B-B 03,B-B,LAC,1.4,ABG,mmol/L
Baseline,08:00,B-B 03,B-B,pH,7.466,ABG,value
Baseline,08:00,B-B 03,B-B,pCO2,37.7,ABG,mmHg
Baseline,08:00,B-B 03,B-B,pO2,91.5,ABG,mmHg
Baseline,08:00,B-B 03,B-B,AST,39,CMP,U/L
Baseline,08:00,B-B 03,B-B,ALT,39,CMP,U/L
Baseline,08:00,B-B 03,B-B,LDH,155,CMP,U/L
Baseline,08:00,B-B 03,B-B,CREA,0.2,CMP,mg/dL
Baseline,08:00,B-B 03,B-B,BUN,11.02,CMP,mg/dL
Baseline,08:00,B-B 03,B-B,AMY,262,CMP,U/L
Baseline,08:00,B-B 03,B-B,TG,141.15,CMP,mg/dL
Baseline,08:00,B-B 03,B-B,GLU,157.41,CMP,mg/dL
Baseline,08:00,B-B 03,B-B,GGT,8,CMP,U/L
Baseline,08:00,B-B 03,B-B,APTT,141.8,Coag Panel,sec
Baseline,08:00,B-B 03,B-B,PT,20.5,Coag Panel,sec
Baseline,08:00,B-B 03,B-B,TT,19.9,Coag Panel,sec
Baseline,08:00,B-B 03,B-B,Fib,1.58,Coag Panel,g/L
EOS,10:56,B-B 03,B-B,MAP,33,MAP,mmHg
EOS,10:56,B-B 03,B-B,bpm,207,Heart rate,bpm
EOS,10:56,B-B 03,B-B,RBC,4.5,CBC,M/mL
EOS,10:56,B-B 03,B-B,Hb,9.9,CBC,mg/dL
EOS,10:56,B-B 03,B-B,HCT,30.1,CBC,mmHg
EOS,10:56,B-B 03,B-B,PLT,55,CBC,10^3/uL
EOS,10:56,B-B 03,B-B,WBC,3.9,CBC,10^3/uL
EOS,10:56,B-B 03,B-B,X._Free_Hb,0,% Free Hb,%
EOS,10:56,B-B 03,B-B,LAC,6.2,ABG,mmol/L
EOS,10:56,B-B 03,B-B,pH,7.41,ABG,value
EOS,10:56,B-B 03,B-B,pCO2,43.7,ABG,mmHg
EOS,10:56,B-B 03,B-B,pO2,89.7,ABG,mmHg
EOR,11:06,B-B 03,B-B,MAP,83,MAP,mmHg
EOR,11:06,B-B 03,B-B,bpm,194,Heart rate,bpm
EOR,11:06,B-B 03,B-B,RBC,3.96,CBC,M/mL
EOR,11:06,B-B 03,B-B,Hb,8.5,CBC,mg/dL
EOR,11:06,B-B 03,B-B,HCT,26.5,CBC,mmHg
EOR,11:06,B-B 03,B-B,PLT,139,CBC,10^3/uL
EOR,11:06,B-B 03,B-B,WBC,3.7,CBC,10^3/uL
EOR,11:06,B-B 03,B-B,X._Free_Hb,0,% Free Hb,%
EOR,11:06,B-B 03,B-B,LAC,5,ABG,mmol/L
EOR,11:06,B-B 03,B-B,pH,7.379,ABG,value
EOR,11:06,B-B 03,B-B,pCO2,46.5,ABG,mmHg
EOR,11:06,B-B 03,B-B,pO2,79.9,ABG,mmHg
EOR,11:06,B-B 03,B-B,AST,39,CMP,U/L
EOR,11:06,B-B 03,B-B,ALT,33,CMP,U/L
EOR,11:06,B-B 03,B-B,LDH,177,CMP,U/L
EOR,11:06,B-B 03,B-B,CREA,0.4,CMP,mg/dL
EOR,11:06,B-B 03,B-B,BUN,17.86,CMP,mg/dL
EOR,11:06,B-B 03,B-B,AMY,191,CMP,U/L
EOR,11:06,B-B 03,B-B,TG,169.71,CMP,mg/dL
EOR,11:06,B-B 03,B-B,GLU,342.02,CMP,mg/dL
EOR,11:06,B-B 03,B-B,GGT,6,CMP,U/L
EOR,11:06,B-B 03,B-B,PT,19.1,Coag Panel,sec
EOR,11:06,B-B 03,B-B,Fib,1.66,Coag Panel,g/L
10%,12:06,B-B 03,B-B,MAP,65,MAP,mmHg
10%,12:06,B-B 03,B-B,bpm,220,Heart rate,bpm
10%,12:06,B-B 03,B-B,LAC,3.9,ABG,mmol/L
10%,12:06,B-B 03,B-B,pH,7.509,ABG,value
10%,12:06,B-B 03,B-B,pCO2,38.1,ABG,mmHg
10%,12:06,B-B 03,B-B,pO2,105,ABG,mmHg
7.5%,13:06,B-B 03,B-B,MAP,70,MAP,mmHg
7.5%,13:06,B-B 03,B-B,bpm,268,Heart rate,bpm
7.5%,13:06,B-B 03,B-B,LAC,3.6,ABG,mmol/L
7.5%,13:06,B-B 03,B-B,pH,7.488,ABG,value
7.5%,13:06,B-B 03,B-B,pCO2,37,ABG,mmHg
7.5%,13:06,B-B 03,B-B,pO2,95.5,ABG,mmHg
5%,14:06,B-B 03,B-B,MAP,71,MAP,mmHg
5%,14:06,B-B 03,B-B,bpm,292,Heart rate,bpm
5%,14:06,B-B 03,B-B,LAC,3,ABG,mmol/L
5%,14:06,B-B 03,B-B,pH,7.462,ABG,value
5%,14:06,B-B 03,B-B,pCO2,36.2,ABG,mmHg
5%,14:06,B-B 03,B-B,pO2,91.9,ABG,mmHg
2.5%,15:06,B-B 03,B-B,MAP,65,MAP,mmHg
2.5%,15:06,B-B 03,B-B,bpm,284,Heart rate,bpm
2.5%,15:06,B-B 03,B-B,LAC,1.8,ABG,mmol/L
2.5%,15:06,B-B 03,B-B,pH,7.492,ABG,value
2.5%,15:06,B-B 03,B-B,pCO2,34,ABG,mmHg
2.5%,15:06,B-B 03,B-B,pO2,96.7,ABG,mmHg
EOB,15:06,B-B 03,B-B,MAP,71,MAP,mmHg
EOB,15:06,B-B 03,B-B,bpm,289,Heart rate,bpm
EOB,15:06,B-B 03,B-B,RBC,4.25,CBC,M/mL
EOB,15:06,B-B 03,B-B,Hb,9.1,CBC,mg/dL
EOB,15:06,B-B 03,B-B,HCT,28.7,CBC,mmHg
EOB,15:06,B-B 03,B-B,PLT,146,CBC,10^3/uL
EOB,15:06,B-B 03,B-B,WBC,7.4,CBC,10^3/uL
EOB,15:06,B-B 03,B-B,X._Free_Hb,0,% Free Hb,%
EOB,15:06,B-B 03,B-B,LAC,1.9,ABG,mmol/L
EOB,15:06,B-B 03,B-B,pH,7.475,ABG,value
EOB,15:06,B-B 03,B-B,pCO2,37.5,ABG,mmHg
EOB,15:06,B-B 03,B-B,pO2,85.1,ABG,mmHg
EOB,15:06,B-B 03,B-B,AST,54,CMP,U/L
EOB,15:06,B-B 03,B-B,ALT,47,CMP,U/L
EOB,15:06,B-B 03,B-B,LDH,87,CMP,U/L
EOB,15:06,B-B 03,B-B,CREA,0.3,CMP,mg/dL
EOB,15:06,B-B 03,B-B,BUN,16.85,CMP,mg/dL
EOB,15:06,B-B 03,B-B,AMY,208,CMP,U/L
EOB,15:06,B-B 03,B-B,TG,89.48,CMP,mg/dL
EOB,15:06,B-B 03,B-B,GLU,125.53,CMP,mg/dL
EOB,15:06,B-B 03,B-B,GGT,7,CMP,U/L
EOB,15:06,B-B 03,B-B,APTT,137.6,Coag Panel,sec
EOB,15:06,B-B 03,B-B,PT,14.9,Coag Panel,sec
EOB,15:06,B-B 03,B-B,TT,20.6,Coag Panel,sec
EOB,15:06,B-B 03,B-B,Fib,1.45,Coag Panel,g/L
24HR,11:06,B-B 03,B-B,MAP,75,MAP,mmHg
24HR,11:06,B-B 03,B-B,bpm,264,Heart rate,bpm
24HR,11:06,B-B 03,B-B,RBC,4.48,CBC,M/mL
24HR,11:06,B-B 03,B-B,Hb,10.1,CBC,mg/dL
24HR,11:06,B-B 03,B-B,HCT,30.3,CBC,mmHg
24HR,11:06,B-B 03,B-B,PLT,22,CBC,10^3/uL
24HR,11:06,B-B 03,B-B,WBC,4.4,CBC,10^3/uL
24HR,11:06,B-B 03,B-B,X._Free_Hb,0,% Free Hb,%
24HR,11:06,B-B 03,B-B,LAC,3.2,ABG,mmol/L
24HR,11:06,B-B 03,B-B,pH,7.447,ABG,value
24HR,11:06,B-B 03,B-B,pCO2,38.9,ABG,mmHg
24HR,11:06,B-B 03,B-B,pO2,83.8,ABG,mmHg
24HR,11:06,B-B 03,B-B,AST,35,CMP,U/L
24HR,11:06,B-B 03,B-B,ALT,52,CMP,U/L
24HR,11:06,B-B 03,B-B,LDH,117,CMP,U/L
24HR,11:06,B-B 03,B-B,CREA,0.6,CMP,mg/dL
24HR,11:06,B-B 03,B-B,BUN,8.76,CMP,mg/dL
24HR,11:06,B-B 03,B-B,AMY,226,CMP,U/L
24HR,11:06,B-B 03,B-B,TG,58.9,CMP,mg/dL
24HR,11:06,B-B 03,B-B,GLU,147.11,CMP,mg/dL
24HR,11:06,B-B 03,B-B,GGT,7,CMP,U/L
24HR,11:06,B-B 03,B-B,APTT,127.6,Coag Panel,sec
24HR,11:06,B-B 03,B-B,PT,12.4,Coag Panel,sec
24HR,11:06,B-B 03,B-B,TT,21.7,Coag Panel,sec
24HR,11:06,B-B 03,B-B,Fib,1.97,Coag Panel,g/L
48HR,11:06,B-B 03,B-B,MAP,61,MAP,mmHg
48HR,11:06,B-B 03,B-B,bpm,225,Heart rate,bpm
48HR,11:06,B-B 03,B-B,RBC,4.69,CBC,M/mL
48HR,11:06,B-B 03,B-B,Hb,10,CBC,mg/dL
48HR,11:06,B-B 03,B-B,HCT,31.7,CBC,mmHg
48HR,11:06,B-B 03,B-B,PLT,74,CBC,10^3/uL
48HR,11:06,B-B 03,B-B,WBC,6.3,CBC,10^3/uL
48HR,11:06,B-B 03,B-B,X._Free_Hb,0,% Free Hb,%
48HR,11:06,B-B 03,B-B,LAC,2.8,ABG,mmol/L
48HR,11:06,B-B 03,B-B,pH,7.425,ABG,value
48HR,11:06,B-B 03,B-B,pCO2,44,ABG,mmHg
48HR,11:06,B-B 03,B-B,pO2,71.8,ABG,mmHg
48HR,11:06,B-B 03,B-B,AST,27,CMP,U/L
48HR,11:06,B-B 03,B-B,ALT,91,CMP,U/L
48HR,11:06,B-B 03,B-B,LDH,96,CMP,U/L
48HR,11:06,B-B 03,B-B,CREA,0.8,CMP,mg/dL
48HR,11:06,B-B 03,B-B,BUN,13.61,CMP,mg/dL
48HR,11:06,B-B 03,B-B,AMY,243,CMP,U/L
48HR,11:06,B-B 03,B-B,TG,74.37,CMP,mg/dL
48HR,11:06,B-B 03,B-B,GLU,133.29,CMP,mg/dL
48HR,11:06,B-B 03,B-B,GGT,11,CMP,U/L
48HR,11:06,B-B 03,B-B,APTT,131.8,Coag Panel,sec
48HR,11:06,B-B 03,B-B,PT,21.5,Coag Panel,sec
48HR,11:06,B-B 03,B-B,TT,92.2,Coag Panel,sec
48HR,11:06,B-B 03,B-B,Fib,2.36,Coag Panel,g/L
Baseline,06:55,B-B 04,B-B,MAP,73,MAP,mmHg
Baseline,06:55,B-B 04,B-B,bpm,294,Heart rate,bpm
Baseline,06:55,B-B 04,B-B,RBC,5.6,CBC,M/mL
Baseline,06:55,B-B 04,B-B,Hb,12,CBC,mg/dL
Baseline,06:55,B-B 04,B-B,HCT,36.9,CBC,mmHg
Baseline,06:55,B-B 04,B-B,PLT,9,CBC,10^3/uL
Baseline,06:55,B-B 04,B-B,WBC,3.8,CBC,10^3/uL
Baseline,06:55,B-B 04,B-B,X._Free_Hb,0,% Free Hb,%
Baseline,06:55,B-B 04,B-B,LAC,3.5,ABG,mmol/L
Baseline,06:55,B-B 04,B-B,pH,7.484,ABG,value
Baseline,06:55,B-B 04,B-B,pCO2,40.4,ABG,mmHg
Baseline,06:55,B-B 04,B-B,pO2,83.8,ABG,mmHg
Baseline,06:55,B-B 04,B-B,AST,34,CMP,U/L
Baseline,06:55,B-B 04,B-B,ALT,40,CMP,U/L
Baseline,06:55,B-B 04,B-B,LDH,133,CMP,U/L
Baseline,06:55,B-B 04,B-B,CREA,0.4,CMP,mg/dL
Baseline,06:55,B-B 04,B-B,BUN,12.74,CMP,mg/dL
Baseline,06:55,B-B 04,B-B,AMY,278,CMP,U/L
Baseline,06:55,B-B 04,B-B,TG,415.7,CMP,mg/dL
Baseline,06:55,B-B 04,B-B,GLU,147.26,CMP,mg/dL
Baseline,06:55,B-B 04,B-B,GGT,12,CMP,U/L
Baseline,06:55,B-B 04,B-B,APTT,126.6,Coag Panel,sec
Baseline,06:55,B-B 04,B-B,PT,20.6,Coag Panel,sec
Baseline,06:55,B-B 04,B-B,Fib,0.54,Coag Panel,g/L
EOS,10:46,B-B 04,B-B,MAP,30,MAP,mmHg
EOS,10:46,B-B 04,B-B,bpm,247,Heart rate,bpm
EOS,10:46,B-B 04,B-B,RBC,3.63,CBC,M/mL
EOS,10:46,B-B 04,B-B,Hb,7.7,CBC,mg/dL
EOS,10:46,B-B 04,B-B,HCT,23.7,CBC,mmHg
EOS,10:46,B-B 04,B-B,PLT,101,CBC,10^3/uL
EOS,10:46,B-B 04,B-B,WBC,3,CBC,10^3/uL
EOS,10:46,B-B 04,B-B,X._Free_Hb,0,% Free Hb,%
EOS,10:46,B-B 04,B-B,LAC,12.8,ABG,mmol/L
EOS,10:46,B-B 04,B-B,pH,7.176,ABG,value
EOS,10:46,B-B 04,B-B,pCO2,58,ABG,mmHg
EOS,10:46,B-B 04,B-B,pO2,93.9,ABG,mmHg
EOR,10:56,B-B 04,B-B,MAP,78,MAP,mmHg
EOR,10:56,B-B 04,B-B,bpm,269,Heart rate,bpm
EOR,10:56,B-B 04,B-B,RBC,4.22,CBC,M/mL
EOR,10:56,B-B 04,B-B,Hb,8.9,CBC,mg/dL
EOR,10:56,B-B 04,B-B,HCT,27.7,CBC,mmHg
EOR,10:56,B-B 04,B-B,PLT,55,CBC,10^3/uL
EOR,10:56,B-B 04,B-B,WBC,5.6,CBC,10^3/uL
EOR,10:56,B-B 04,B-B,X._Free_Hb,0,% Free Hb,%
EOR,10:56,B-B 04,B-B,LAC,13.2,ABG,mmol/L
EOR,10:56,B-B 04,B-B,pH,7.337,ABG,value
EOR,10:56,B-B 04,B-B,pCO2,46.1,ABG,mmHg
EOR,10:56,B-B 04,B-B,pO2,70.6,ABG,mmHg
EOR,10:56,B-B 04,B-B,AST,47,CMP,U/L
EOR,10:56,B-B 04,B-B,ALT,36,CMP,U/L
EOR,10:56,B-B 04,B-B,LDH,143,CMP,U/L
EOR,10:56,B-B 04,B-B,CREA,1,CMP,mg/dL
EOR,10:56,B-B 04,B-B,BUN,18.83,CMP,mg/dL
EOR,10:56,B-B 04,B-B,AMY,232,CMP,U/L
EOR,10:56,B-B 04,B-B,TG,307.77,CMP,mg/dL
EOR,10:56,B-B 04,B-B,GLU,339.31,CMP,mg/dL
EOR,10:56,B-B 04,B-B,GGT,10,CMP,U/L
EOR,10:56,B-B 04,B-B,APTT,11.1,Coag Panel,sec
EOR,10:56,B-B 04,B-B,PT,14.5,Coag Panel,sec
EOR,10:56,B-B 04,B-B,Fib,3.83,Coag Panel,g/L
10%,11:56,B-B 04,B-B,MAP,45,MAP,mmHg
10%,11:56,B-B 04,B-B,bpm,173,Heart rate,bpm
10%,11:56,B-B 04,B-B,LAC,8,ABG,mmol/L
10%,11:56,B-B 04,B-B,pH,7.493,ABG,value
10%,11:56,B-B 04,B-B,pCO2,43.9,ABG,mmHg
10%,11:56,B-B 04,B-B,pO2,79.1,ABG,mmHg
7.5%,12:56,B-B 04,B-B,MAP,61,MAP,mmHg
7.5%,12:56,B-B 04,B-B,bpm,282,Heart rate,bpm
7.5%,12:56,B-B 04,B-B,LAC,4.6,ABG,mmol/L
7.5%,12:56,B-B 04,B-B,pH,7.494,ABG,value
7.5%,12:56,B-B 04,B-B,pCO2,40.6,ABG,mmHg
7.5%,12:56,B-B 04,B-B,pO2,107,ABG,mmHg
5%,13:56,B-B 04,B-B,MAP,63,MAP,mmHg
5%,13:56,B-B 04,B-B,bpm,263,Heart rate,bpm
5%,13:56,B-B 04,B-B,LAC,3.3,ABG,mmol/L
5%,13:56,B-B 04,B-B,pH,7.447,ABG,value
5%,13:56,B-B 04,B-B,pCO2,41.3,ABG,mmHg
5%,13:56,B-B 04,B-B,pO2,89.2,ABG,mmHg
2.5%,14:56,B-B 04,B-B,MAP,67,MAP,mmHg
2.5%,14:56,B-B 04,B-B,bpm,285,Heart rate,bpm
2.5%,14:56,B-B 04,B-B,pH,7.263,ABG,value
2.5%,14:56,B-B 04,B-B,pCO2,53.2,ABG,mmHg
2.5%,14:56,B-B 04,B-B,pO2,104,ABG,mmHg
EOB,15:56,B-B 04,B-B,MAP,65,MAP,mmHg
EOB,15:56,B-B 04,B-B,bpm,271,Heart rate,bpm
EOB,15:56,B-B 04,B-B,RBC,4.5,CBC,M/mL
EOB,15:56,B-B 04,B-B,Hb,9.4,CBC,mg/dL
EOB,15:56,B-B 04,B-B,HCT,29.3,CBC,mmHg
EOB,15:56,B-B 04,B-B,PLT,64,CBC,10^3/uL
EOB,15:56,B-B 04,B-B,WBC,6,CBC,10^3/uL
EOB,15:56,B-B 04,B-B,X._Free_Hb,0,% Free Hb,%
EOB,15:56,B-B 04,B-B,LAC,3.3,ABG,mmol/L
EOB,15:56,B-B 04,B-B,pH,7.482,ABG,value
EOB,15:56,B-B 04,B-B,pCO2,38.8,ABG,mmHg
EOB,15:56,B-B 04,B-B,pO2,89.3,ABG,mmHg
EOB,15:56,B-B 04,B-B,AST,99,CMP,U/L
EOB,15:56,B-B 04,B-B,ALT,55,CMP,U/L
EOB,15:56,B-B 04,B-B,LDH,294,CMP,U/L
EOB,15:56,B-B 04,B-B,CREA,0.4,CMP,mg/dL
EOB,15:56,B-B 04,B-B,BUN,19.49,CMP,mg/dL
EOB,15:56,B-B 04,B-B,AMY,226,CMP,U/L
EOB,15:56,B-B 04,B-B,TG,272.69,CMP,mg/dL
EOB,15:56,B-B 04,B-B,GLU,147.76,CMP,mg/dL
EOB,15:56,B-B 04,B-B,GGT,9,CMP,U/L
EOB,15:56,B-B 04,B-B,PT,16.1,Coag Panel,sec
EOB,15:56,B-B 04,B-B,Fib,3.75,Coag Panel,g/L
24HR,10:56,B-B 04,B-B,MAP,77,MAP,mmHg
24HR,10:56,B-B 04,B-B,bpm,246,Heart rate,bpm
24HR,10:56,B-B 04,B-B,RBC,4.61,CBC,M/mL
24HR,10:56,B-B 04,B-B,Hb,9.9,CBC,mg/dL
24HR,10:56,B-B 04,B-B,HCT,30.3,CBC,mmHg
24HR,10:56,B-B 04,B-B,PLT,23,CBC,10^3/uL
24HR,10:56,B-B 04,B-B,WBC,3.5,CBC,10^3/uL
24HR,10:56,B-B 04,B-B,X._Free_Hb,0,% Free Hb,%
24HR,10:56,B-B 04,B-B,LAC,1.2,ABG,mmol/L
24HR,10:56,B-B 04,B-B,pH,7.471,ABG,value
24HR,10:56,B-B 04,B-B,pCO2,38.6,ABG,mmHg
24HR,10:56,B-B 04,B-B,pO2,85.1,ABG,mmHg
24HR,10:56,B-B 04,B-B,AST,532,CMP,U/L
24HR,10:56,B-B 04,B-B,ALT,142,CMP,U/L
24HR,10:56,B-B 04,B-B,LDH,210,CMP,U/L
24HR,10:56,B-B 04,B-B,CREA,0.4,CMP,mg/dL
24HR,10:56,B-B 04,B-B,BUN,13.68,CMP,mg/dL
24HR,10:56,B-B 04,B-B,AMY,454,CMP,U/L
24HR,10:56,B-B 04,B-B,TG,232.44,CMP,mg/dL
24HR,10:56,B-B 04,B-B,GLU,133.53,CMP,mg/dL
24HR,10:56,B-B 04,B-B,GGT,10,CMP,U/L
24HR,10:56,B-B 04,B-B,APTT,132.1,Coag Panel,sec
24HR,10:56,B-B 04,B-B,PT,11.6,Coag Panel,sec
24HR,10:56,B-B 04,B-B,TT,17.2,Coag Panel,sec
24HR,10:56,B-B 04,B-B,Fib,2.3,Coag Panel,g/L
48HR,10:56,B-B 04,B-B,MAP,81,MAP,mmHg
48HR,10:56,B-B 04,B-B,bpm,256,Heart rate,bpm
48HR,10:56,B-B 04,B-B,RBC,4.55,CBC,M/mL
48HR,10:56,B-B 04,B-B,Hb,9.6,CBC,mg/dL
48HR,10:56,B-B 04,B-B,HCT,29.8,CBC,mmHg
48HR,10:56,B-B 04,B-B,PLT,117,CBC,10^3/uL
48HR,10:56,B-B 04,B-B,WBC,4.9,CBC,10^3/uL
48HR,10:56,B-B 04,B-B,X._Free_Hb,0,% Free Hb,%
48HR,10:56,B-B 04,B-B,LAC,1.1,ABG,mmol/L
48HR,10:56,B-B 04,B-B,pH,7.481,ABG,value
48HR,10:56,B-B 04,B-B,pCO2,37.3,ABG,mmHg
48HR,10:56,B-B 04,B-B,pO2,85.2,ABG,mmHg
48HR,10:56,B-B 04,B-B,AST,524,CMP,U/L
48HR,10:56,B-B 04,B-B,ALT,209,CMP,U/L
48HR,10:56,B-B 04,B-B,LDH,186,CMP,U/L
48HR,10:56,B-B 04,B-B,CREA,0.8,CMP,mg/dL
48HR,10:56,B-B 04,B-B,BUN,13.72,CMP,mg/dL
48HR,10:56,B-B 04,B-B,AMY,390,CMP,U/L
48HR,10:56,B-B 04,B-B,TG,11.34,CMP,mg/dL
48HR,10:56,B-B 04,B-B,GLU,134.95,CMP,mg/dL
48HR,10:56,B-B 04,B-B,GGT,12,CMP,U/L
48HR,10:56,B-B 04,B-B,APTT,36,Coag Panel,sec
48HR,10:56,B-B 04,B-B,PT,27.7,Coag Panel,sec
48HR,10:56,B-B 04,B-B,TT,46.9,Coag Panel,sec
48HR,10:56,B-B 04,B-B,Fib,2.52,Coag Panel,g/L
Baseline,07:00,B-B 06,B-B,MAP,89,MAP,mmHg
Baseline,07:00,B-B 06,B-B,bpm,296,Heart rate,bpm
EOS,10:45,B-B 06,B-B,MAP,42,MAP,mmHg
EOS,10:45,B-B 06,B-B,bpm,231,Heart rate,bpm
EOR,10:55,B-B 06,B-B,MAP,71,MAP,mmHg
EOR,10:55,B-B 06,B-B,bpm,196,Heart rate,bpm
10%,11:55,B-B 06,B-B,MAP,57,MAP,mmHg
10%,11:55,B-B 06,B-B,bpm,277,Heart rate,bpm
7.5%,12:55,B-B 06,B-B,MAP,68,MAP,mmHg
7.5%,12:55,B-B 06,B-B,bpm,278,Heart rate,bpm
5%,13:55,B-B 06,B-B,MAP,76,MAP,mmHg
5%,13:55,B-B 06,B-B,bpm,285,Heart rate,bpm
2.5%,14:55,B-B 06,B-B,MAP,66,MAP,mmHg
2.5%,14:55,B-B 06,B-B,bpm,288,Heart rate,bpm
EOB,15:05,B-B 06,B-B,MAP,64,MAP,mmHg
EOB,15:05,B-B 06,B-B,bpm,278,Heart rate,bpm
24HR,10:55,B-B 06,B-B,MAP,80,MAP,mmHg
24HR,10:55,B-B 06,B-B,bpm,282,Heart rate,bpm
48HR,10:55,B-B 06,B-B,MAP,86,MAP,mmHg
48HR,10:55,B-B 06,B-B,bpm,291,Heart rate,bpm
Baseline,07:00,B-B 07,B-B,MAP,85,MAP,mmHg
Baseline,07:00,B-B 07,B-B,bpm,267,Heart rate,bpm
Baseline,07:00,B-B 07,B-B,RBC,6.13,CBC,M/mL
Baseline,07:00,B-B 07,B-B,Hb,13.4,CBC,mg/dL
Baseline,07:00,B-B 07,B-B,HCT,41.3,CBC,mmHg
Baseline,07:00,B-B 07,B-B,PLT,23,CBC,10^3/uL
Baseline,07:00,B-B 07,B-B,WBC,5,CBC,10^3/uL
Baseline,07:00,B-B 07,B-B,X._Free_Hb,0,% Free Hb,%
Baseline,07:00,B-B 07,B-B,LAC,1.1,ABG,mmol/L
Baseline,07:00,B-B 07,B-B,pH,7.509,ABG,value
Baseline,07:00,B-B 07,B-B,pCO2,26.2,ABG,mmHg
Baseline,07:00,B-B 07,B-B,pO2,80.9,ABG,mmHg
Baseline,07:00,B-B 07,B-B,AST,31,CMP,U/L
Baseline,07:00,B-B 07,B-B,ALT,44,CMP,U/L
Baseline,07:00,B-B 07,B-B,LDH,110,CMP,U/L
Baseline,07:00,B-B 07,B-B,CREA,0.7,CMP,mg/dL
Baseline,07:00,B-B 07,B-B,BUN,11.66,CMP,mg/dL
Baseline,07:00,B-B 07,B-B,AMY,158,CMP,U/L
Baseline,07:00,B-B 07,B-B,TG,135.08,CMP,mg/dL
Baseline,07:00,B-B 07,B-B,GLU,135.75,CMP,mg/dL
Baseline,07:00,B-B 07,B-B,GGT,8,CMP,U/L
Baseline,07:00,B-B 07,B-B,APTT,140.4,Coag Panel,sec
Baseline,07:00,B-B 07,B-B,PT,14.7,Coag Panel,sec
Baseline,07:00,B-B 07,B-B,TT,29.1,Coag Panel,sec
Baseline,07:00,B-B 07,B-B,Fib,2.26,Coag Panel,g/L
EOS,09:27,B-B 07,B-B,MAP,47,MAP,mmHg
EOS,09:27,B-B 07,B-B,bpm,281,Heart rate,bpm
EOS,09:27,B-B 07,B-B,RBC,3.66,CBC,M/mL
EOS,09:27,B-B 07,B-B,Hb,7.9,CBC,mg/dL
EOS,09:27,B-B 07,B-B,HCT,24.5,CBC,mmHg
EOS,09:27,B-B 07,B-B,PLT,59,CBC,10^3/uL
EOS,09:27,B-B 07,B-B,WBC,5.9,CBC,10^3/uL
EOS,09:27,B-B 07,B-B,X._Free_Hb,0,% Free Hb,%
EOS,09:27,B-B 07,B-B,LAC,14.6,ABG,mmol/L
EOS,09:27,B-B 07,B-B,pH,7.333,ABG,value
EOS,09:27,B-B 07,B-B,pCO2,36.3,ABG,mmHg
EOS,09:27,B-B 07,B-B,pO2,102,ABG,mmHg
EOS,09:27,B-B 07,B-B,AST,181,CMP,U/L
EOS,09:27,B-B 07,B-B,ALT,40,CMP,U/L
EOS,09:27,B-B 07,B-B,LDH,282,CMP,U/L
EOS,09:27,B-B 07,B-B,CREA,1.3,CMP,mg/dL
EOS,09:27,B-B 07,B-B,BUN,18.42,CMP,mg/dL
EOS,09:27,B-B 07,B-B,AMY,178,CMP,U/L
EOS,09:27,B-B 07,B-B,TG,160.91,CMP,mg/dL
EOS,09:27,B-B 07,B-B,GLU,409.4,CMP,mg/dL
EOS,09:27,B-B 07,B-B,GGT,9,CMP,U/L
EOR,09:37,B-B 07,B-B,MAP,71,MAP,mmHg
EOR,09:37,B-B 07,B-B,bpm,242,Heart rate,bpm
EOR,09:37,B-B 07,B-B,RBC,4.59,CBC,M/mL
EOR,09:37,B-B 07,B-B,Hb,9.7,CBC,mg/dL
EOR,09:37,B-B 07,B-B,HCT,30.8,CBC,mmHg
EOR,09:37,B-B 07,B-B,PLT,166,CBC,10^3/uL
EOR,09:37,B-B 07,B-B,WBC,4.9,CBC,10^3/uL
EOR,09:37,B-B 07,B-B,X._Free_Hb,0,% Free Hb,%
EOR,09:37,B-B 07,B-B,LAC,14.2,ABG,mmol/L
EOR,09:37,B-B 07,B-B,pH,7.28,ABG,value
EOR,09:37,B-B 07,B-B,pCO2,43.8,ABG,mmHg
EOR,09:37,B-B 07,B-B,pO2,93.9,ABG,mmHg
EOR,09:37,B-B 07,B-B,AST,158,CMP,U/L
EOR,09:37,B-B 07,B-B,ALT,39,CMP,U/L
EOR,09:37,B-B 07,B-B,LDH,308,CMP,U/L
EOR,09:37,B-B 07,B-B,CREA,1.2,CMP,mg/dL
EOR,09:37,B-B 07,B-B,BUN,20.4,CMP,mg/dL
EOR,09:37,B-B 07,B-B,AMY,207,CMP,U/L
EOR,09:37,B-B 07,B-B,TG,199.38,CMP,mg/dL
EOR,09:37,B-B 07,B-B,GLU,405.14,CMP,mg/dL
EOR,09:37,B-B 07,B-B,GGT,7,CMP,U/L
EOR,09:37,B-B 07,B-B,APTT,22.5,Coag Panel,sec
EOR,09:37,B-B 07,B-B,PT,18.2,Coag Panel,sec
EOR,09:37,B-B 07,B-B,Fib,2.16,Coag Panel,g/L
10%,10:37,B-B 07,B-B,MAP,52,MAP,mmHg
10%,10:37,B-B 07,B-B,bpm,297,Heart rate,bpm
10%,10:37,B-B 07,B-B,LAC,8.9,ABG,mmol/L
10%,10:37,B-B 07,B-B,pH,7.474,ABG,value
10%,10:37,B-B 07,B-B,pCO2,43.5,ABG,mmHg
10%,10:37,B-B 07,B-B,pO2,89.5,ABG,mmHg
7.5%,11:37,B-B 07,B-B,MAP,71,MAP,mmHg
7.5%,11:37,B-B 07,B-B,bpm,248,Heart rate,bpm
7.5%,11:37,B-B 07,B-B,LAC,3.8,ABG,mmol/L
7.5%,11:37,B-B 07,B-B,pH,7.554,ABG,value
7.5%,11:37,B-B 07,B-B,pCO2,39.8,ABG,mmHg
7.5%,11:37,B-B 07,B-B,pO2,86,ABG,mmHg
5%,00:37,B-B 07,B-B,MAP,77,MAP,mmHg
5%,00:37,B-B 07,B-B,bpm,258,Heart rate,bpm
5%,00:37,B-B 07,B-B,LAC,2.3,ABG,mmol/L
5%,00:37,B-B 07,B-B,pH,7.559,ABG,value
5%,00:37,B-B 07,B-B,pCO2,42.7,ABG,mmHg
5%,00:37,B-B 07,B-B,pO2,85,ABG,mmHg
2.5%,01:37,B-B 07,B-B,MAP,86,MAP,mmHg
2.5%,01:37,B-B 07,B-B,bpm,229,Heart rate,bpm
2.5%,01:37,B-B 07,B-B,LAC,0.9,ABG,mmol/L
2.5%,01:37,B-B 07,B-B,pH,7.553,ABG,value
2.5%,01:37,B-B 07,B-B,pCO2,39.6,ABG,mmHg
2.5%,01:37,B-B 07,B-B,pO2,88.3,ABG,mmHg
EOB,01:47,B-B 07,B-B,MAP,92,MAP,mmHg
EOB,01:47,B-B 07,B-B,bpm,232,Heart rate,bpm
EOB,01:47,B-B 07,B-B,RBC,5.31,CBC,M/mL
EOB,01:47,B-B 07,B-B,Hb,11.1,CBC,mg/dL
EOB,01:47,B-B 07,B-B,HCT,35.4,CBC,mmHg
EOB,01:47,B-B 07,B-B,PLT,155,CBC,10^3/uL
EOB,01:47,B-B 07,B-B,WBC,3.3,CBC,10^3/uL
EOB,01:47,B-B 07,B-B,X._Free_Hb,0,% Free Hb,%
EOB,01:47,B-B 07,B-B,LAC,1,ABG,mmol/L
EOB,01:47,B-B 07,B-B,pH,7.544,ABG,value
EOB,01:47,B-B 07,B-B,pCO2,42.6,ABG,mmHg
EOB,01:47,B-B 07,B-B,pO2,83,ABG,mmHg
EOB,01:47,B-B 07,B-B,AST,650,CMP,U/L
EOB,01:47,B-B 07,B-B,ALT,198,CMP,U/L
EOB,01:47,B-B 07,B-B,LDH,945,CMP,U/L
EOB,01:47,B-B 07,B-B,CREA,0.9,CMP,mg/dL
EOB,01:47,B-B 07,B-B,BUN,18.49,CMP,mg/dL
EOB,01:47,B-B 07,B-B,AMY,228,CMP,U/L
EOB,01:47,B-B 07,B-B,TG,182.13,CMP,mg/dL
EOB,01:47,B-B 07,B-B,GLU,129.63,CMP,mg/dL
EOB,01:47,B-B 07,B-B,GGT,11,CMP,U/L
EOB,01:47,B-B 07,B-B,APTT,130.6,Coag Panel,sec
EOB,01:47,B-B 07,B-B,PT,15.4,Coag Panel,sec
EOB,01:47,B-B 07,B-B,TT,20.6,Coag Panel,sec
EOB,01:47,B-B 07,B-B,Fib,1.57,Coag Panel,g/L
24HR,09:37,B-B 07,B-B,MAP,74,MAP,mmHg
24HR,09:37,B-B 07,B-B,bpm,278,Heart rate,bpm
24HR,09:37,B-B 07,B-B,RBC,5.16,CBC,M/mL
24HR,09:37,B-B 07,B-B,Hb,11.5,CBC,mg/dL
24HR,09:37,B-B 07,B-B,HCT,34.7,CBC,mmHg
24HR,09:37,B-B 07,B-B,PLT,14,CBC,10^3/uL
24HR,09:37,B-B 07,B-B,WBC,5.2,CBC,10^3/uL
24HR,09:37,B-B 07,B-B,X._Free_Hb,0,% Free Hb,%
24HR,09:37,B-B 07,B-B,LAC,1.5,ABG,mmol/L
24HR,09:37,B-B 07,B-B,pH,7.519,ABG,value
24HR,09:37,B-B 07,B-B,pCO2,36.8,ABG,mmHg
24HR,09:37,B-B 07,B-B,pO2,95.8,ABG,mmHg
24HR,09:37,B-B 07,B-B,AST,434,CMP,U/L
24HR,09:37,B-B 07,B-B,ALT,188,CMP,U/L
24HR,09:37,B-B 07,B-B,LDH,220,CMP,U/L
24HR,09:37,B-B 07,B-B,CREA,0.6,CMP,mg/dL
24HR,09:37,B-B 07,B-B,BUN,16.14,CMP,mg/dL
24HR,09:37,B-B 07,B-B,AMY,364,CMP,U/L
24HR,09:37,B-B 07,B-B,TG,205.56,CMP,mg/dL
24HR,09:37,B-B 07,B-B,GLU,139.87,CMP,mg/dL
24HR,09:37,B-B 07,B-B,GGT,19,CMP,U/L
24HR,09:37,B-B 07,B-B,APTT,137.3,Coag Panel,sec
24HR,09:37,B-B 07,B-B,PT,11.4,Coag Panel,sec
24HR,09:37,B-B 07,B-B,TT,19.7,Coag Panel,sec
24HR,09:37,B-B 07,B-B,Fib,2.42,Coag Panel,g/L
48HR,09:37,B-B 07,B-B,MAP,75,MAP,mmHg
48HR,09:37,B-B 07,B-B,bpm,274,Heart rate,bpm
48HR,09:37,B-B 07,B-B,RBC,5.22,CBC,M/mL
48HR,09:37,B-B 07,B-B,Hb,11.3,CBC,mg/dL
48HR,09:37,B-B 07,B-B,HCT,35.4,CBC,mmHg
48HR,09:37,B-B 07,B-B,PLT,282,CBC,10^3/uL
48HR,09:37,B-B 07,B-B,WBC,7.9,CBC,10^3/uL
48HR,09:37,B-B 07,B-B,X._Free_Hb,0,% Free Hb,%
48HR,09:37,B-B 07,B-B,LAC,2.1,ABG,mmol/L
48HR,09:37,B-B 07,B-B,pH,7.493,ABG,value
48HR,09:37,B-B 07,B-B,pCO2,34.6,ABG,mmHg
48HR,09:37,B-B 07,B-B,pO2,87,ABG,mmHg
48HR,09:37,B-B 07,B-B,AST,219,CMP,U/L
48HR,09:37,B-B 07,B-B,ALT,122,CMP,U/L
48HR,09:37,B-B 07,B-B,LDH,57,CMP,U/L
48HR,09:37,B-B 07,B-B,CREA,0.9,CMP,mg/dL
48HR,09:37,B-B 07,B-B,BUN,16.09,CMP,mg/dL
48HR,09:37,B-B 07,B-B,AMY,285,CMP,U/L
48HR,09:37,B-B 07,B-B,TG,201,CMP,mg/dL
48HR,09:37,B-B 07,B-B,GLU,133.5,CMP,mg/dL
48HR,09:37,B-B 07,B-B,GGT,20,CMP,U/L
48HR,09:37,B-B 07,B-B,APTT,139.4,Coag Panel,sec
48HR,09:37,B-B 07,B-B,PT,12.3,Coag Panel,sec
48HR,09:37,B-B 07,B-B,TT,17.5,Coag Panel,sec
48HR,09:37,B-B 07,B-B,Fib,1.74,Coag Panel,g/L
Baseline,07:05,B-B 09,B-B,MAP,76,MAP,mmHg
Baseline,07:05,B-B 09,B-B,bpm,258,Heart rate,bpm
Baseline,07:05,B-B 09,B-B,RBC,6.16,CBC,M/mL
Baseline,07:05,B-B 09,B-B,Hb,12,CBC,mg/dL
Baseline,07:05,B-B 09,B-B,HCT,37.1,CBC,mmHg
Baseline,07:05,B-B 09,B-B,PLT,34,CBC,10^3/uL
Baseline,07:05,B-B 09,B-B,WBC,5.9,CBC,10^3/uL
Baseline,07:05,B-B 09,B-B,X._Free_Hb,0,% Free Hb,%
Baseline,07:05,B-B 09,B-B,LAC,2.4,ABG,mmol/L
Baseline,07:05,B-B 09,B-B,pH,7.546,ABG,value
Baseline,07:05,B-B 09,B-B,pCO2,32.4,ABG,mmHg
Baseline,07:05,B-B 09,B-B,pO2,93.2,ABG,mmHg
Baseline,07:05,B-B 09,B-B,AST,44,CMP,U/L
Baseline,07:05,B-B 09,B-B,ALT,59,CMP,U/L
Baseline,07:05,B-B 09,B-B,LDH,173,CMP,U/L
Baseline,07:05,B-B 09,B-B,CREA,0.5,CMP,mg/dL
Baseline,07:05,B-B 09,B-B,BUN,18.29,CMP,mg/dL
Baseline,07:05,B-B 09,B-B,AMY,254,CMP,U/L
Baseline,07:05,B-B 09,B-B,TG,119.47,CMP,mg/dL
Baseline,07:05,B-B 09,B-B,GLU,130.65,CMP,mg/dL
Baseline,07:05,B-B 09,B-B,GGT,14,CMP,U/L
Baseline,07:05,B-B 09,B-B,APTT,135.1,Coag Panel,sec
Baseline,07:05,B-B 09,B-B,PT,9.3,Coag Panel,sec
Baseline,07:05,B-B 09,B-B,TT,17.7,Coag Panel,sec
Baseline,07:05,B-B 09,B-B,Fib,1.44,Coag Panel,g/L
EOS,10:03,B-B 09,B-B,MAP,36,MAP,mmHg
EOS,10:03,B-B 09,B-B,bpm,198,Heart rate,bpm
EOS,10:03,B-B 09,B-B,RBC,4.41,CBC,M/mL
EOS,10:03,B-B 09,B-B,Hb,8.4,CBC,mg/dL
EOS,10:03,B-B 09,B-B,HCT,26.4,CBC,mmHg
EOS,10:03,B-B 09,B-B,PLT,155,CBC,10^3/uL
EOS,10:03,B-B 09,B-B,WBC,3.7,CBC,10^3/uL
EOS,10:03,B-B 09,B-B,X._Free_Hb,0,% Free Hb,%
EOS,10:03,B-B 09,B-B,LAC,9.4,ABG,mmol/L
EOS,10:03,B-B 09,B-B,pH,7.395,ABG,value
EOS,10:03,B-B 09,B-B,pCO2,34.9,ABG,mmHg
EOS,10:03,B-B 09,B-B,pO2,81.4,ABG,mmHg
EOR,10:10,B-B 09,B-B,MAP,40,MAP,mmHg
EOR,10:10,B-B 09,B-B,bpm,293,Heart rate,bpm
EOR,10:10,B-B 09,B-B,RBC,4.97,CBC,M/mL
EOR,10:10,B-B 09,B-B,Hb,9.5,CBC,mg/dL
EOR,10:10,B-B 09,B-B,HCT,30.2,CBC,mmHg
EOR,10:10,B-B 09,B-B,PLT,136,CBC,10^3/uL
EOR,10:10,B-B 09,B-B,WBC,4.6,CBC,10^3/uL
EOR,10:10,B-B 09,B-B,X._Free_Hb,0,% Free Hb,%
EOR,10:10,B-B 09,B-B,LAC,9.3,ABG,mmol/L
EOR,10:10,B-B 09,B-B,pH,7.382,ABG,value
EOR,10:10,B-B 09,B-B,pCO2,36.3,ABG,mmHg
EOR,10:10,B-B 09,B-B,pO2,84.7,ABG,mmHg
EOR,10:10,B-B 09,B-B,AST,60,CMP,U/L
EOR,10:10,B-B 09,B-B,ALT,54,CMP,U/L
EOR,10:10,B-B 09,B-B,LDH,229,CMP,U/L
EOR,10:10,B-B 09,B-B,CREA,1.2,CMP,mg/dL
EOR,10:10,B-B 09,B-B,BUN,29.36,CMP,mg/dL
EOR,10:10,B-B 09,B-B,AMY,208,CMP,U/L
EOR,10:10,B-B 09,B-B,TG,187.43,CMP,mg/dL
EOR,10:10,B-B 09,B-B,GLU,262.38,CMP,mg/dL
EOR,10:10,B-B 09,B-B,GGT,9,CMP,U/L
EOR,10:10,B-B 09,B-B,APTT,120.6,Coag Panel,sec
EOR,10:10,B-B 09,B-B,PT,12.5,Coag Panel,sec
EOR,10:10,B-B 09,B-B,Fib,3.86,Coag Panel,g/L
20%,11:10,B-B 09,B-B,MAP,43,MAP,mmHg
20%,11:10,B-B 09,B-B,bpm,260,Heart rate,bpm
20%,11:10,B-B 09,B-B,LAC,3.4,ABG,mmol/L
20%,11:10,B-B 09,B-B,pH,7.47,ABG,value
20%,11:10,B-B 09,B-B,pCO2,40.4,ABG,mmHg
20%,11:10,B-B 09,B-B,pO2,87.8,ABG,mmHg
15%,00:10,B-B 09,B-B,MAP,44,MAP,mmHg
15%,00:10,B-B 09,B-B,bpm,259,Heart rate,bpm
15%,00:10,B-B 09,B-B,LAC,1,ABG,mmol/L
15%,00:10,B-B 09,B-B,pH,7.521,ABG,value
15%,00:10,B-B 09,B-B,pCO2,37.2,ABG,mmHg
15%,00:10,B-B 09,B-B,pO2,85.2,ABG,mmHg
10%,13:10,B-B 09,B-B,MAP,65,MAP,mmHg
10%,13:10,B-B 09,B-B,bpm,264,Heart rate,bpm
10%,13:10,B-B 09,B-B,LAC,0.9,ABG,mmol/L
10%,13:10,B-B 09,B-B,pH,7.526,ABG,value
10%,13:10,B-B 09,B-B,pCO2,37.9,ABG,mmHg
10%,13:10,B-B 09,B-B,pO2,88.4,ABG,mmHg
EOB,13:10,B-B 09,B-B,MAP,51,MAP,mmHg
EOB,13:10,B-B 09,B-B,bpm,240,Heart rate,bpm
EOB,13:10,B-B 09,B-B,LAC,0.7,ABG,mmol/L
EOB,13:10,B-B 09,B-B,pH,7.505,ABG,value
EOB,13:10,B-B 09,B-B,pCO2,39,ABG,mmHg
EOB,13:10,B-B 09,B-B,pO2,88.7,ABG,mmHg
1HR,15:10,B-B 09,B-B,MAP,58,MAP,mmHg
1HR,15:10,B-B 09,B-B,bpm,260,Heart rate,bpm
1HR,15:10,B-B 09,B-B,RBC,5.27,CBC,M/mL
1HR,15:10,B-B 09,B-B,Hb,10,CBC,mg/dL
1HR,15:10,B-B 09,B-B,HCT,31.7,CBC,mmHg
1HR,15:10,B-B 09,B-B,PLT,174,CBC,10^3/uL
1HR,15:10,B-B 09,B-B,WBC,6.1,CBC,10^3/uL
1HR,15:10,B-B 09,B-B,X._Free_Hb,0,% Free Hb,%
1HR,15:10,B-B 09,B-B,LAC,0.8,ABG,mmol/L
1HR,15:10,B-B 09,B-B,pH,7.493,ABG,value
1HR,15:10,B-B 09,B-B,pCO2,40,ABG,mmHg
1HR,15:10,B-B 09,B-B,pO2,84,ABG,mmHg
1HR,15:10,B-B 09,B-B,AST,119,CMP,U/L
1HR,15:10,B-B 09,B-B,ALT,72,CMP,U/L
1HR,15:10,B-B 09,B-B,LDH,361,CMP,U/L
1HR,15:10,B-B 09,B-B,CREA,0.9,CMP,mg/dL
1HR,15:10,B-B 09,B-B,BUN,23.57,CMP,mg/dL
1HR,15:10,B-B 09,B-B,AMY,237,CMP,U/L
1HR,15:10,B-B 09,B-B,TG,181.75,CMP,mg/dL
1HR,15:10,B-B 09,B-B,GLU,132.75,CMP,mg/dL
1HR,15:10,B-B 09,B-B,GGT,14,CMP,U/L
1HR,15:10,B-B 09,B-B,APTT,104.9,Coag Panel,sec
1HR,15:10,B-B 09,B-B,PT,9.1,Coag Panel,sec
1HR,15:10,B-B 09,B-B,TT,19,Coag Panel,sec
1HR,15:10,B-B 09,B-B,Fib,1.28,Coag Panel,g/L
24HR,10:10,B-B 09,B-B,MAP,80,MAP,mmHg
24HR,10:10,B-B 09,B-B,bpm,276,Heart rate,bpm
24HR,10:10,B-B 09,B-B,RBC,5.49,CBC,M/mL
24HR,10:10,B-B 09,B-B,Hb,10.5,CBC,mg/dL
24HR,10:10,B-B 09,B-B,HCT,33.2,CBC,mmHg
24HR,10:10,B-B 09,B-B,PLT,200,CBC,10^3/uL
24HR,10:10,B-B 09,B-B,WBC,5.8,CBC,10^3/uL
24HR,10:10,B-B 09,B-B,X._Free_Hb,0,% Free Hb,%
24HR,10:10,B-B 09,B-B,LAC,2.8,ABG,mmol/L
24HR,10:10,B-B 09,B-B,pH,7.478,ABG,value
24HR,10:10,B-B 09,B-B,pCO2,37.2,ABG,mmHg
24HR,10:10,B-B 09,B-B,pO2,84.5,ABG,mmHg
24HR,10:10,B-B 09,B-B,AST,70,CMP,U/L
24HR,10:10,B-B 09,B-B,ALT,121,CMP,U/L
24HR,10:10,B-B 09,B-B,LDH,288,CMP,U/L
24HR,10:10,B-B 09,B-B,CREA,0.8,CMP,mg/dL
24HR,10:10,B-B 09,B-B,BUN,18.7,CMP,mg/dL
24HR,10:10,B-B 09,B-B,AMY,289,CMP,U/L
24HR,10:10,B-B 09,B-B,TG,190.11,CMP,mg/dL
24HR,10:10,B-B 09,B-B,GLU,119.85,CMP,mg/dL
24HR,10:10,B-B 09,B-B,GGT,15,CMP,U/L
24HR,10:10,B-B 09,B-B,APTT,137.4,Coag Panel,sec
24HR,10:10,B-B 09,B-B,PT,9.8,Coag Panel,sec
24HR,10:10,B-B 09,B-B,TT,33.3,Coag Panel,sec
24HR,10:10,B-B 09,B-B,Fib,2.07,Coag Panel,g/L
48HR,10:10,B-B 09,B-B,MAP,69,MAP,mmHg
48HR,10:10,B-B 09,B-B,bpm,254,Heart rate,bpm
48HR,10:10,B-B 09,B-B,RBC,5.24,CBC,M/mL
48HR,10:10,B-B 09,B-B,Hb,10.1,CBC,mg/dL
48HR,10:10,B-B 09,B-B,HCT,31.7,CBC,mmHg
48HR,10:10,B-B 09,B-B,PLT,236,CBC,10^3/uL
48HR,10:10,B-B 09,B-B,WBC,4.8,CBC,10^3/uL
48HR,10:10,B-B 09,B-B,X._Free_Hb,0,% Free Hb,%
48HR,10:10,B-B 09,B-B,LAC,6,ABG,mmol/L
48HR,10:10,B-B 09,B-B,pH,7.413,ABG,value
48HR,10:10,B-B 09,B-B,pCO2,34.5,ABG,mmHg
48HR,10:10,B-B 09,B-B,pO2,88.7,ABG,mmHg
48HR,10:10,B-B 09,B-B,AST,27,CMP,U/L
48HR,10:10,B-B 09,B-B,ALT,81,CMP,U/L
48HR,10:10,B-B 09,B-B,LDH,75,CMP,U/L
48HR,10:10,B-B 09,B-B,CREA,0.8,CMP,mg/dL
48HR,10:10,B-B 09,B-B,BUN,17.35,CMP,mg/dL
48HR,10:10,B-B 09,B-B,AMY,292,CMP,U/L
48HR,10:10,B-B 09,B-B,TG,97.58,CMP,mg/dL
48HR,10:10,B-B 09,B-B,GLU,125.95,CMP,mg/dL
48HR,10:10,B-B 09,B-B,GGT,13,CMP,U/L
48HR,10:10,B-B 09,B-B,APTT,19.5,Coag Panel,sec
48HR,10:10,B-B 09,B-B,PT,12.3,Coag Panel,sec
48HR,10:10,B-B 09,B-B,Fib,0.96,Coag Panel,g/L
Baseline,07:10,B-B 10,B-B,MAP,70,MAP,mmHg
Baseline,07:10,B-B 10,B-B,bpm,214,Heart rate,bpm
Baseline,07:10,B-B 10,B-B,RBC,5.29,CBC,M/mL
Baseline,07:10,B-B 10,B-B,Hb,11.1,CBC,mg/dL
Baseline,07:10,B-B 10,B-B,HCT,35.1,CBC,mmHg
Baseline,07:10,B-B 10,B-B,PLT,208,CBC,10^3/uL
Baseline,07:10,B-B 10,B-B,WBC,5.2,CBC,10^3/uL
Baseline,07:10,B-B 10,B-B,X._Free_Hb,0,% Free Hb,%
Baseline,07:10,B-B 10,B-B,LAC,2,ABG,mmol/L
Baseline,07:10,B-B 10,B-B,pH,7.47,ABG,value
Baseline,07:10,B-B 10,B-B,pCO2,37.1,ABG,mmHg
Baseline,07:10,B-B 10,B-B,pO2,83.8,ABG,mmHg
Baseline,07:10,B-B 10,B-B,AST,72,CMP,U/L
Baseline,07:10,B-B 10,B-B,ALT,77,CMP,U/L
Baseline,07:10,B-B 10,B-B,LDH,137,CMP,U/L
Baseline,07:10,B-B 10,B-B,CREA,0.6,CMP,mg/dL
Baseline,07:10,B-B 10,B-B,BUN,16.62,CMP,mg/dL
Baseline,07:10,B-B 10,B-B,AMY,136,CMP,U/L
Baseline,07:10,B-B 10,B-B,TG,69.2,CMP,mg/dL
Baseline,07:10,B-B 10,B-B,GLU,143.14,CMP,mg/dL
Baseline,07:10,B-B 10,B-B,GGT,13,CMP,U/L
Baseline,07:10,B-B 10,B-B,CKHR_time,5.5,TEG 5000,min
Baseline,07:10,B-B 10,B-B,CKH_K,2,TEG 5000,min
Baseline,07:10,B-B 10,B-B,CKH_angle,68.8,TEG 5000,degree
Baseline,07:10,B-B 10,B-B,CKH_MA,68.4,TEG 5000,mm
Baseline,07:10,B-B 10,B-B,APTT,122.4,Coag Panel,sec
Baseline,07:10,B-B 10,B-B,PT,13,Coag Panel,sec
Baseline,07:10,B-B 10,B-B,TT,18.3,Coag Panel,sec
Baseline,07:10,B-B 10,B-B,Fib,2.32,Coag Panel,g/L
EOS,09:37,B-B 10,B-B,MAP,43,MAP,mmHg
EOS,09:37,B-B 10,B-B,bpm,219,Heart rate,bpm
EOS,09:37,B-B 10,B-B,RBC,3.26,CBC,M/mL
EOS,09:37,B-B 10,B-B,Hb,7.1,CBC,mg/dL
EOS,09:37,B-B 10,B-B,HCT,21.5,CBC,mmHg
EOS,09:37,B-B 10,B-B,PLT,40,CBC,10^3/uL
EOS,09:37,B-B 10,B-B,WBC,4.9,CBC,10^3/uL
EOS,09:37,B-B 10,B-B,X._Free_Hb,0,% Free Hb,%
EOS,09:37,B-B 10,B-B,LAC,10.7,ABG,mmol/L
EOS,09:37,B-B 10,B-B,pH,7.413,ABG,value
EOS,09:37,B-B 10,B-B,pCO2,33.3,ABG,mmHg
EOS,09:37,B-B 10,B-B,pO2,115,ABG,mmHg
EOR,09:50,B-B 10,B-B,MAP,65,MAP,mmHg
EOR,09:50,B-B 10,B-B,bpm,200,Heart rate,bpm
EOR,09:50,B-B 10,B-B,RBC,4.1,CBC,M/mL
EOR,09:50,B-B 10,B-B,Hb,8.9,CBC,mg/dL
EOR,09:50,B-B 10,B-B,HCT,27.1,CBC,mmHg
EOR,09:50,B-B 10,B-B,PLT,96,CBC,10^3/uL
EOR,09:50,B-B 10,B-B,WBC,4,CBC,10^3/uL
EOR,09:50,B-B 10,B-B,X._Free_Hb,0,% Free Hb,%
EOR,09:50,B-B 10,B-B,LAC,10.9,ABG,mmol/L
EOR,09:50,B-B 10,B-B,pH,7.371,ABG,value
EOR,09:50,B-B 10,B-B,pCO2,40.8,ABG,mmHg
EOR,09:50,B-B 10,B-B,pO2,86.6,ABG,mmHg
EOR,09:50,B-B 10,B-B,AST,74,CMP,U/L
EOR,09:50,B-B 10,B-B,ALT,65,CMP,U/L
EOR,09:50,B-B 10,B-B,LDH,251,CMP,U/L
EOR,09:50,B-B 10,B-B,CREA,1.1,CMP,mg/dL
EOR,09:50,B-B 10,B-B,BUN,26.71,CMP,mg/dL
EOR,09:50,B-B 10,B-B,AMY,51,CMP,U/L
EOR,09:50,B-B 10,B-B,TG,133.44,CMP,mg/dL
EOR,09:50,B-B 10,B-B,GLU,282.37,CMP,mg/dL
EOR,09:50,B-B 10,B-B,GGT,10,CMP,U/L
EOR,09:50,B-B 10,B-B,APTT,56.3,Coag Panel,sec
EOR,09:50,B-B 10,B-B,PT,12.6,Coag Panel,sec
EOR,09:50,B-B 10,B-B,TT,52.2,Coag Panel,sec
EOR,09:50,B-B 10,B-B,Fib,1.95,Coag Panel,g/L
20%,10:50,B-B 10,B-B,MAP,60,MAP,mmHg
20%,10:50,B-B 10,B-B,bpm,213,Heart rate,bpm
20%,10:50,B-B 10,B-B,LAC,6.8,ABG,mmol/L
20%,10:50,B-B 10,B-B,pH,7.478,ABG,value
20%,10:50,B-B 10,B-B,pCO2,37.9,ABG,mmHg
20%,10:50,B-B 10,B-B,pO2,89.8,ABG,mmHg
15%,11:50,B-B 10,B-B,MAP,70,MAP,mmHg
15%,11:50,B-B 10,B-B,bpm,247,Heart rate,bpm
15%,11:50,B-B 10,B-B,LAC,4.3,ABG,mmol/L
15%,11:50,B-B 10,B-B,pH,7.466,ABG,value
15%,11:50,B-B 10,B-B,pCO2,37.9,ABG,mmHg
15%,11:50,B-B 10,B-B,pO2,92.1,ABG,mmHg
10%,12:50,B-B 10,B-B,MAP,70,MAP,mmHg
10%,12:50,B-B 10,B-B,bpm,249,Heart rate,bpm
10%,12:50,B-B 10,B-B,LAC,4.2,ABG,mmol/L
10%,12:50,B-B 10,B-B,pH,7.48,ABG,value
10%,12:50,B-B 10,B-B,pCO2,35,ABG,mmHg
10%,12:50,B-B 10,B-B,pO2,105,ABG,mmHg
EOB,13:50,B-B 10,B-B,MAP,67,MAP,mmHg
EOB,13:50,B-B 10,B-B,bpm,230,Heart rate,bpm
EOB,13:50,B-B 10,B-B,LAC,3.4,ABG,mmol/L
EOB,13:50,B-B 10,B-B,pH,7.465,ABG,value
EOB,13:50,B-B 10,B-B,pCO2,38.4,ABG,mmHg
EOB,13:50,B-B 10,B-B,pO2,81.7,ABG,mmHg
1HR,12:00,B-B 10,B-B,MAP,71,MAP,mmHg
1HR,12:00,B-B 10,B-B,bpm,237,Heart rate,bpm
1HR,12:00,B-B 10,B-B,RBC,4.09,CBC,M/mL
1HR,12:00,B-B 10,B-B,Hb,8.7,CBC,mg/dL
1HR,12:00,B-B 10,B-B,HCT,26.9,CBC,mmHg
1HR,12:00,B-B 10,B-B,PLT,185,CBC,10^3/uL
1HR,12:00,B-B 10,B-B,WBC,3.7,CBC,10^3/uL
1HR,12:00,B-B 10,B-B,X._Free_Hb,0,% Free Hb,%
1HR,12:00,B-B 10,B-B,LAC,3.4,ABG,mmol/L
1HR,12:00,B-B 10,B-B,pH,7.479,ABG,value
1HR,12:00,B-B 10,B-B,pCO2,36.3,ABG,mmHg
1HR,12:00,B-B 10,B-B,pO2,83.9,ABG,mmHg
1HR,12:00,B-B 10,B-B,AST,86,CMP,U/L
1HR,12:00,B-B 10,B-B,ALT,97,CMP,U/L
1HR,12:00,B-B 10,B-B,LDH,248,CMP,U/L
1HR,12:00,B-B 10,B-B,CREA,0.7,CMP,mg/dL
1HR,12:00,B-B 10,B-B,BUN,18.99,CMP,mg/dL
1HR,12:00,B-B 10,B-B,AMY,157,CMP,U/L
1HR,12:00,B-B 10,B-B,TG,258.98,CMP,mg/dL
1HR,12:00,B-B 10,B-B,GLU,134.7,CMP,mg/dL
1HR,12:00,B-B 10,B-B,GGT,11,CMP,U/L
1HR,12:00,B-B 10,B-B,APTT,138.3,Coag Panel,sec
1HR,12:00,B-B 10,B-B,PT,12.5,Coag Panel,sec
1HR,12:00,B-B 10,B-B,Fib,4.21,Coag Panel,g/L
24HR,09:50,B-B 10,B-B,MAP,63,MAP,mmHg
24HR,09:50,B-B 10,B-B,bpm,204,Heart rate,bpm
24HR,09:50,B-B 10,B-B,RBC,4.72,CBC,M/mL
24HR,09:50,B-B 10,B-B,Hb,10.1,CBC,mg/dL
24HR,09:50,B-B 10,B-B,HCT,31.3,CBC,mmHg
24HR,09:50,B-B 10,B-B,PLT,24,CBC,10^3/uL
24HR,09:50,B-B 10,B-B,WBC,3.4,CBC,10^3/uL
24HR,09:50,B-B 10,B-B,X._Free_Hb,0,% Free Hb,%
24HR,09:50,B-B 10,B-B,LAC,1.6,ABG,mmol/L
24HR,09:50,B-B 10,B-B,pH,7.499,ABG,value
24HR,09:50,B-B 10,B-B,pCO2,37.9,ABG,mmHg
24HR,09:50,B-B 10,B-B,pO2,83.8,ABG,mmHg
24HR,09:50,B-B 10,B-B,AST,61,CMP,U/L
24HR,09:50,B-B 10,B-B,ALT,116,CMP,U/L
24HR,09:50,B-B 10,B-B,LDH,254,CMP,U/L
24HR,09:50,B-B 10,B-B,CREA,0.7,CMP,mg/dL
24HR,09:50,B-B 10,B-B,BUN,15.56,CMP,mg/dL
24HR,09:50,B-B 10,B-B,AMY,232,CMP,U/L
24HR,09:50,B-B 10,B-B,TG,333.68,CMP,mg/dL
24HR,09:50,B-B 10,B-B,GLU,126.32,CMP,mg/dL
24HR,09:50,B-B 10,B-B,GGT,11,CMP,U/L
24HR,09:50,B-B 10,B-B,APTT,140.6,Coag Panel,sec
24HR,09:50,B-B 10,B-B,PT,9,Coag Panel,sec
24HR,09:50,B-B 10,B-B,TT,24.2,Coag Panel,sec
24HR,09:50,B-B 10,B-B,Fib,2.96,Coag Panel,g/L
48HR,08:20,B-B 10,B-B,MAP,69,MAP,mmHg
48HR,08:20,B-B 10,B-B,bpm,182,Heart rate,bpm
48HR,08:20,B-B 10,B-B,RBC,4.99,CBC,M/mL
48HR,08:20,B-B 10,B-B,Hb,10.5,CBC,mg/dL
48HR,08:20,B-B 10,B-B,HCT,33.5,CBC,mmHg
48HR,08:20,B-B 10,B-B,PLT,218,CBC,10^3/uL
48HR,08:20,B-B 10,B-B,WBC,4.4,CBC,10^3/uL
48HR,08:20,B-B 10,B-B,X._Free_Hb,0,% Free Hb,%
48HR,08:20,B-B 10,B-B,LAC,5.7,ABG,mmol/L
48HR,08:20,B-B 10,B-B,pH,7.497,ABG,value
48HR,08:20,B-B 10,B-B,pCO2,49.5,ABG,mmHg
48HR,08:20,B-B 10,B-B,pO2,40,ABG,mmHg
48HR,08:20,B-B 10,B-B,AST,20,CMP,U/L
48HR,08:20,B-B 10,B-B,ALT,79,CMP,U/L
48HR,08:20,B-B 10,B-B,LDH,52,CMP,U/L
48HR,08:20,B-B 10,B-B,CREA,0.7,CMP,mg/dL
48HR,08:20,B-B 10,B-B,BUN,12.7,CMP,mg/dL
48HR,08:20,B-B 10,B-B,AMY,196,CMP,U/L
48HR,08:20,B-B 10,B-B,TG,206.08,CMP,mg/dL
48HR,08:20,B-B 10,B-B,GLU,188.23,CMP,mg/dL
48HR,08:20,B-B 10,B-B,GGT,11,CMP,U/L
48HR,08:20,B-B 10,B-B,APTT,11.1,Coag Panel,sec
48HR,08:20,B-B 10,B-B,PT,32.7,Coag Panel,sec
Baseline,NA,B-B 11,B-B,MAP,62,MAP,mmHg
Baseline,NA,B-B 11,B-B,bpm,241,Heart rate,bpm
Baseline,NA,B-B 11,B-B,RBC,5.99,CBC,M/mL
Baseline,NA,B-B 11,B-B,Hb,12.1,CBC,mg/dL
Baseline,NA,B-B 11,B-B,HCT,38.7,CBC,mmHg
Baseline,NA,B-B 11,B-B,PLT,168,CBC,10^3/uL
Baseline,NA,B-B 11,B-B,WBC,4.6,CBC,10^3/uL
Baseline,NA,B-B 11,B-B,LAC,0.6,ABG,mmol/L
Baseline,NA,B-B 11,B-B,pH,7.489,ABG,value
Baseline,NA,B-B 11,B-B,pCO2,39.3,ABG,mmHg
Baseline,NA,B-B 11,B-B,pO2,75.1,ABG,mmHg
Baseline,NA,B-B 11,B-B,AST,82,CMP,U/L
Baseline,NA,B-B 11,B-B,ALT,108,CMP,U/L
Baseline,NA,B-B 11,B-B,LDH,164,CMP,U/L
Baseline,NA,B-B 11,B-B,CREA,0.9,CMP,mg/dL
Baseline,NA,B-B 11,B-B,BUN,13.21,CMP,mg/dL
Baseline,NA,B-B 11,B-B,AMY,255,CMP,U/L
Baseline,NA,B-B 11,B-B,TG,73.45,CMP,mg/dL
Baseline,NA,B-B 11,B-B,GLU,140.6,CMP,mg/dL
Baseline,NA,B-B 11,B-B,GGT,7,CMP,U/L
Baseline,NA,B-B 11,B-B,APTT,79.9,Coag Panel,sec
Baseline,NA,B-B 11,B-B,PT,17.9,Coag Panel,sec
Baseline,NA,B-B 11,B-B,Fib,4.17,Coag Panel,g/L
EOS,NA,B-B 11,B-B,MAP,29,MAP,mmHg
EOS,NA,B-B 11,B-B,bpm,290,Heart rate,bpm
EOS,NA,B-B 11,B-B,RBC,3.98,CBC,M/mL
EOS,NA,B-B 11,B-B,Hb,8.2,CBC,mg/dL
EOS,NA,B-B 11,B-B,HCT,25.4,CBC,mmHg
EOS,NA,B-B 11,B-B,PLT,183,CBC,10^3/uL
EOS,NA,B-B 11,B-B,WBC,3.9,CBC,10^3/uL
EOS,NA,B-B 11,B-B,LAC,10.1,ABG,mmol/L
EOS,NA,B-B 11,B-B,pH,7.322,ABG,value
EOS,NA,B-B 11,B-B,pCO2,36.1,ABG,mmHg
EOS,NA,B-B 11,B-B,pO2,88.6,ABG,mmHg
EOR,NA,B-B 11,B-B,MAP,55,MAP,mmHg
EOR,NA,B-B 11,B-B,bpm,239,Heart rate,bpm
EOR,NA,B-B 11,B-B,RBC,4.71,CBC,M/mL
EOR,NA,B-B 11,B-B,Hb,9.7,CBC,mg/dL
EOR,NA,B-B 11,B-B,HCT,30,CBC,mmHg
EOR,NA,B-B 11,B-B,PLT,179,CBC,10^3/uL
EOR,NA,B-B 11,B-B,WBC,4.8,CBC,10^3/uL
EOR,NA,B-B 11,B-B,LAC,9.1,ABG,mmol/L
EOR,NA,B-B 11,B-B,pH,7.312,ABG,value
EOR,NA,B-B 11,B-B,pCO2,39.4,ABG,mmHg
EOR,NA,B-B 11,B-B,pO2,91.6,ABG,mmHg
EOR,NA,B-B 11,B-B,AST,78,CMP,U/L
EOR,NA,B-B 11,B-B,ALT,95,CMP,U/L
EOR,NA,B-B 11,B-B,LDH,124,CMP,U/L
EOR,NA,B-B 11,B-B,CREA,0.8,CMP,mg/dL
EOR,NA,B-B 11,B-B,BUN,21.13,CMP,mg/dL
EOR,NA,B-B 11,B-B,AMY,249,CMP,U/L
EOR,NA,B-B 11,B-B,TG,160.55,CMP,mg/dL
EOR,NA,B-B 11,B-B,GLU,304.52,CMP,mg/dL
EOR,NA,B-B 11,B-B,GGT,7,CMP,U/L
EOR,NA,B-B 11,B-B,CKHR_time,9.9,TEG 5000,min
EOR,NA,B-B 11,B-B,CKH_angle,39,TEG 5000,degree
EOR,NA,B-B 11,B-B,APTT,14.1,Coag Panel,sec
EOR,NA,B-B 11,B-B,PT,40.5,Coag Panel,sec
EOR,NA,B-B 11,B-B,Fib,0.6,Coag Panel,g/L
20%,NA,B-B 11,B-B,MAP,55,MAP,mmHg
20%,NA,B-B 11,B-B,bpm,299,Heart rate,bpm
20%,NA,B-B 11,B-B,LAC,2.7,ABG,mmol/L
20%,NA,B-B 11,B-B,pH,7.479,ABG,value
20%,NA,B-B 11,B-B,pCO2,38.9,ABG,mmHg
20%,NA,B-B 11,B-B,pO2,86.5,ABG,mmHg
15%,NA,B-B 11,B-B,MAP,51,MAP,mmHg
15%,NA,B-B 11,B-B,bpm,285,Heart rate,bpm
15%,NA,B-B 11,B-B,LAC,1.4,ABG,mmol/L
15%,NA,B-B 11,B-B,pH,7.52,ABG,value
15%,NA,B-B 11,B-B,pCO2,37.2,ABG,mmHg
15%,NA,B-B 11,B-B,pO2,83.4,ABG,mmHg
10%,NA,B-B 11,B-B,MAP,58,MAP,mmHg
10%,NA,B-B 11,B-B,bpm,288,Heart rate,bpm
10%,NA,B-B 11,B-B,LAC,1.1,ABG,mmol/L
10%,NA,B-B 11,B-B,pH,7.523,ABG,value
10%,NA,B-B 11,B-B,pCO2,37.5,ABG,mmHg
10%,NA,B-B 11,B-B,pO2,85.3,ABG,mmHg
EOB,NA,B-B 11,B-B,MAP,55,MAP,mmHg
EOB,NA,B-B 11,B-B,bpm,268,Heart rate,bpm
EOB,NA,B-B 11,B-B,LAC,0.7,ABG,mmol/L
EOB,NA,B-B 11,B-B,pH,7.476,ABG,value
EOB,NA,B-B 11,B-B,pCO2,37.6,ABG,mmHg
EOB,NA,B-B 11,B-B,pO2,90,ABG,mmHg
1HR,NA,B-B 11,B-B,MAP,68,MAP,mmHg
1HR,NA,B-B 11,B-B,bpm,179,Heart rate,bpm
1HR,NA,B-B 11,B-B,RBC,5.71,CBC,M/mL
1HR,NA,B-B 11,B-B,Hb,11.8,CBC,mg/dL
1HR,NA,B-B 11,B-B,HCT,36.7,CBC,mmHg
1HR,NA,B-B 11,B-B,PLT,167,CBC,10^3/uL
1HR,NA,B-B 11,B-B,WBC,6.2,CBC,10^3/uL
1HR,NA,B-B 11,B-B,LAC,0.8,ABG,mmol/L
1HR,NA,B-B 11,B-B,pH,7.493,ABG,value
1HR,NA,B-B 11,B-B,pCO2,37.6,ABG,mmHg
1HR,NA,B-B 11,B-B,pO2,89.8,ABG,mmHg
1HR,NA,B-B 11,B-B,AST,113,CMP,U/L
1HR,NA,B-B 11,B-B,ALT,125,CMP,U/L
1HR,NA,B-B 11,B-B,LDH,202,CMP,U/L
1HR,NA,B-B 11,B-B,CREA,0.6,CMP,mg/dL
1HR,NA,B-B 11,B-B,BUN,23.79,CMP,mg/dL
1HR,NA,B-B 11,B-B,AMY,273,CMP,U/L
1HR,NA,B-B 11,B-B,TG,186.6,CMP,mg/dL
1HR,NA,B-B 11,B-B,GLU,135.86,CMP,mg/dL
1HR,NA,B-B 11,B-B,GGT,9,CMP,U/L
1HR,NA,B-B 11,B-B,APTT,21.2,Coag Panel,sec
1HR,NA,B-B 11,B-B,PT,12.2,Coag Panel,sec
1HR,NA,B-B 11,B-B,Fib,3.3,Coag Panel,g/L
24HR,NA,B-B 11,B-B,MAP,78,MAP,mmHg
24HR,NA,B-B 11,B-B,bpm,273,Heart rate,bpm
24HR,NA,B-B 11,B-B,RBC,4.66,CBC,M/mL
24HR,NA,B-B 11,B-B,Hb,9.5,CBC,mg/dL
24HR,NA,B-B 11,B-B,HCT,29.9,CBC,mmHg
24HR,NA,B-B 11,B-B,PLT,312,CBC,10^3/uL
24HR,NA,B-B 11,B-B,WBC,6.5,CBC,10^3/uL
24HR,NA,B-B 11,B-B,LAC,1.5,ABG,mmol/L
24HR,NA,B-B 11,B-B,pH,7.469,ABG,value
24HR,NA,B-B 11,B-B,pCO2,39.7,ABG,mmHg
24HR,NA,B-B 11,B-B,pO2,84,ABG,mmHg
24HR,NA,B-B 11,B-B,AST,62,CMP,U/L
24HR,NA,B-B 11,B-B,ALT,123,CMP,U/L
24HR,NA,B-B 11,B-B,LDH,116,CMP,U/L
24HR,NA,B-B 11,B-B,CREA,0.7,CMP,mg/dL
24HR,NA,B-B 11,B-B,BUN,14.05,CMP,mg/dL
24HR,NA,B-B 11,B-B,AMY,284,CMP,U/L
24HR,NA,B-B 11,B-B,TG,183.01,CMP,mg/dL
24HR,NA,B-B 11,B-B,GLU,158.86,CMP,mg/dL
24HR,NA,B-B 11,B-B,GGT,9,CMP,U/L
24HR,NA,B-B 11,B-B,APTT,9.4,Coag Panel,sec
24HR,NA,B-B 11,B-B,PT,13.7,Coag Panel,sec
24HR,NA,B-B 11,B-B,Fib,4.97,Coag Panel,g/L
48HR,NA,B-B 11,B-B,MAP,74,MAP,mmHg
48HR,NA,B-B 11,B-B,bpm,296,Heart rate,bpm
48HR,NA,B-B 11,B-B,RBC,4.87,CBC,M/mL
48HR,NA,B-B 11,B-B,Hb,10.2,CBC,mg/dL
48HR,NA,B-B 11,B-B,HCT,31.3,CBC,mmHg
48HR,NA,B-B 11,B-B,PLT,425,CBC,10^3/uL
48HR,NA,B-B 11,B-B,WBC,6.7,CBC,10^3/uL
48HR,NA,B-B 11,B-B,LAC,0.4,ABG,mmol/L
48HR,NA,B-B 11,B-B,pH,7.475,ABG,value
48HR,NA,B-B 11,B-B,pCO2,35.3,ABG,mmHg
48HR,NA,B-B 11,B-B,pO2,90.2,ABG,mmHg
48HR,NA,B-B 11,B-B,AST,33,CMP,U/L
48HR,NA,B-B 11,B-B,ALT,103,CMP,U/L
48HR,NA,B-B 11,B-B,LDH,59,CMP,U/L
48HR,NA,B-B 11,B-B,CREA,0.6,CMP,mg/dL
48HR,NA,B-B 11,B-B,BUN,15.9,CMP,mg/dL
48HR,NA,B-B 11,B-B,AMY,295,CMP,U/L
48HR,NA,B-B 11,B-B,TG,198.52,CMP,mg/dL
48HR,NA,B-B 11,B-B,GLU,156.84,CMP,mg/dL
48HR,NA,B-B 11,B-B,GGT,10,CMP,U/L
48HR,NA,B-B 11,B-B,APTT,339.3,Coag Panel,sec
48HR,NA,B-B 11,B-B,PT,12.1,Coag Panel,sec
48HR,NA,B-B 11,B-B,Fib,4.71,Coag Panel,g/L
Baseline,08:45,B-B 13,B-B,MAP,65,MAP,mmHg
Baseline,08:45,B-B 13,B-B,bpm,243,Heart rate,bpm
Baseline,08:45,B-B 13,B-B,RBC,4.09,CBC,M/mL
Baseline,08:45,B-B 13,B-B,Hb,9.1,CBC,mg/dL
Baseline,08:45,B-B 13,B-B,HCT,27.2,CBC,mmHg
Baseline,08:45,B-B 13,B-B,PLT,165,CBC,10^3/uL
Baseline,08:45,B-B 13,B-B,WBC,7,CBC,10^3/uL
Baseline,08:45,B-B 13,B-B,LAC,5.2,ABG,mmol/L
Baseline,08:45,B-B 13,B-B,pH,7.8,ABG,value
Baseline,08:45,B-B 13,B-B,pCO2,12.3,ABG,mmHg
Baseline,08:45,B-B 13,B-B,pO2,205,ABG,mmHg
Baseline,08:45,B-B 13,B-B,AST,95,CMP,U/L
Baseline,08:45,B-B 13,B-B,ALT,65,CMP,U/L
Baseline,08:45,B-B 13,B-B,LDH,147,CMP,U/L
Baseline,08:45,B-B 13,B-B,CREA,0.5,CMP,mg/dL
Baseline,08:45,B-B 13,B-B,BUN,13.21,CMP,mg/dL
Baseline,08:45,B-B 13,B-B,AMY,275,CMP,U/L
Baseline,08:45,B-B 13,B-B,TG,195.57,CMP,mg/dL
Baseline,08:45,B-B 13,B-B,GLU,148.81,CMP,mg/dL
Baseline,08:45,B-B 13,B-B,GGT,9,CMP,U/L
Baseline,08:45,B-B 13,B-B,APTT,9.5,Coag Panel,sec
Baseline,08:45,B-B 13,B-B,PT,17,Coag Panel,sec
Baseline,08:45,B-B 13,B-B,Fib,4.49,Coag Panel,g/L
EOS,NA,B-B 13,B-B,MAP,35,MAP,mmHg
EOS,NA,B-B 13,B-B,bpm,247,Heart rate,bpm
EOS,NA,B-B 13,B-B,RBC,2.46,CBC,M/mL
EOS,NA,B-B 13,B-B,Hb,5.5,CBC,mg/dL
EOS,NA,B-B 13,B-B,HCT,16.3,CBC,mmHg
EOS,NA,B-B 13,B-B,PLT,158,CBC,10^3/uL
EOS,NA,B-B 13,B-B,WBC,7.3,CBC,10^3/uL
EOS,NA,B-B 13,B-B,LAC,12.5,ABG,mmol/L
EOS,NA,B-B 13,B-B,pH,7.301,ABG,value
EOS,NA,B-B 13,B-B,pCO2,38.1,ABG,mmHg
EOS,NA,B-B 13,B-B,pO2,102,ABG,mmHg
EOR,11:03,B-B 13,B-B,MAP,74,MAP,mmHg
EOR,11:03,B-B 13,B-B,bpm,237,Heart rate,bpm
EOR,11:03,B-B 13,B-B,RBC,3.11,CBC,M/mL
EOR,11:03,B-B 13,B-B,Hb,6.9,CBC,mg/dL
EOR,11:03,B-B 13,B-B,HCT,20.8,CBC,mmHg
EOR,11:03,B-B 13,B-B,PLT,167,CBC,10^3/uL
EOR,11:03,B-B 13,B-B,WBC,7.1,CBC,10^3/uL
EOR,11:03,B-B 13,B-B,LAC,12.9,ABG,mmol/L
EOR,11:03,B-B 13,B-B,pH,7.262,ABG,value
EOR,11:03,B-B 13,B-B,pCO2,47.1,ABG,mmHg
EOR,11:03,B-B 13,B-B,pO2,92.6,ABG,mmHg
EOR,11:03,B-B 13,B-B,AST,82,CMP,U/L
EOR,11:03,B-B 13,B-B,ALT,57,CMP,U/L
EOR,11:03,B-B 13,B-B,LDH,174,CMP,U/L
EOR,11:03,B-B 13,B-B,CREA,0.5,CMP,mg/dL
EOR,11:03,B-B 13,B-B,BUN,19.19,CMP,mg/dL
EOR,11:03,B-B 13,B-B,AMY,228,CMP,U/L
EOR,11:03,B-B 13,B-B,TG,245.6,CMP,mg/dL
EOR,11:03,B-B 13,B-B,GLU,267.67,CMP,mg/dL
EOR,11:03,B-B 13,B-B,GGT,8,CMP,U/L
EOR,11:03,B-B 13,B-B,APTT,9.8,Coag Panel,sec
EOR,11:03,B-B 13,B-B,PT,20.8,Coag Panel,sec
EOR,11:03,B-B 13,B-B,Fib,0.19,Coag Panel,g/L
20%,12:03,B-B 13,B-B,MAP,64,MAP,mmHg
20%,12:03,B-B 13,B-B,bpm,281,Heart rate,bpm
20%,12:03,B-B 13,B-B,LAC,7.2,ABG,mmol/L
20%,12:03,B-B 13,B-B,pH,7.452,ABG,value
20%,12:03,B-B 13,B-B,pCO2,39.7,ABG,mmHg
20%,12:03,B-B 13,B-B,pO2,100,ABG,mmHg
15%,13:03,B-B 13,B-B,MAP,49,MAP,mmHg
15%,13:03,B-B 13,B-B,bpm,273,Heart rate,bpm
15%,13:03,B-B 13,B-B,LAC,4.1,ABG,mmol/L
15%,13:03,B-B 13,B-B,pH,7.473,ABG,value
15%,13:03,B-B 13,B-B,pCO2,37.2,ABG,mmHg
15%,13:03,B-B 13,B-B,pO2,94.6,ABG,mmHg
10%,14:03,B-B 13,B-B,MAP,47,MAP,mmHg
10%,14:03,B-B 13,B-B,bpm,264,Heart rate,bpm
10%,14:03,B-B 13,B-B,LAC,3.3,ABG,mmol/L
10%,14:03,B-B 13,B-B,pH,7.472,ABG,value
10%,14:03,B-B 13,B-B,pCO2,35.5,ABG,mmHg
10%,14:03,B-B 13,B-B,pO2,87.8,ABG,mmHg
EOB,15:03,B-B 13,B-B,MAP,71,MAP,mmHg
EOB,15:03,B-B 13,B-B,bpm,284,Heart rate,bpm
EOB,15:03,B-B 13,B-B,LAC,2.1,ABG,mmol/L
EOB,15:03,B-B 13,B-B,pH,7.499,ABG,value
EOB,15:03,B-B 13,B-B,pCO2,34.6,ABG,mmHg
EOB,15:03,B-B 13,B-B,pO2,82.5,ABG,mmHg
1HR,15:10,B-B 13,B-B,MAP,60,MAP,mmHg
1HR,15:10,B-B 13,B-B,bpm,275,Heart rate,bpm
1HR,15:10,B-B 13,B-B,RBC,3.39,CBC,M/mL
1HR,15:10,B-B 13,B-B,Hb,7.4,CBC,mg/dL
1HR,15:10,B-B 13,B-B,HCT,22.6,CBC,mmHg
1HR,15:10,B-B 13,B-B,PLT,177,CBC,10^3/uL
1HR,15:10,B-B 13,B-B,WBC,7.3,CBC,10^3/uL
1HR,15:10,B-B 13,B-B,LAC,2.4,ABG,mmol/L
1HR,15:10,B-B 13,B-B,pH,7.498,ABG,value
1HR,15:10,B-B 13,B-B,pCO2,37.9,ABG,mmHg
1HR,15:10,B-B 13,B-B,pO2,78.1,ABG,mmHg
1HR,15:10,B-B 13,B-B,AST,108,CMP,U/L
1HR,15:10,B-B 13,B-B,ALT,80,CMP,U/L
1HR,15:10,B-B 13,B-B,LDH,150,CMP,U/L
1HR,15:10,B-B 13,B-B,CREA,0.5,CMP,mg/dL
1HR,15:10,B-B 13,B-B,BUN,15.57,CMP,mg/dL
1HR,15:10,B-B 13,B-B,AMY,250,CMP,U/L
1HR,15:10,B-B 13,B-B,TG,333.2,CMP,mg/dL
1HR,15:10,B-B 13,B-B,GLU,145.51,CMP,mg/dL
1HR,15:10,B-B 13,B-B,GGT,10,CMP,U/L
1HR,15:10,B-B 13,B-B,APTT,12.1,Coag Panel,sec
1HR,15:10,B-B 13,B-B,PT,13.9,Coag Panel,sec
1HR,15:10,B-B 13,B-B,Fib,4.01,Coag Panel,g/L
24HR,11:03,B-B 13,B-B,MAP,76,MAP,mmHg
24HR,11:03,B-B 13,B-B,bpm,197,Heart rate,bpm
24HR,11:03,B-B 13,B-B,RBC,3.51,CBC,M/mL
24HR,11:03,B-B 13,B-B,Hb,8.1,CBC,mg/dL
24HR,11:03,B-B 13,B-B,HCT,23.4,CBC,mmHg
24HR,11:03,B-B 13,B-B,PLT,247,CBC,10^3/uL
24HR,11:03,B-B 13,B-B,WBC,7.5,CBC,10^3/uL
24HR,11:03,B-B 13,B-B,LAC,1.6,ABG,mmol/L
24HR,11:03,B-B 13,B-B,pH,7.385,ABG,value
24HR,11:03,B-B 13,B-B,pCO2,49.8,ABG,mmHg
24HR,11:03,B-B 13,B-B,pO2,31.6,ABG,mmHg
24HR,11:03,B-B 13,B-B,AST,37,CMP,U/L
24HR,11:03,B-B 13,B-B,ALT,76,CMP,U/L
24HR,11:03,B-B 13,B-B,LDH,84,CMP,U/L
24HR,11:03,B-B 13,B-B,CREA,0.4,CMP,mg/dL
24HR,11:03,B-B 13,B-B,BUN,11.68,CMP,mg/dL
24HR,11:03,B-B 13,B-B,AMY,432,CMP,U/L
24HR,11:03,B-B 13,B-B,TG,404.5,CMP,mg/dL
24HR,11:03,B-B 13,B-B,GLU,142.53,CMP,mg/dL
24HR,11:03,B-B 13,B-B,GGT,12,CMP,U/L
24HR,11:03,B-B 13,B-B,APTT,9.5,Coag Panel,sec
24HR,11:03,B-B 13,B-B,PT,14.6,Coag Panel,sec
24HR,11:03,B-B 13,B-B,Fib,5.34,Coag Panel,g/L
48HR,11:03,B-B 13,B-B,MAP,62,MAP,mmHg
48HR,11:03,B-B 13,B-B,bpm,277,Heart rate,bpm
48HR,11:03,B-B 13,B-B,RBC,3.76,CBC,M/mL
48HR,11:03,B-B 13,B-B,Hb,8.4,CBC,mg/dL
48HR,11:03,B-B 13,B-B,HCT,26,CBC,mmHg
48HR,11:03,B-B 13,B-B,PLT,344,CBC,10^3/uL
48HR,11:03,B-B 13,B-B,WBC,7.5,CBC,10^3/uL
48HR,11:03,B-B 13,B-B,LAC,1.2,ABG,mmol/L
48HR,11:03,B-B 13,B-B,pH,7.397,ABG,value
48HR,11:03,B-B 13,B-B,pCO2,49.9,ABG,mmHg
48HR,11:03,B-B 13,B-B,pO2,31,ABG,mmHg
48HR,11:03,B-B 13,B-B,AST,7,CMP,U/L
48HR,11:03,B-B 13,B-B,ALT,48,CMP,U/L
48HR,11:03,B-B 13,B-B,LDH,23,CMP,U/L
48HR,11:03,B-B 13,B-B,CREA,0.4,CMP,mg/dL
48HR,11:03,B-B 13,B-B,BUN,9.08,CMP,mg/dL
48HR,11:03,B-B 13,B-B,AMY,295,CMP,U/L
48HR,11:03,B-B 13,B-B,TG,127.75,CMP,mg/dL
48HR,11:03,B-B 13,B-B,GLU,123.97,CMP,mg/dL
48HR,11:03,B-B 13,B-B,GGT,10,CMP,U/L
48HR,11:03,B-B 13,B-B,APTT,21.4,Coag Panel,sec
48HR,11:03,B-B 13,B-B,PT,9.5,Coag Panel,sec
48HR,11:03,B-B 13,B-B,Fib,4.12,Coag Panel,g/L
Baseline,07:45,B-B 15,B-B,MAP,70,MAP,mmHg
Baseline,07:45,B-B 15,B-B,bpm,262,Heart rate,bpm
Baseline,07:45,B-B 15,B-B,RBC,6.05,CBC,M/mL
Baseline,07:45,B-B 15,B-B,Hb,12.9,CBC,mg/dL
Baseline,07:45,B-B 15,B-B,HCT,40.3,CBC,mmHg
Baseline,07:45,B-B 15,B-B,PLT,286,CBC,10^3/uL
Baseline,07:45,B-B 15,B-B,WBC,9,CBC,10^3/uL
Baseline,07:45,B-B 15,B-B,X._Free_Hb,0,% Free Hb,%
Baseline,07:45,B-B 15,B-B,LAC,2.4,ABG,mmol/L
Baseline,07:45,B-B 15,B-B,pH,7.469,ABG,value
Baseline,07:45,B-B 15,B-B,pCO2,33.6,ABG,mmHg
Baseline,07:45,B-B 15,B-B,pO2,80.1,ABG,mmHg
Baseline,07:45,B-B 15,B-B,AST,68,CMP,U/L
Baseline,07:45,B-B 15,B-B,ALT,76,CMP,U/L
Baseline,07:45,B-B 15,B-B,LDH,152,CMP,U/L
Baseline,07:45,B-B 15,B-B,CREA,0.7,CMP,mg/dL
Baseline,07:45,B-B 15,B-B,BUN,14.77,CMP,mg/dL
Baseline,07:45,B-B 15,B-B,AMY,211,CMP,U/L
Baseline,07:45,B-B 15,B-B,TG,94.36,CMP,mg/dL
Baseline,07:45,B-B 15,B-B,GLU,142.07,CMP,mg/dL
Baseline,07:45,B-B 15,B-B,GGT,10,CMP,U/L
Baseline,07:45,B-B 15,B-B,APTT,118.3,Coag Panel,sec
Baseline,07:45,B-B 15,B-B,PT,27.8,Coag Panel,sec
Baseline,07:45,B-B 15,B-B,TT,25.4,Coag Panel,sec
Baseline,07:45,B-B 15,B-B,Fib,1.5,Coag Panel,g/L
EOS,10:00,B-B 15,B-B,MAP,23,MAP,mmHg
EOS,10:00,B-B 15,B-B,bpm,253,Heart rate,bpm
EOS,10:00,B-B 15,B-B,RBC,4.05,CBC,M/mL
EOS,10:00,B-B 15,B-B,Hb,8.7,CBC,mg/dL
EOS,10:00,B-B 15,B-B,HCT,26.6,CBC,mmHg
EOS,10:00,B-B 15,B-B,PLT,60,CBC,10^3/uL
EOS,10:00,B-B 15,B-B,WBC,3.8,CBC,10^3/uL
EOS,10:00,B-B 15,B-B,X._Free_Hb,0,% Free Hb,%
EOS,10:00,B-B 15,B-B,LAC,15,ABG,mmol/L
EOS,10:00,B-B 15,B-B,pH,7.409,ABG,value
EOS,10:00,B-B 15,B-B,pCO2,21.3,ABG,mmHg
EOS,10:00,B-B 15,B-B,pO2,102,ABG,mmHg
EOS,10:00,B-B 15,B-B,AST,101,CMP,U/L
EOS,10:00,B-B 15,B-B,ALT,74,CMP,U/L
EOS,10:00,B-B 15,B-B,LDH,302,CMP,U/L
EOS,10:00,B-B 15,B-B,CREA,0.8,CMP,mg/dL
EOS,10:00,B-B 15,B-B,BUN,24.91,CMP,mg/dL
EOS,10:00,B-B 15,B-B,AMY,21.4,CMP,U/L
EOS,10:00,B-B 15,B-B,TG,155.84,CMP,mg/dL
EOS,10:00,B-B 15,B-B,GLU,325.67,CMP,mg/dL
EOS,10:00,B-B 15,B-B,GGT,6,CMP,U/L
EOR,10:10,B-B 15,B-B,MAP,25,MAP,mmHg
EOR,10:10,B-B 15,B-B,RBC,3.85,CBC,M/mL
EOR,10:10,B-B 15,B-B,Hb,8.5,CBC,mg/dL
EOR,10:10,B-B 15,B-B,HCT,25.2,CBC,mmHg
EOR,10:10,B-B 15,B-B,PLT,152,CBC,10^3/uL
EOR,10:10,B-B 15,B-B,WBC,9.3,CBC,10^3/uL
EOR,10:10,B-B 15,B-B,X._Free_Hb,0,% Free Hb,%
EOR,10:10,B-B 15,B-B,LAC,14.7,ABG,mmol/L
EOR,10:10,B-B 15,B-B,pH,7.287,ABG,value
EOR,10:10,B-B 15,B-B,pCO2,27.8,ABG,mmHg
EOR,10:10,B-B 15,B-B,pO2,34.7,ABG,mmHg
EOR,10:10,B-B 15,B-B,AST,128,CMP,U/L
EOR,10:10,B-B 15,B-B,ALT,76,CMP,U/L
EOR,10:10,B-B 15,B-B,LDH,234,CMP,U/L
EOR,10:10,B-B 15,B-B,CREA,0.7,CMP,mg/dL
EOR,10:10,B-B 15,B-B,BUN,24.63,CMP,mg/dL
EOR,10:10,B-B 15,B-B,AMY,191,CMP,U/L
EOR,10:10,B-B 15,B-B,TG,142.48,CMP,mg/dL
EOR,10:10,B-B 15,B-B,GLU,294.22,CMP,mg/dL
EOR,10:10,B-B 15,B-B,GGT,5,CMP,U/L
Baseline,07:45,B-B 16,B-B,MAP,73,MAP,mmHg
Baseline,07:45,B-B 16,B-B,bpm,228,Heart rate,bpm
Baseline,07:45,B-B 16,B-B,RBC,5.98,CBC,M/mL
Baseline,07:45,B-B 16,B-B,Hb,12.7,CBC,mg/dL
Baseline,07:45,B-B 16,B-B,HCT,39.9,CBC,mmHg
Baseline,07:45,B-B 16,B-B,PLT,174,CBC,10^3/uL
Baseline,07:45,B-B 16,B-B,WBC,5.8,CBC,10^3/uL
Baseline,07:45,B-B 16,B-B,LAC,2.2,ABG,mmol/L
Baseline,07:45,B-B 16,B-B,pH,7.434,ABG,value
Baseline,07:45,B-B 16,B-B,pCO2,34.6,ABG,mmHg
Baseline,07:45,B-B 16,B-B,pO2,74.4,ABG,mmHg
Baseline,07:45,B-B 16,B-B,AST,54,CMP,U/L
Baseline,07:45,B-B 16,B-B,ALT,54,CMP,U/L
Baseline,07:45,B-B 16,B-B,LDH,87,CMP,U/L
Baseline,07:45,B-B 16,B-B,CREA,0.4,CMP,mg/dL
Baseline,07:45,B-B 16,B-B,BUN,13.06,CMP,mg/dL
Baseline,07:45,B-B 16,B-B,AMY,231,CMP,U/L
Baseline,07:45,B-B 16,B-B,TG,82.08,CMP,mg/dL
Baseline,07:45,B-B 16,B-B,GLU,137.55,CMP,mg/dL
Baseline,07:45,B-B 16,B-B,GGT,8,CMP,U/L
EOS,NA,B-B 16,B-B,MAP,29,MAP,mmHg
EOS,NA,B-B 16,B-B,bpm,275,Heart rate,bpm
EOS,NA,B-B 16,B-B,RBC,3.82,CBC,M/mL
EOS,NA,B-B 16,B-B,Hb,8.3,CBC,mg/dL
EOS,NA,B-B 16,B-B,HCT,25.1,CBC,mmHg
EOS,NA,B-B 16,B-B,PLT,182,CBC,10^3/uL
EOS,NA,B-B 16,B-B,WBC,4,CBC,10^3/uL
EOS,NA,B-B 16,B-B,LAC,6.8,ABG,mmol/L
EOS,NA,B-B 16,B-B,pH,7.396,ABG,value
EOS,NA,B-B 16,B-B,pCO2,34.7,ABG,mmHg
EOS,NA,B-B 16,B-B,pO2,92.6,ABG,mmHg
EOS,NA,B-B 16,B-B,APTT,127.9,Coag Panel,sec
EOS,NA,B-B 16,B-B,PT,28.4,Coag Panel,sec
EOS,NA,B-B 16,B-B,TT,27.4,Coag Panel,sec
EOS,NA,B-B 16,B-B,Fib,2.05,Coag Panel,g/L
EOR,NA,B-B 16,B-B,MAP,59,MAP,mmHg
EOR,NA,B-B 16,B-B,bpm,229,Heart rate,bpm
EOR,NA,B-B 16,B-B,RBC,4.48,CBC,M/mL
EOR,NA,B-B 16,B-B,Hb,9.6,CBC,mg/dL
EOR,NA,B-B 16,B-B,HCT,29.6,CBC,mmHg
EOR,NA,B-B 16,B-B,PLT,170,CBC,10^3/uL
EOR,NA,B-B 16,B-B,WBC,5,CBC,10^3/uL
EOR,NA,B-B 16,B-B,LAC,6.5,ABG,mmol/L
EOR,NA,B-B 16,B-B,pH,7.304,ABG,value
EOR,NA,B-B 16,B-B,pCO2,42.6,ABG,mmHg
EOR,NA,B-B 16,B-B,pO2,81.1,ABG,mmHg
EOR,NA,B-B 16,B-B,AST,56,CMP,U/L
EOR,NA,B-B 16,B-B,ALT,51,CMP,U/L
EOR,NA,B-B 16,B-B,LDH,149,CMP,U/L
EOR,NA,B-B 16,B-B,CREA,0.9,CMP,mg/dL
EOR,NA,B-B 16,B-B,BUN,19.95,CMP,mg/dL
EOR,NA,B-B 16,B-B,AMY,196,CMP,U/L
EOR,NA,B-B 16,B-B,TG,105.08,CMP,mg/dL
EOR,NA,B-B 16,B-B,GLU,267.16,CMP,mg/dL
EOR,NA,B-B 16,B-B,GGT,8,CMP,U/L
EOR,NA,B-B 16,B-B,APTT,8.4,Coag Panel,sec
EOR,NA,B-B 16,B-B,PT,40.4,Coag Panel,sec
EOR,NA,B-B 16,B-B,Fib,0.72,Coag Panel,g/L
20%,12:11,B-B 16,B-B,MAP,61,MAP,mmHg
20%,12:11,B-B 16,B-B,bpm,245,Heart rate,bpm
20%,12:11,B-B 16,B-B,LAC,4.2,ABG,mmol/L
20%,12:11,B-B 16,B-B,pH,7.489,ABG,value
20%,12:11,B-B 16,B-B,pCO2,36.7,ABG,mmHg
20%,12:11,B-B 16,B-B,pO2,108,ABG,mmHg
15%,13:11,B-B 16,B-B,MAP,71,MAP,mmHg
15%,13:11,B-B 16,B-B,bpm,286,Heart rate,bpm
15%,13:11,B-B 16,B-B,LAC,2.4,ABG,mmol/L
15%,13:11,B-B 16,B-B,pH,7.501,ABG,value
15%,13:11,B-B 16,B-B,pCO2,34.2,ABG,mmHg
15%,13:11,B-B 16,B-B,pO2,102,ABG,mmHg
10%,14:11,B-B 16,B-B,MAP,68,MAP,mmHg
10%,14:11,B-B 16,B-B,bpm,275,Heart rate,bpm
10%,14:11,B-B 16,B-B,LAC,1.5,ABG,mmol/L
10%,14:11,B-B 16,B-B,pH,7.476,ABG,value
10%,14:11,B-B 16,B-B,pCO2,37.4,ABG,mmHg
10%,14:11,B-B 16,B-B,pO2,88.8,ABG,mmHg
EOB,15:11,B-B 16,B-B,MAP,69,MAP,mmHg
EOB,15:11,B-B 16,B-B,bpm,256,Heart rate,bpm
EOB,15:11,B-B 16,B-B,LAC,0.8,ABG,mmol/L
EOB,15:11,B-B 16,B-B,pH,7.48,ABG,value
EOB,15:11,B-B 16,B-B,pCO2,34.5,ABG,mmHg
EOB,15:11,B-B 16,B-B,pO2,94.6,ABG,mmHg
1HR,15:21,B-B 16,B-B,MAP,70,MAP,mmHg
1HR,15:21,B-B 16,B-B,bpm,265,Heart rate,bpm
1HR,15:21,B-B 16,B-B,RBC,4.67,CBC,M/mL
1HR,15:21,B-B 16,B-B,Hb,9.9,CBC,mg/dL
1HR,15:21,B-B 16,B-B,HCT,31,CBC,mmHg
1HR,15:21,B-B 16,B-B,PLT,202,CBC,10^3/uL
1HR,15:21,B-B 16,B-B,WBC,6.6,CBC,10^3/uL
1HR,15:21,B-B 16,B-B,LAC,0.8,ABG,mmol/L
1HR,15:21,B-B 16,B-B,pH,7.491,ABG,value
1HR,15:21,B-B 16,B-B,pCO2,35.3,ABG,mmHg
1HR,15:21,B-B 16,B-B,pO2,88.8,ABG,mmHg
1HR,15:21,B-B 16,B-B,AST,153,CMP,U/L
1HR,15:21,B-B 16,B-B,ALT,74,CMP,U/L
1HR,15:21,B-B 16,B-B,LDH,306,CMP,U/L
1HR,15:21,B-B 16,B-B,CREA,0.7,CMP,mg/dL
1HR,15:21,B-B 16,B-B,BUN,24.31,CMP,mg/dL
1HR,15:21,B-B 16,B-B,AMY,211,CMP,U/L
1HR,15:21,B-B 16,B-B,TG,108.26,CMP,mg/dL
1HR,15:21,B-B 16,B-B,GLU,124.03,CMP,mg/dL
1HR,15:21,B-B 16,B-B,GGT,8,CMP,U/L
1HR,15:21,B-B 16,B-B,APTT,9.5,Coag Panel,sec
1HR,15:21,B-B 16,B-B,PT,22.2,Coag Panel,sec
1HR,15:21,B-B 16,B-B,Fib,4.66,Coag Panel,g/L
24HR,23:11,B-B 16,B-B,MAP,85,MAP,mmHg
24HR,23:11,B-B 16,B-B,bpm,295,Heart rate,bpm
24HR,23:11,B-B 16,B-B,RBC,4.79,CBC,M/mL
24HR,23:11,B-B 16,B-B,Hb,10,CBC,mg/dL
24HR,23:11,B-B 16,B-B,HCT,32,CBC,mmHg
24HR,23:11,B-B 16,B-B,PLT,252,CBC,10^3/uL
24HR,23:11,B-B 16,B-B,WBC,7.8,CBC,10^3/uL
24HR,23:11,B-B 16,B-B,LAC,1.1,ABG,mmol/L
24HR,23:11,B-B 16,B-B,pH,7.478,ABG,value
24HR,23:11,B-B 16,B-B,pCO2,37.7,ABG,mmHg
24HR,23:11,B-B 16,B-B,pO2,74.2,ABG,mmHg
24HR,23:11,B-B 16,B-B,AST,141,CMP,U/L
24HR,23:11,B-B 16,B-B,ALT,180,CMP,U/L
24HR,23:11,B-B 16,B-B,LDH,259,CMP,U/L
24HR,23:11,B-B 16,B-B,CREA,0.5,CMP,mg/dL
24HR,23:11,B-B 16,B-B,BUN,18.25,CMP,mg/dL
24HR,23:11,B-B 16,B-B,AMY,493,CMP,U/L
24HR,23:11,B-B 16,B-B,TG,192.97,CMP,mg/dL
24HR,23:11,B-B 16,B-B,GLU,147.48,CMP,mg/dL
24HR,23:11,B-B 16,B-B,GGT,8,CMP,U/L
24HR,23:11,B-B 16,B-B,APTT,103.8,Coag Panel,sec
24HR,23:11,B-B 16,B-B,PT,13.3,Coag Panel,sec
24HR,23:11,B-B 16,B-B,Fib,7.18,Coag Panel,g/L
48HR,23:11,B-B 16,B-B,MAP,81,MAP,mmHg
48HR,23:11,B-B 16,B-B,bpm,246,Heart rate,bpm
48HR,23:11,B-B 16,B-B,RBC,4.82,CBC,M/mL
48HR,23:11,B-B 16,B-B,Hb,10.6,CBC,mg/dL
48HR,23:11,B-B 16,B-B,HCT,32.2,CBC,mmHg
48HR,23:11,B-B 16,B-B,PLT,340,CBC,10^3/uL
48HR,23:11,B-B 16,B-B,WBC,7.6,CBC,10^3/uL
48HR,23:11,B-B 16,B-B,LAC,7.6,ABG,mmol/L
48HR,23:11,B-B 16,B-B,pH,7.262,ABG,value
48HR,23:11,B-B 16,B-B,pCO2,55.3,ABG,mmHg
48HR,23:11,B-B 16,B-B,pO2,34.7,ABG,mmHg
48HR,23:11,B-B 16,B-B,AST,33,CMP,U/L
48HR,23:11,B-B 16,B-B,ALT,160,CMP,U/L
48HR,23:11,B-B 16,B-B,LDH,60,CMP,U/L
48HR,23:11,B-B 16,B-B,CREA,0.5,CMP,mg/dL
48HR,23:11,B-B 16,B-B,BUN,14.86,CMP,mg/dL
48HR,23:11,B-B 16,B-B,AMY,430,CMP,U/L
48HR,23:11,B-B 16,B-B,TG,182.27,CMP,mg/dL
48HR,23:11,B-B 16,B-B,GLU,158.54,CMP,mg/dL
48HR,23:11,B-B 16,B-B,GGT,8,CMP,U/L
48HR,23:11,B-B 16,B-B,APTT,139.4,Coag Panel,sec
48HR,23:11,B-B 16,B-B,PT,11.5,Coag Panel,sec
48HR,23:11,B-B 16,B-B,TT,31,Coag Panel,sec
48HR,23:11,B-B 16,B-B,Fib,3.95,Coag Panel,g/L
Baseline,NA,B-B 17,B-B,MAP,69,MAP,mmHg
Baseline,NA,B-B 17,B-B,RBC,6.82,CBC,M/mL
Baseline,NA,B-B 17,B-B,Hb,13.3,CBC,mg/dL
Baseline,NA,B-B 17,B-B,HCT,40.8,CBC,mmHg
Baseline,NA,B-B 17,B-B,PLT,173,CBC,10^3/uL
Baseline,NA,B-B 17,B-B,WBC,5.6,CBC,10^3/uL
Baseline,NA,B-B 17,B-B,LAC,1.2,ABG,mmol/L
Baseline,NA,B-B 17,B-B,pH,7.445,ABG,value
Baseline,NA,B-B 17,B-B,pCO2,29.1,ABG,mmHg
Baseline,NA,B-B 17,B-B,pO2,85.9,ABG,mmHg
Baseline,NA,B-B 17,B-B,AST,232,CMP,U/L
Baseline,NA,B-B 17,B-B,ALT,135,CMP,U/L
Baseline,NA,B-B 17,B-B,LDH,125,CMP,U/L
Baseline,NA,B-B 17,B-B,CREA,0.4,CMP,mg/dL
Baseline,NA,B-B 17,B-B,BUN,11.19,CMP,mg/dL
Baseline,NA,B-B 17,B-B,AMY,185,CMP,U/L
Baseline,NA,B-B 17,B-B,TG,148.37,CMP,mg/dL
Baseline,NA,B-B 17,B-B,GLU,122.41,CMP,mg/dL
Baseline,NA,B-B 17,B-B,GGT,10,CMP,U/L
EOS,NA,B-B 17,B-B,MAP,36,MAP,mmHg
EOS,NA,B-B 17,B-B,RBC,5.18,CBC,M/mL
EOS,NA,B-B 17,B-B,Hb,10.1,CBC,mg/dL
EOS,NA,B-B 17,B-B,HCT,30.8,CBC,mmHg
EOS,NA,B-B 17,B-B,PLT,175,CBC,10^3/uL
EOS,NA,B-B 17,B-B,WBC,3.3,CBC,10^3/uL
EOS,NA,B-B 17,B-B,LAC,17,ABG,mmol/L
EOS,NA,B-B 17,B-B,pH,7.192,ABG,value
EOS,NA,B-B 17,B-B,pCO2,9,ABG,mmHg
EOS,NA,B-B 17,B-B,pO2,118,ABG,mmHg
EOR,NA,B-B 17,B-B,MAP,68,MAP,mmHg
EOR,NA,B-B 17,B-B,RBC,6.01,CBC,M/mL
EOR,NA,B-B 17,B-B,Hb,11.3,CBC,mg/dL
EOR,NA,B-B 17,B-B,HCT,36.1,CBC,mmHg
EOR,NA,B-B 17,B-B,PLT,257,CBC,10^3/uL
EOR,NA,B-B 17,B-B,WBC,7.1,CBC,10^3/uL
EOR,NA,B-B 17,B-B,LAC,17,ABG,mmol/L
EOR,NA,B-B 17,B-B,pH,7.085,ABG,value
EOR,NA,B-B 17,B-B,pCO2,20,ABG,mmHg
EOR,NA,B-B 17,B-B,pO2,118,ABG,mmHg
EOR,NA,B-B 17,B-B,AST,650,CMP,U/L
EOR,NA,B-B 17,B-B,ALT,407,CMP,U/L
EOR,NA,B-B 17,B-B,LDH,933,CMP,U/L
EOR,NA,B-B 17,B-B,CREA,0.6,CMP,mg/dL
EOR,NA,B-B 17,B-B,BUN,23.41,CMP,mg/dL
EOR,NA,B-B 17,B-B,AMY,246,CMP,U/L
EOR,NA,B-B 17,B-B,TG,97.1,CMP,mg/dL
EOR,NA,B-B 17,B-B,GLU,223.17,CMP,mg/dL
EOR,NA,B-B 17,B-B,GGT,10,CMP,U/L
20%,NA,B-B 17,B-B,MAP,58,MAP,mmHg
20%,NA,B-B 17,B-B,LAC,10.3,ABG,mmol/L
20%,NA,B-B 17,B-B,pH,7.358,ABG,value
20%,NA,B-B 17,B-B,pCO2,18.8,ABG,mmHg
20%,NA,B-B 17,B-B,pO2,113,ABG,mmHg
15%,NA,B-B 17,B-B,MAP,57,MAP,mmHg
15%,NA,B-B 17,B-B,LAC,5.1,ABG,mmol/L
15%,NA,B-B 17,B-B,pH,7.403,ABG,value
15%,NA,B-B 17,B-B,pCO2,20.8,ABG,mmHg
15%,NA,B-B 17,B-B,pO2,109,ABG,mmHg
10%,NA,B-B 17,B-B,MAP,53,MAP,mmHg
10%,NA,B-B 17,B-B,LAC,3,ABG,mmol/L
10%,NA,B-B 17,B-B,pH,7.428,ABG,value
10%,NA,B-B 17,B-B,pCO2,20.7,ABG,mmHg
10%,NA,B-B 17,B-B,pO2,102,ABG,mmHg
EOB,NA,B-B 17,B-B,MAP,70,MAP,mmHg
EOB,NA,B-B 17,B-B,LAC,3.1,ABG,mmol/L
EOB,NA,B-B 17,B-B,pH,7.435,ABG,value
EOB,NA,B-B 17,B-B,pCO2,23.5,ABG,mmHg
EOB,NA,B-B 17,B-B,pO2,101,ABG,mmHg
1HR,NA,B-B 17,B-B,MAP,77,MAP,mmHg
1HR,NA,B-B 17,B-B,RBC,5.93,CBC,M/mL
1HR,NA,B-B 17,B-B,Hb,11.1,CBC,mg/dL
1HR,NA,B-B 17,B-B,HCT,35.5,CBC,mmHg
1HR,NA,B-B 17,B-B,PLT,206,CBC,10^3/uL
1HR,NA,B-B 17,B-B,WBC,5.3,CBC,10^3/uL
1HR,NA,B-B 17,B-B,LAC,3.1,ABG,mmol/L
1HR,NA,B-B 17,B-B,pH,7.43,ABG,value
1HR,NA,B-B 17,B-B,pCO2,24.7,ABG,mmHg
1HR,NA,B-B 17,B-B,pO2,102,ABG,mmHg
1HR,NA,B-B 17,B-B,AST,650,CMP,U/L
1HR,NA,B-B 17,B-B,ALT,650,CMP,U/L
1HR,NA,B-B 17,B-B,LDH,878,CMP,U/L
1HR,NA,B-B 17,B-B,CREA,0.6,CMP,mg/dL
1HR,NA,B-B 17,B-B,BUN,27.14,CMP,mg/dL
1HR,NA,B-B 17,B-B,AMY,227,CMP,U/L
1HR,NA,B-B 17,B-B,TG,129.51,CMP,mg/dL
1HR,NA,B-B 17,B-B,GLU,161.33,CMP,mg/dL
1HR,NA,B-B 17,B-B,GGT,13,CMP,U/L
24HR,NA,B-B 17,B-B,MAP,66,MAP,mmHg
24HR,NA,B-B 17,B-B,RBC,6.57,CBC,M/mL
24HR,NA,B-B 17,B-B,Hb,12.5,CBC,mg/dL
24HR,NA,B-B 17,B-B,HCT,39.2,CBC,mmHg
24HR,NA,B-B 17,B-B,PLT,239,CBC,10^3/uL
24HR,NA,B-B 17,B-B,WBC,5.4,CBC,10^3/uL
24HR,NA,B-B 17,B-B,LAC,1.3,ABG,mmol/L
24HR,NA,B-B 17,B-B,pH,7.462,ABG,value
24HR,NA,B-B 17,B-B,pCO2,27.7,ABG,mmHg
24HR,NA,B-B 17,B-B,pO2,91.2,ABG,mmHg
24HR,NA,B-B 17,B-B,AST,650,CMP,U/L
24HR,NA,B-B 17,B-B,ALT,650,CMP,U/L
24HR,NA,B-B 17,B-B,LDH,1200,CMP,U/L
24HR,NA,B-B 17,B-B,CREA,0.1,CMP,mg/dL
24HR,NA,B-B 17,B-B,BUN,40.38,CMP,mg/dL
24HR,NA,B-B 17,B-B,AMY,360,CMP,U/L
24HR,NA,B-B 17,B-B,TG,228.54,CMP,mg/dL
24HR,NA,B-B 17,B-B,GLU,152.18,CMP,mg/dL
24HR,NA,B-B 17,B-B,GGT,26,CMP,U/L
48HR,NA,B-B 17,B-B,MAP,65,MAP,mmHg
48HR,NA,B-B 17,B-B,RBC,5.91,CBC,M/mL
48HR,NA,B-B 17,B-B,Hb,10.9,CBC,mg/dL
48HR,NA,B-B 17,B-B,HCT,34.9,CBC,mmHg
48HR,NA,B-B 17,B-B,PLT,257,CBC,10^3/uL
48HR,NA,B-B 17,B-B,WBC,6.3,CBC,10^3/uL
48HR,NA,B-B 17,B-B,LAC,1.4,ABG,mmol/L
48HR,NA,B-B 17,B-B,pH,7.46,ABG,value
48HR,NA,B-B 17,B-B,pCO2,32.8,ABG,mmHg
48HR,NA,B-B 17,B-B,pO2,84.9,ABG,mmHg
48HR,NA,B-B 17,B-B,AST,650,CMP,U/L
48HR,NA,B-B 17,B-B,ALT,650,CMP,U/L
48HR,NA,B-B 17,B-B,LDH,672,CMP,U/L
48HR,NA,B-B 17,B-B,CREA,0.5,CMP,mg/dL
48HR,NA,B-B 17,B-B,BUN,25.73,CMP,mg/dL
48HR,NA,B-B 17,B-B,AMY,800,CMP,U/L
48HR,NA,B-B 17,B-B,TG,384.12,CMP,mg/dL
48HR,NA,B-B 17,B-B,GLU,134.19,CMP,mg/dL
48HR,NA,B-B 17,B-B,GGT,27,CMP,U/L
Baseline,07:30,B-B 19,B-B,MAP,28,MAP,mmHg
Baseline,07:30,B-B 19,B-B,bpm,268,Heart rate,bpm
Baseline,07:30,B-B 19,B-B,RBC,5.82,CBC,M/mL
Baseline,07:30,B-B 19,B-B,Hb,13,CBC,mg/dL
Baseline,07:30,B-B 19,B-B,HCT,38,CBC,mmHg
Baseline,07:30,B-B 19,B-B,PLT,196,CBC,10^3/uL
Baseline,07:30,B-B 19,B-B,WBC,9.3,CBC,10^3/uL
Baseline,07:30,B-B 19,B-B,LAC,1,ABG,mmol/L
Baseline,07:30,B-B 19,B-B,pH,7.474,ABG,value
Baseline,07:30,B-B 19,B-B,pCO2,38.2,ABG,mmHg
Baseline,07:30,B-B 19,B-B,pO2,87.3,ABG,mmHg
Baseline,07:30,B-B 19,B-B,AST,66,CMP,U/L
Baseline,07:30,B-B 19,B-B,ALT,62,CMP,U/L
Baseline,07:30,B-B 19,B-B,LDH,348,CMP,U/L
Baseline,07:30,B-B 19,B-B,CREA,0.2,CMP,mg/dL
Baseline,07:30,B-B 19,B-B,BUN,11.61,CMP,mg/dL
Baseline,07:30,B-B 19,B-B,AMY,238,CMP,U/L
Baseline,07:30,B-B 19,B-B,TG,128.81,CMP,mg/dL
Baseline,07:30,B-B 19,B-B,GLU,153.1,CMP,mg/dL
Baseline,07:30,B-B 19,B-B,GGT,8,CMP,U/L
Baseline,07:30,B-B 19,B-B,APTT,15.1,Coag Panel,sec
Baseline,07:30,B-B 19,B-B,PT,16.4,Coag Panel,sec
Baseline,07:30,B-B 19,B-B,Fib,2.57,Coag Panel,g/L
EOS,09:50,B-B 19,B-B,MAP,62,MAP,mmHg
EOS,09:50,B-B 19,B-B,bpm,176,Heart rate,bpm
EOS,09:50,B-B 19,B-B,RBC,3.39,CBC,M/mL
EOS,09:50,B-B 19,B-B,Hb,7.4,CBC,mg/dL
EOS,09:50,B-B 19,B-B,HCT,21.6,CBC,mmHg
EOS,09:50,B-B 19,B-B,PLT,170,CBC,10^3/uL
EOS,09:50,B-B 19,B-B,WBC,6.9,CBC,10^3/uL
EOS,09:50,B-B 19,B-B,LAC,16,ABG,mmol/L
EOS,09:50,B-B 19,B-B,pH,7.37,ABG,value
EOS,09:50,B-B 19,B-B,pCO2,31.5,ABG,mmHg
EOS,09:50,B-B 19,B-B,pO2,98.4,ABG,mmHg
EOS,09:50,B-B 19,B-B,AST,96,CMP,U/L
EOS,09:50,B-B 19,B-B,ALT,60,CMP,U/L
EOS,09:50,B-B 19,B-B,LDH,355,CMP,U/L
EOS,09:50,B-B 19,B-B,CREA,0.5,CMP,mg/dL
EOS,09:50,B-B 19,B-B,BUN,20.98,CMP,mg/dL
EOS,09:50,B-B 19,B-B,AMY,191,CMP,U/L
EOS,09:50,B-B 19,B-B,TG,288.09,CMP,mg/dL
EOS,09:50,B-B 19,B-B,GLU,442.41,CMP,mg/dL
EOS,09:50,B-B 19,B-B,GGT,7,CMP,U/L
EOS,09:50,B-B 19,B-B,APTT,140.1,Coag Panel,sec
EOS,09:50,B-B 19,B-B,PT,12,Coag Panel,sec
EOS,09:50,B-B 19,B-B,TT,26.8,Coag Panel,sec
EOS,09:50,B-B 19,B-B,Fib,1.23,Coag Panel,g/L
EOR,10:00,B-B 19,B-B,MAP,97,MAP,mmHg
EOR,10:00,B-B 19,B-B,bpm,241,Heart rate,bpm
EOR,10:00,B-B 19,B-B,RBC,4.46,CBC,M/mL
EOR,10:00,B-B 19,B-B,Hb,9.9,CBC,mg/dL
EOR,10:00,B-B 19,B-B,HCT,28.5,CBC,mmHg
EOR,10:00,B-B 19,B-B,PLT,112,CBC,10^3/uL
EOR,10:00,B-B 19,B-B,WBC,8.3,CBC,10^3/uL
EOR,10:00,B-B 19,B-B,LAC,13,ABG,mmol/L
EOR,10:00,B-B 19,B-B,pH,7.354,ABG,value
EOR,10:00,B-B 19,B-B,pCO2,34,ABG,mmHg
EOR,10:00,B-B 19,B-B,pO2,67.1,ABG,mmHg
EOR,10:00,B-B 19,B-B,AST,98,CMP,U/L
EOR,10:00,B-B 19,B-B,ALT,62,CMP,U/L
EOR,10:00,B-B 19,B-B,LDH,291,CMP,U/L
EOR,10:00,B-B 19,B-B,CREA,0.4,CMP,mg/dL
EOR,10:00,B-B 19,B-B,BUN,23.41,CMP,mg/dL
EOR,10:00,B-B 19,B-B,AMY,218,CMP,U/L
EOR,10:00,B-B 19,B-B,TG,277.95,CMP,mg/dL
EOR,10:00,B-B 19,B-B,GLU,397.07,CMP,mg/dL
EOR,10:00,B-B 19,B-B,GGT,7,CMP,U/L
EOR,10:00,B-B 19,B-B,APTT,140.8,Coag Panel,sec
EOR,10:00,B-B 19,B-B,PT,12.1,Coag Panel,sec
EOR,10:00,B-B 19,B-B,TT,27.4,Coag Panel,sec
EOR,10:00,B-B 19,B-B,Fib,1.31,Coag Panel,g/L
10%,11:05,B-B 19,B-B,MAP,76,MAP,mmHg
10%,11:05,B-B 19,B-B,bpm,281,Heart rate,bpm
10%,11:05,B-B 19,B-B,LAC,8.7,ABG,mmol/L
10%,11:05,B-B 19,B-B,pH,7.377,ABG,value
10%,11:05,B-B 19,B-B,pCO2,36.4,ABG,mmHg
10%,11:05,B-B 19,B-B,pO2,108,ABG,mmHg
7.5%,12:00,B-B 19,B-B,MAP,94,MAP,mmHg
7.5%,12:00,B-B 19,B-B,bpm,289,Heart rate,bpm
7.5%,12:00,B-B 19,B-B,LAC,4.3,ABG,mmol/L
7.5%,12:00,B-B 19,B-B,pH,7.457,ABG,value
7.5%,12:00,B-B 19,B-B,pCO2,37.4,ABG,mmHg
7.5%,12:00,B-B 19,B-B,pO2,92.8,ABG,mmHg
5%,13:00,B-B 19,B-B,MAP,80,MAP,mmHg
5%,13:00,B-B 19,B-B,bpm,289,Heart rate,bpm
5%,13:00,B-B 19,B-B,LAC,2.9,ABG,mmol/L
5%,13:00,B-B 19,B-B,pH,7.483,ABG,value
5%,13:00,B-B 19,B-B,pCO2,39.6,ABG,mmHg
5%,13:00,B-B 19,B-B,pO2,88.3,ABG,mmHg
2.5000000000000001E-2,14:00,B-B 19,B-B,MAP,89,MAP,mmHg
2.5000000000000001E-2,14:00,B-B 19,B-B,bpm,284,Heart rate,bpm
2.5000000000000001E-2,14:00,B-B 19,B-B,LAC,2.1,ABG,mmol/L
2.5000000000000001E-2,14:00,B-B 19,B-B,pH,7.521,ABG,value
2.5000000000000001E-2,14:00,B-B 19,B-B,pCO2,37.4,ABG,mmHg
2.5000000000000001E-2,14:00,B-B 19,B-B,pO2,97,ABG,mmHg
EOB,14:30,B-B 19,B-B,MAP,82,MAP,mmHg
EOB,14:30,B-B 19,B-B,bpm,289,Heart rate,bpm
EOB,14:30,B-B 19,B-B,RBC,4.96,CBC,M/mL
EOB,14:30,B-B 19,B-B,Hb,11,CBC,mg/dL
EOB,14:30,B-B 19,B-B,HCT,31.7,CBC,mmHg
EOB,14:30,B-B 19,B-B,PLT,103,CBC,10^3/uL
EOB,14:30,B-B 19,B-B,WBC,8.8,CBC,10^3/uL
EOB,14:30,B-B 19,B-B,LAC,2.6,ABG,mmol/L
EOB,14:30,B-B 19,B-B,pH,7.508,ABG,value
EOB,14:30,B-B 19,B-B,pCO2,38.5,ABG,mmHg
EOB,14:30,B-B 19,B-B,pO2,85.4,ABG,mmHg
EOB,14:30,B-B 19,B-B,AST,304,CMP,U/L
EOB,14:30,B-B 19,B-B,ALT,151,CMP,U/L
EOB,14:30,B-B 19,B-B,LDH,826,CMP,U/L
EOB,14:30,B-B 19,B-B,CREA,0.1,CMP,mg/dL
EOB,14:30,B-B 19,B-B,BUN,15.87,CMP,mg/dL
EOB,14:30,B-B 19,B-B,AMY,236,CMP,U/L
EOB,14:30,B-B 19,B-B,TG,221.79,CMP,mg/dL
EOB,14:30,B-B 19,B-B,GLU,146.86,CMP,mg/dL
EOB,14:30,B-B 19,B-B,GGT,6,CMP,U/L
EOB,14:30,B-B 19,B-B,APTT,143.1,Coag Panel,sec
EOB,14:30,B-B 19,B-B,PT,11.1,Coag Panel,sec
EOB,14:30,B-B 19,B-B,TT,79.2,Coag Panel,sec
EOB,14:30,B-B 19,B-B,Fib,2.62,Coag Panel,g/L
24HR,10:00,B-B 19,B-B,MAP,90,MAP,mmHg
24HR,10:00,B-B 19,B-B,bpm,299,Heart rate,bpm
24HR,10:00,B-B 19,B-B,RBC,5.37,CBC,M/mL
24HR,10:00,B-B 19,B-B,Hb,12.2,CBC,mg/dL
24HR,10:00,B-B 19,B-B,HCT,34.6,CBC,mmHg
24HR,10:00,B-B 19,B-B,PLT,151,CBC,10^3/uL
24HR,10:00,B-B 19,B-B,WBC,6.6,CBC,10^3/uL
24HR,10:00,B-B 19,B-B,LAC,2.1,ABG,mmol/L
24HR,10:00,B-B 19,B-B,pH,7.515,ABG,value
24HR,10:00,B-B 19,B-B,pCO2,34,ABG,mmHg
24HR,10:00,B-B 19,B-B,pO2,89.1,ABG,mmHg
24HR,10:00,B-B 19,B-B,AST,413,CMP,U/L
24HR,10:00,B-B 19,B-B,ALT,258,CMP,U/L
24HR,10:00,B-B 19,B-B,LDH,686,CMP,U/L
24HR,10:00,B-B 19,B-B,CREA,0.5,CMP,mg/dL
24HR,10:00,B-B 19,B-B,BUN,23.1,CMP,mg/dL
24HR,10:00,B-B 19,B-B,AMY,347,CMP,U/L
24HR,10:00,B-B 19,B-B,TG,456.33,CMP,mg/dL
24HR,10:00,B-B 19,B-B,GLU,189.47,CMP,mg/dL
24HR,10:00,B-B 19,B-B,GGT,5,CMP,U/L
24HR,10:00,B-B 19,B-B,APTT,137.07,Coag Panel,sec
24HR,10:00,B-B 19,B-B,PT,8.7,Coag Panel,sec
24HR,10:00,B-B 19,B-B,TT,17.8,Coag Panel,sec
24HR,10:00,B-B 19,B-B,Fib,2.82,Coag Panel,g/L
48HR,08:30,B-B 19,B-B,MAP,76,MAP,mmHg
48HR,08:30,B-B 19,B-B,bpm,291,Heart rate,bpm
48HR,08:30,B-B 19,B-B,LAC,2,ABG,mmol/L
48HR,08:30,B-B 19,B-B,pH,7.46,ABG,value
48HR,08:30,B-B 19,B-B,pCO2,37.7,ABG,mmHg
48HR,08:30,B-B 19,B-B,pO2,82.9,ABG,mmHg
48HR,08:30,B-B 19,B-B,AST,389,CMP,U/L
48HR,08:30,B-B 19,B-B,ALT,286,CMP,U/L
48HR,08:30,B-B 19,B-B,LDH,671,CMP,U/L
48HR,08:30,B-B 19,B-B,CREA,0.8,CMP,mg/dL
48HR,08:30,B-B 19,B-B,BUN,26.01,CMP,mg/dL
48HR,08:30,B-B 19,B-B,AMY,455,CMP,U/L
48HR,08:30,B-B 19,B-B,TG,609,CMP,mg/dL
48HR,08:30,B-B 19,B-B,GLU,161.43,CMP,mg/dL
48HR,08:30,B-B 19,B-B,GGT,6,CMP,U/L
48HR,08:30,B-B 19,B-B,APTT,140.9,Coag Panel,sec
48HR,08:30,B-B 19,B-B,PT,8.8,Coag Panel,sec
48HR,08:30,B-B 19,B-B,TT,21.1,Coag Panel,sec
48HR,08:30,B-B 19,B-B,Fib,4.4,Coag Panel,g/L
Baseline,06:48,B-B 21,B-B,MAP,73,MAP,mmHg
Baseline,06:48,B-B 21,B-B,bpm,294,Heart rate,bpm
Baseline,06:48,B-B 21,B-B,RBC,5.29,CBC,M/mL
Baseline,06:48,B-B 21,B-B,Hb,11.5,CBC,mg/dL
Baseline,06:48,B-B 21,B-B,HCT,34.5,CBC,mmHg
Baseline,06:48,B-B 21,B-B,PLT,262,CBC,10^3/uL
Baseline,06:48,B-B 21,B-B,WBC,3.6,CBC,10^3/uL
Baseline,06:48,B-B 21,B-B,X._Free_Hb,0,% Free Hb,%
Baseline,06:48,B-B 21,B-B,LAC,1.1,ABG,mmol/L
Baseline,06:48,B-B 21,B-B,pH,7.472,ABG,value
Baseline,06:48,B-B 21,B-B,pCO2,36.4,ABG,mmHg
Baseline,06:48,B-B 21,B-B,pO2,77.7,ABG,mmHg
Baseline,06:48,B-B 21,B-B,AST,21,CMP,U/L
Baseline,06:48,B-B 21,B-B,ALT,44,CMP,U/L
Baseline,06:48,B-B 21,B-B,LDH,234,CMP,U/L
Baseline,06:48,B-B 21,B-B,CREA,0.6,CMP,mg/dL
Baseline,06:48,B-B 21,B-B,BUN,12.73,CMP,mg/dL
Baseline,06:48,B-B 21,B-B,AMY,175,CMP,U/L
Baseline,06:48,B-B 21,B-B,TG,130.13,CMP,mg/dL
Baseline,06:48,B-B 21,B-B,GLU,204.05,CMP,mg/dL
Baseline,06:48,B-B 21,B-B,GGT,8,CMP,U/L
Baseline,06:48,B-B 21,B-B,CKHR_time,9.7,TEG 5000,min
Baseline,06:48,B-B 21,B-B,CKH_K,2,TEG 5000,min
Baseline,06:48,B-B 21,B-B,CKH_angle,37.9,TEG 5000,degree
Baseline,06:48,B-B 21,B-B,CKH_MA,60.5,TEG 5000,mm
Baseline,06:48,B-B 21,B-B,APTT,53.8,Coag Panel,sec
Baseline,06:48,B-B 21,B-B,PT,24.9,Coag Panel,sec
Baseline,06:48,B-B 21,B-B,TT,31.9,Coag Panel,sec
Baseline,06:48,B-B 21,B-B,Fib,1.53,Coag Panel,g/L
EOS,09:45,B-B 21,B-B,MAP,40,MAP,mmHg
EOS,09:45,B-B 21,B-B,bpm,173,Heart rate,bpm
EOS,09:45,B-B 21,B-B,RBC,3.59,CBC,M/mL
EOS,09:45,B-B 21,B-B,Hb,7.8,CBC,mg/dL
EOS,09:45,B-B 21,B-B,HCT,22.9,CBC,mmHg
EOS,09:45,B-B 21,B-B,PLT,206,CBC,10^3/uL
EOS,09:45,B-B 21,B-B,WBC,4.5,CBC,10^3/uL
EOS,09:45,B-B 21,B-B,X._Free_Hb,0,% Free Hb,%
EOS,09:45,B-B 21,B-B,LAC,10.9,ABG,mmol/L
EOS,09:45,B-B 21,B-B,pH,7.404,ABG,value
EOS,09:45,B-B 21,B-B,pCO2,34.4,ABG,mmHg
EOS,09:45,B-B 21,B-B,pO2,96.8,ABG,mmHg
EOS,09:45,B-B 21,B-B,AST,111,CMP,U/L
EOS,09:45,B-B 21,B-B,ALT,69,CMP,U/L
EOS,09:45,B-B 21,B-B,LDH,281,CMP,U/L
EOS,09:45,B-B 21,B-B,CREA,1,CMP,mg/dL
EOS,09:45,B-B 21,B-B,BUN,15.62,CMP,mg/dL
EOS,09:45,B-B 21,B-B,AMY,179,CMP,U/L
EOS,09:45,B-B 21,B-B,TG,140.85,CMP,mg/dL
EOS,09:45,B-B 21,B-B,GLU,351.33,CMP,mg/dL
EOS,09:45,B-B 21,B-B,GGT,2,CMP,U/L
EOS,09:45,B-B 21,B-B,CKHR_time,9.5,TEG 5000,min
EOS,09:45,B-B 21,B-B,CKH_K,1.2,TEG 5000,min
EOS,09:45,B-B 21,B-B,CKH_angle,73,TEG 5000,degree
EOS,09:45,B-B 21,B-B,CKH_MA,67.9,TEG 5000,mm
EOS,09:45,B-B 21,B-B,APTT,129.4,Coag Panel,sec
EOS,09:45,B-B 21,B-B,PT,19.2,Coag Panel,sec
EOS,09:45,B-B 21,B-B,TT,19.7,Coag Panel,sec
EOS,09:45,B-B 21,B-B,Fib,2.41,Coag Panel,g/L
EOR,09:55,B-B 21,B-B,MAP,59,MAP,mmHg
EOR,09:55,B-B 21,B-B,bpm,249,Heart rate,bpm
EOR,09:55,B-B 21,B-B,RBC,4.34,CBC,M/mL
EOR,09:55,B-B 21,B-B,Hb,9.4,CBC,mg/dL
EOR,09:55,B-B 21,B-B,HCT,28.1,CBC,mmHg
EOR,09:55,B-B 21,B-B,PLT,179,CBC,10^3/uL
EOR,09:55,B-B 21,B-B,WBC,5.1,CBC,10^3/uL
EOR,09:55,B-B 21,B-B,X._Free_Hb,0,% Free Hb,%
EOR,09:55,B-B 21,B-B,LAC,9.9,ABG,mmol/L
EOR,09:55,B-B 21,B-B,pH,7.363,ABG,value
EOR,09:55,B-B 21,B-B,pCO2,36.8,ABG,mmHg
EOR,09:55,B-B 21,B-B,pO2,105,ABG,mmHg
EOR,09:55,B-B 21,B-B,AST,67,CMP,U/L
EOR,09:55,B-B 21,B-B,ALT,66,CMP,U/L
EOR,09:55,B-B 21,B-B,LDH,258,CMP,U/L
EOR,09:55,B-B 21,B-B,CREA,1,CMP,mg/dL
EOR,09:55,B-B 21,B-B,BUN,13.35,CMP,mg/dL
EOR,09:55,B-B 21,B-B,AMY,157,CMP,U/L
EOR,09:55,B-B 21,B-B,TG,135.32,CMP,mg/dL
EOR,09:55,B-B 21,B-B,GLU,296.67,CMP,mg/dL
EOR,09:55,B-B 21,B-B,GGT,4,CMP,U/L
EOR,09:55,B-B 21,B-B,CKHR_time,11.2,TEG 5000,min
EOR,09:55,B-B 21,B-B,CKH_K,1.6,TEG 5000,min
EOR,09:55,B-B 21,B-B,CKH_angle,67.9,TEG 5000,degree
EOR,09:55,B-B 21,B-B,CKH_MA,69,TEG 5000,mm
EOR,09:55,B-B 21,B-B,APTT,131.8,Coag Panel,sec
EOR,09:55,B-B 21,B-B,PT,24.4,Coag Panel,sec
EOR,09:55,B-B 21,B-B,TT,45.5,Coag Panel,sec
EOR,09:55,B-B 21,B-B,Fib,2.99,Coag Panel,g/L
20%,10:55,B-B 21,B-B,MAP,51,MAP,mmHg
20%,10:55,B-B 21,B-B,bpm,270,Heart rate,bpm
20%,10:55,B-B 21,B-B,LAC,3.9,ABG,mmol/L
20%,10:55,B-B 21,B-B,pH,7.439,ABG,value
20%,10:55,B-B 21,B-B,pCO2,37.9,ABG,mmHg
20%,10:55,B-B 21,B-B,pO2,95.7,ABG,mmHg
15%,11:55,B-B 21,B-B,MAP,71,MAP,mmHg
15%,11:55,B-B 21,B-B,bpm,293,Heart rate,bpm
15%,11:55,B-B 21,B-B,LAC,2.9,ABG,mmol/L
15%,11:55,B-B 21,B-B,pH,7.471,ABG,value
15%,11:55,B-B 21,B-B,pCO2,32.5,ABG,mmHg
15%,11:55,B-B 21,B-B,pO2,92.8,ABG,mmHg
10%,12:55,B-B 21,B-B,MAP,68,MAP,mmHg
10%,12:55,B-B 21,B-B,bpm,234,Heart rate,bpm
10%,12:55,B-B 21,B-B,LAC,2.6,ABG,mmol/L
10%,12:55,B-B 21,B-B,pH,7.524,ABG,value
10%,12:55,B-B 21,B-B,pCO2,33.2,ABG,mmHg
10%,12:55,B-B 21,B-B,pO2,90.1,ABG,mmHg
EOB,13:05,B-B 21,B-B,MAP,69,MAP,mmHg
EOB,13:05,B-B 21,B-B,bpm,192,Heart rate,bpm
EOB,13:05,B-B 21,B-B,RBC,4.54,CBC,M/mL
EOB,13:05,B-B 21,B-B,Hb,9.8,CBC,mg/dL
EOB,13:05,B-B 21,B-B,HCT,34.5,CBC,mmHg
EOB,13:05,B-B 21,B-B,PLT,223,CBC,10^3/uL
EOB,13:05,B-B 21,B-B,WBC,5.3,CBC,10^3/uL
EOB,13:05,B-B 21,B-B,X._Free_Hb,0,% Free Hb,%
EOB,13:05,B-B 21,B-B,LAC,3.2,ABG,mmol/L
EOB,13:05,B-B 21,B-B,pH,7.471,ABG,value
EOB,13:05,B-B 21,B-B,pCO2,36.3,ABG,mmHg
EOB,13:05,B-B 21,B-B,pO2,90.5,ABG,mmHg
EOB,13:05,B-B 21,B-B,AST,86,CMP,U/L
EOB,13:05,B-B 21,B-B,ALT,91,CMP,U/L
EOB,13:05,B-B 21,B-B,LDH,306,CMP,U/L
EOB,13:05,B-B 21,B-B,CREA,0.8,CMP,mg/dL
EOB,13:05,B-B 21,B-B,BUN,16.43,CMP,mg/dL
EOB,13:05,B-B 21,B-B,AMY,199,CMP,U/L
EOB,13:05,B-B 21,B-B,TG,181.86,CMP,mg/dL
EOB,13:05,B-B 21,B-B,GLU,166.64,CMP,mg/dL
EOB,13:05,B-B 21,B-B,GGT,6,CMP,U/L
EOB,13:05,B-B 21,B-B,CKHR_time,9.7,TEG 5000,min
EOB,13:05,B-B 21,B-B,APTT,140.3,Coag Panel,sec
EOB,13:05,B-B 21,B-B,PT,17.8,Coag Panel,sec
EOB,13:05,B-B 21,B-B,TT,21.1,Coag Panel,sec
EOB,13:05,B-B 21,B-B,Fib,3.51,Coag Panel,g/L
1HR,14:05,B-B 21,B-B,MAP,68,MAP,mmHg
1HR,14:05,B-B 21,B-B,bpm,249,Heart rate,bpm
1HR,14:05,B-B 21,B-B,RBC,4.52,CBC,M/mL
1HR,14:05,B-B 21,B-B,Hb,9.7,CBC,mg/dL
1HR,14:05,B-B 21,B-B,HCT,22.9,CBC,mmHg
1HR,14:05,B-B 21,B-B,PLT,190,CBC,10^3/uL
1HR,14:05,B-B 21,B-B,WBC,4.8,CBC,10^3/uL
1HR,14:05,B-B 21,B-B,X._Free_Hb,0,% Free Hb,%
1HR,14:05,B-B 21,B-B,LAC,1.9,ABG,mmol/L
1HR,14:05,B-B 21,B-B,pH,7.516,ABG,value
1HR,14:05,B-B 21,B-B,pCO2,36.1,ABG,mmHg
1HR,14:05,B-B 21,B-B,pO2,83.6,ABG,mmHg
1HR,14:05,B-B 21,B-B,AST,79,CMP,U/L
1HR,14:05,B-B 21,B-B,ALT,96,CMP,U/L
1HR,14:05,B-B 21,B-B,LDH,283,CMP,U/L
1HR,14:05,B-B 21,B-B,CREA,0.6,CMP,mg/dL
1HR,14:05,B-B 21,B-B,BUN,15.54,CMP,mg/dL
1HR,14:05,B-B 21,B-B,AMY,200,CMP,U/L
1HR,14:05,B-B 21,B-B,TG,135.8,CMP,mg/dL
1HR,14:05,B-B 21,B-B,GLU,131.42,CMP,mg/dL
1HR,14:05,B-B 21,B-B,GGT,6,CMP,U/L
1HR,14:05,B-B 21,B-B,CKH_K,2.7,TEG 5000,min
1HR,14:05,B-B 21,B-B,CKH_angle,56,TEG 5000,degree
1HR,14:05,B-B 21,B-B,CKH_MA,65.4,TEG 5000,mm
1HR,14:05,B-B 21,B-B,APTT,115.4,Coag Panel,sec
1HR,14:05,B-B 21,B-B,PT,18.4,Coag Panel,sec
1HR,14:05,B-B 21,B-B,TT,22.4,Coag Panel,sec
1HR,14:05,B-B 21,B-B,Fib,5.12,Coag Panel,g/L
24HR,09:55,B-B 21,B-B,MAP,62,MAP,mmHg
24HR,09:55,B-B 21,B-B,bpm,293,Heart rate,bpm
24HR,09:55,B-B 21,B-B,RBC,4.31,CBC,M/mL
24HR,09:55,B-B 21,B-B,Hb,9.3,CBC,mg/dL
24HR,09:55,B-B 21,B-B,HCT,28.1,CBC,mmHg
24HR,09:55,B-B 21,B-B,PLT,275,CBC,10^3/uL
24HR,09:55,B-B 21,B-B,WBC,6.4,CBC,10^3/uL
24HR,09:55,B-B 21,B-B,X._Free_Hb,0,% Free Hb,%
24HR,09:55,B-B 21,B-B,LAC,1,ABG,mmol/L
24HR,09:55,B-B 21,B-B,pH,7.499,ABG,value
24HR,09:55,B-B 21,B-B,pCO2,37.7,ABG,mmHg
24HR,09:55,B-B 21,B-B,pO2,81.5,ABG,mmHg
24HR,09:55,B-B 21,B-B,AST,20,CMP,U/L
24HR,09:55,B-B 21,B-B,ALT,93,CMP,U/L
24HR,09:55,B-B 21,B-B,LDH,59,CMP,U/L
24HR,09:55,B-B 21,B-B,CREA,0.5,CMP,mg/dL
24HR,09:55,B-B 21,B-B,BUN,10.06,CMP,mg/dL
24HR,09:55,B-B 21,B-B,AMY,213,CMP,U/L
24HR,09:55,B-B 21,B-B,TG,315,CMP,mg/dL
24HR,09:55,B-B 21,B-B,GLU,149.99,CMP,mg/dL
24HR,09:55,B-B 21,B-B,GGT,7,CMP,U/L
24HR,09:55,B-B 21,B-B,CKHR_time,16,TEG 5000,min
24HR,09:55,B-B 21,B-B,CKH_K,1.9,TEG 5000,min
24HR,09:55,B-B 21,B-B,CKH_angle,67.2,TEG 5000,degree
24HR,09:55,B-B 21,B-B,CKH_MA,77.1,TEG 5000,mm
24HR,09:55,B-B 21,B-B,APTT,138.6,Coag Panel,sec
24HR,09:55,B-B 21,B-B,PT,12.6,Coag Panel,sec
24HR,09:55,B-B 21,B-B,TT,22.4,Coag Panel,sec
24HR,09:55,B-B 21,B-B,Fib,4.74,Coag Panel,g/L
Baseline,06:40,B-B 22,B-B,MAP,75,MAP,mmHg
Baseline,06:40,B-B 22,B-B,bpm,243,Heart rate,bpm
Baseline,06:40,B-B 22,B-B,RBC,6.11,CBC,M/mL
Baseline,06:40,B-B 22,B-B,Hb,12.6,CBC,mg/dL
Baseline,06:40,B-B 22,B-B,HCT,38.5,CBC,mmHg
Baseline,06:40,B-B 22,B-B,PLT,261,CBC,10^3/uL
Baseline,06:40,B-B 22,B-B,WBC,3.1,CBC,10^3/uL
Baseline,06:40,B-B 22,B-B,LAC,1,ABG,mmol/L
Baseline,06:40,B-B 22,B-B,pH,7.483,ABG,value
Baseline,06:40,B-B 22,B-B,pCO2,37.5,ABG,mmHg
Baseline,06:40,B-B 22,B-B,pO2,84.3,ABG,mmHg
Baseline,06:40,B-B 22,B-B,AST,22,CMP,U/L
Baseline,06:40,B-B 22,B-B,ALT,48,CMP,U/L
Baseline,06:40,B-B 22,B-B,LDH,115,CMP,U/L
Baseline,06:40,B-B 22,B-B,CREA,0.7,CMP,mg/dL
Baseline,06:40,B-B 22,B-B,BUN,12.11,CMP,mg/dL
Baseline,06:40,B-B 22,B-B,AMY,314,CMP,U/L
Baseline,06:40,B-B 22,B-B,TG,152.02,CMP,mg/dL
Baseline,06:40,B-B 22,B-B,GLU,175.17,CMP,mg/dL
Baseline,06:40,B-B 22,B-B,GGT,8,CMP,U/L
Baseline,06:40,B-B 22,B-B,CKHR_time,4.1,TEG 5000,min
Baseline,06:40,B-B 22,B-B,CKH_K,0.9,TEG 5000,min
Baseline,06:40,B-B 22,B-B,CKH_angle,75.5,TEG 5000,degree
Baseline,06:40,B-B 22,B-B,CKH_MA,68.8,TEG 5000,mm
Baseline,06:40,B-B 22,B-B,APTT,140.9,Coag Panel,sec
Baseline,06:40,B-B 22,B-B,PT,17,Coag Panel,sec
Baseline,06:40,B-B 22,B-B,TT,19.8,Coag Panel,sec
Baseline,06:40,B-B 22,B-B,Fib,1.22,Coag Panel,g/L
EOS,09:36,B-B 22,B-B,MAP,52,MAP,mmHg
EOS,09:36,B-B 22,B-B,bpm,290,Heart rate,bpm
EOS,09:36,B-B 22,B-B,RBC,3.76,CBC,M/mL
EOS,09:36,B-B 22,B-B,Hb,8.1,CBC,mg/dL
EOS,09:36,B-B 22,B-B,HCT,23.4,CBC,mmHg
EOS,09:36,B-B 22,B-B,PLT,212,CBC,10^3/uL
EOS,09:36,B-B 22,B-B,WBC,7.1,CBC,10^3/uL
EOS,09:36,B-B 22,B-B,LAC,17,ABG,mmol/L
EOS,09:36,B-B 22,B-B,pH,7.291,ABG,value
EOS,09:36,B-B 22,B-B,pCO2,36.3,ABG,mmHg
EOS,09:36,B-B 22,B-B,pO2,71,ABG,mmHg
EOS,09:36,B-B 22,B-B,AST,45,CMP,U/L
EOS,09:36,B-B 22,B-B,ALT,52,CMP,U/L
EOS,09:36,B-B 22,B-B,LDH,177,CMP,U/L
EOS,09:36,B-B 22,B-B,CREA,1.1,CMP,mg/dL
EOS,09:36,B-B 22,B-B,BUN,17.21,CMP,mg/dL
EOS,09:36,B-B 22,B-B,AMY,287,CMP,U/L
EOS,09:36,B-B 22,B-B,TG,133.88,CMP,mg/dL
EOS,09:36,B-B 22,B-B,GLU,383.38,CMP,mg/dL
EOS,09:36,B-B 22,B-B,GGT,2,CMP,U/L
EOS,09:36,B-B 22,B-B,CKHR_time,7,TEG 5000,min
EOS,09:36,B-B 22,B-B,CKH_K,2,TEG 5000,min
EOS,09:36,B-B 22,B-B,CKH_angle,63.4,TEG 5000,degree
EOS,09:36,B-B 22,B-B,CKH_MA,67.4,TEG 5000,mm
EOS,09:36,B-B 22,B-B,APTT,141.9,Coag Panel,sec
EOS,09:36,B-B 22,B-B,PT,13.4,Coag Panel,sec
EOS,09:36,B-B 22,B-B,TT,81.5,Coag Panel,sec
EOS,09:36,B-B 22,B-B,Fib,4.22,Coag Panel,g/L
EOR,09:46,B-B 22,B-B,MAP,70,MAP,mmHg
EOR,09:46,B-B 22,B-B,bpm,233,Heart rate,bpm
EOR,09:46,B-B 22,B-B,RBC,4.92,CBC,M/mL
EOR,09:46,B-B 22,B-B,Hb,10.6,CBC,mg/dL
EOR,09:46,B-B 22,B-B,HCT,30.9,CBC,mmHg
EOR,09:46,B-B 22,B-B,PLT,193,CBC,10^3/uL
EOR,09:46,B-B 22,B-B,WBC,6.6,CBC,10^3/uL
EOR,09:46,B-B 22,B-B,LAC,16,ABG,mmol/L
EOR,09:46,B-B 22,B-B,pH,7.28,ABG,value
EOR,09:46,B-B 22,B-B,pCO2,35.9,ABG,mmHg
EOR,09:46,B-B 22,B-B,pO2,111,ABG,mmHg
EOR,09:46,B-B 22,B-B,AST,42,CMP,U/L
EOR,09:46,B-B 22,B-B,ALT,55,CMP,U/L
EOR,09:46,B-B 22,B-B,LDH,148,CMP,U/L
EOR,09:46,B-B 22,B-B,CREA,1,CMP,mg/dL
EOR,09:46,B-B 22,B-B,BUN,16.42,CMP,mg/dL
EOR,09:46,B-B 22,B-B,AMY,315,CMP,U/L
EOR,09:46,B-B 22,B-B,TG,159.1,CMP,mg/dL
EOR,09:46,B-B 22,B-B,GLU,382.49,CMP,mg/dL
EOR,09:46,B-B 22,B-B,GGT,4,CMP,U/L
EOR,09:46,B-B 22,B-B,CKHR_time,8.2,TEG 5000,min
EOR,09:46,B-B 22,B-B,CKH_K,1.8,TEG 5000,min
EOR,09:46,B-B 22,B-B,CKH_angle,64.9,TEG 5000,degree
EOR,09:46,B-B 22,B-B,CKH_MA,70.8,TEG 5000,mm
EOR,09:46,B-B 22,B-B,APTT,139.6,Coag Panel,sec
EOR,09:46,B-B 22,B-B,PT,15.1,Coag Panel,sec
EOR,09:46,B-B 22,B-B,Fib,4.81,Coag Panel,g/L
20%,10:46,B-B 22,B-B,MAP,54,MAP,mmHg
20%,10:46,B-B 22,B-B,bpm,254,Heart rate,bpm
20%,10:46,B-B 22,B-B,LAC,7.4,ABG,mmol/L
20%,10:46,B-B 22,B-B,pH,7.5,ABG,value
20%,10:46,B-B 22,B-B,pCO2,38.2,ABG,mmHg
20%,10:46,B-B 22,B-B,pO2,99.8,ABG,mmHg
15%,11:46,B-B 22,B-B,MAP,65,MAP,mmHg
15%,11:46,B-B 22,B-B,bpm,271,Heart rate,bpm
15%,11:46,B-B 22,B-B,LAC,3.3,ABG,mmol/L
15%,11:46,B-B 22,B-B,pH,7.511,ABG,value
15%,11:46,B-B 22,B-B,pCO2,29,ABG,mmHg
15%,11:46,B-B 22,B-B,pO2,111,ABG,mmHg
10%,12:46,B-B 22,B-B,MAP,62,MAP,mmHg
10%,12:46,B-B 22,B-B,bpm,280,Heart rate,bpm
10%,12:46,B-B 22,B-B,LAC,1.6,ABG,mmol/L
10%,12:46,B-B 22,B-B,pH,7.5,ABG,value
10%,12:46,B-B 22,B-B,pCO2,26,ABG,mmHg
10%,12:46,B-B 22,B-B,pO2,93.1,ABG,mmHg
EOB,12:56,B-B 22,B-B,MAP,59,MAP,mmHg
EOB,12:56,B-B 22,B-B,bpm,288,Heart rate,bpm
EOB,12:56,B-B 22,B-B,RBC,4.6,CBC,M/mL
EOB,12:56,B-B 22,B-B,Hb,9.9,CBC,mg/dL
EOB,12:56,B-B 22,B-B,HCT,28.8,CBC,mmHg
EOB,12:56,B-B 22,B-B,PLT,178,CBC,10^3/uL
EOB,12:56,B-B 22,B-B,WBC,5.4,CBC,10^3/uL
EOB,12:56,B-B 22,B-B,LAC,3.7,ABG,mmol/L
EOB,12:56,B-B 22,B-B,pH,7.48,ABG,value
EOB,12:56,B-B 22,B-B,pCO2,33.4,ABG,mmHg
EOB,12:56,B-B 22,B-B,pO2,89.8,ABG,mmHg
EOB,12:56,B-B 22,B-B,AST,68,CMP,U/L
EOB,12:56,B-B 22,B-B,ALT,66,CMP,U/L
EOB,12:56,B-B 22,B-B,LDH,243,CMP,U/L
EOB,12:56,B-B 22,B-B,CREA,0.7,CMP,mg/dL
EOB,12:56,B-B 22,B-B,BUN,16.83,CMP,mg/dL
EOB,12:56,B-B 22,B-B,AMY,299,CMP,U/L
EOB,12:56,B-B 22,B-B,TG,237.76,CMP,mg/dL
EOB,12:56,B-B 22,B-B,GLU,143.8,CMP,mg/dL
EOB,12:56,B-B 22,B-B,GGT,5,CMP,U/L
EOB,12:56,B-B 22,B-B,APTT,131.4,Coag Panel,sec
EOB,12:56,B-B 22,B-B,PT,16.8,Coag Panel,sec
EOB,12:56,B-B 22,B-B,Fib,6.38,Coag Panel,g/L
1HR,13:56,B-B 22,B-B,MAP,70,MAP,mmHg
1HR,13:56,B-B 22,B-B,bpm,246,Heart rate,bpm
1HR,13:56,B-B 22,B-B,RBC,4.31,CBC,M/mL
1HR,13:56,B-B 22,B-B,Hb,7.2,CBC,mg/dL
1HR,13:56,B-B 22,B-B,HCT,26.7,CBC,mmHg
1HR,13:56,B-B 22,B-B,PLT,151,CBC,10^3/uL
1HR,13:56,B-B 22,B-B,WBC,5.3,CBC,10^3/uL
1HR,13:56,B-B 22,B-B,LAC,2.7,ABG,mmol/L
1HR,13:56,B-B 22,B-B,pH,7.441,ABG,value
1HR,13:56,B-B 22,B-B,pCO2,37,ABG,mmHg
1HR,13:56,B-B 22,B-B,pO2,68.8,ABG,mmHg
1HR,13:56,B-B 22,B-B,AST,87,CMP,U/L
1HR,13:56,B-B 22,B-B,ALT,76,CMP,U/L
1HR,13:56,B-B 22,B-B,LDH,281,CMP,U/L
1HR,13:56,B-B 22,B-B,CREA,0.8,CMP,mg/dL
1HR,13:56,B-B 22,B-B,BUN,18.1,CMP,mg/dL
1HR,13:56,B-B 22,B-B,AMY,308,CMP,U/L
1HR,13:56,B-B 22,B-B,TG,236.61,CMP,mg/dL
1HR,13:56,B-B 22,B-B,GLU,139.47,CMP,mg/dL
1HR,13:56,B-B 22,B-B,GGT,5,CMP,U/L
1HR,13:56,B-B 22,B-B,CKHR_time,8.5,TEG 5000,min
1HR,13:56,B-B 22,B-B,CKH_K,2.5,TEG 5000,min
1HR,13:56,B-B 22,B-B,CKH_angle,57.7,TEG 5000,degree
1HR,13:56,B-B 22,B-B,CKH_MA,73.4,TEG 5000,mm
1HR,13:56,B-B 22,B-B,APTT,92.4,Coag Panel,sec
1HR,13:56,B-B 22,B-B,PT,17.4,Coag Panel,sec
1HR,13:56,B-B 22,B-B,TT,13.8,Coag Panel,sec
1HR,13:56,B-B 22,B-B,Fib,3.24,Coag Panel,g/L
24HR,10:46,B-B 22,B-B,MAP,62,MAP,mmHg
24HR,10:46,B-B 22,B-B,bpm,245,Heart rate,bpm
24HR,10:46,B-B 22,B-B,RBC,5.11,CBC,M/mL
24HR,10:46,B-B 22,B-B,Hb,10.6,CBC,mg/dL
24HR,10:46,B-B 22,B-B,HCT,32.1,CBC,mmHg
24HR,10:46,B-B 22,B-B,PLT,253,CBC,10^3/uL
24HR,10:46,B-B 22,B-B,WBC,8.2,CBC,10^3/uL
24HR,10:46,B-B 22,B-B,LAC,5.1,ABG,mmol/L
24HR,10:46,B-B 22,B-B,pH,7.382,ABG,value
24HR,10:46,B-B 22,B-B,pCO2,49.3,ABG,mmHg
24HR,10:46,B-B 22,B-B,pO2,24.1,ABG,mmHg
24HR,10:46,B-B 22,B-B,AST,83,CMP,U/L
24HR,10:46,B-B 22,B-B,ALT,121,CMP,U/L
24HR,10:46,B-B 22,B-B,LDH,73,CMP,U/L
24HR,10:46,B-B 22,B-B,CREA,0.6,CMP,mg/dL
24HR,10:46,B-B 22,B-B,BUN,10.61,CMP,mg/dL
24HR,10:46,B-B 22,B-B,AMY,477,CMP,U/L
24HR,10:46,B-B 22,B-B,TG,324.13,CMP,mg/dL
24HR,10:46,B-B 22,B-B,GLU,158.04,CMP,mg/dL
24HR,10:46,B-B 22,B-B,GGT,2,CMP,U/L
24HR,10:46,B-B 22,B-B,CKHR_time,6.3,TEG 5000,min
24HR,10:46,B-B 22,B-B,CKH_K,1.5,TEG 5000,min
24HR,10:46,B-B 22,B-B,CKH_angle,70.8,TEG 5000,degree
24HR,10:46,B-B 22,B-B,CKH_MA,76.6,TEG 5000,mm
24HR,10:46,B-B 22,B-B,APTT,89.3,Coag Panel,sec
24HR,10:46,B-B 22,B-B,PT,14.1,Coag Panel,sec
24HR,10:46,B-B 22,B-B,TT,26.9,Coag Panel,sec
24HR,10:46,B-B 22,B-B,Fib,5.91,Coag Panel,g/L
Baseline,06:00,B-B 23,B-B,MAP,96,MAP,mmHg
Baseline,06:00,B-B 23,B-B,bpm,235,Heart rate,bpm
Baseline,06:00,B-B 23,B-B,RBC,7.05,CBC,M/mL
Baseline,06:00,B-B 23,B-B,Hb,13.5,CBC,mg/dL
Baseline,06:00,B-B 23,B-B,HCT,42.4,CBC,mmHg
Baseline,06:00,B-B 23,B-B,PLT,236,CBC,10^3/uL
Baseline,06:00,B-B 23,B-B,WBC,4.2,CBC,10^3/uL
Baseline,06:00,B-B 23,B-B,X._Free_Hb,0,% Free Hb,%
Baseline,06:00,B-B 23,B-B,LAC,1.2,ABG,mmol/L
Baseline,06:00,B-B 23,B-B,pH,7.47,ABG,value
Baseline,06:00,B-B 23,B-B,pCO2,38.4,ABG,mmHg
Baseline,06:00,B-B 23,B-B,pO2,77.5,ABG,mmHg
Baseline,06:00,B-B 23,B-B,AST,13,CMP,U/L
Baseline,06:00,B-B 23,B-B,ALT,60,CMP,U/L
Baseline,06:00,B-B 23,B-B,LDH,120,CMP,U/L
Baseline,06:00,B-B 23,B-B,CREA,0.7,CMP,mg/dL
Baseline,06:00,B-B 23,B-B,BUN,10.99,CMP,mg/dL
Baseline,06:00,B-B 23,B-B,AMY,207,CMP,U/L
Baseline,06:00,B-B 23,B-B,TG,75.16,CMP,mg/dL
Baseline,06:00,B-B 23,B-B,GLU,182.36,CMP,mg/dL
Baseline,06:00,B-B 23,B-B,GGT,9,CMP,U/L
Baseline,06:00,B-B 23,B-B,CKHR_time,8.1,TEG 5000,min
Baseline,06:00,B-B 23,B-B,CKH_K,0.8,TEG 5000,min
Baseline,06:00,B-B 23,B-B,CKH_angle,43.1,TEG 5000,degree
Baseline,06:00,B-B 23,B-B,CKH_MA,64.6,TEG 5000,mm
Baseline,06:00,B-B 23,B-B,APTT,122.1,Coag Panel,sec
Baseline,06:00,B-B 23,B-B,PT,19.8,Coag Panel,sec
Baseline,06:00,B-B 23,B-B,TT,19.8,Coag Panel,sec
Baseline,06:00,B-B 23,B-B,Fib,1.29,Coag Panel,g/L
EOS,09:27,B-B 23,B-B,MAP,58,MAP,mmHg
EOS,09:27,B-B 23,B-B,bpm,288,Heart rate,bpm
EOS,09:27,B-B 23,B-B,RBC,4.38,CBC,M/mL
EOS,09:27,B-B 23,B-B,Hb,8.6,CBC,mg/dL
EOS,09:27,B-B 23,B-B,HCT,25.9,CBC,mmHg
EOS,09:27,B-B 23,B-B,PLT,182,CBC,10^3/uL
EOS,09:27,B-B 23,B-B,WBC,4.1,CBC,10^3/uL
EOS,09:27,B-B 23,B-B,X._Free_Hb,0,% Free Hb,%
EOS,09:27,B-B 23,B-B,LAC,10.8,ABG,mmol/L
EOS,09:27,B-B 23,B-B,pH,7.455,ABG,value
EOS,09:27,B-B 23,B-B,pCO2,29.2,ABG,mmHg
EOS,09:27,B-B 23,B-B,pO2,103,ABG,mmHg
EOS,09:27,B-B 23,B-B,AST,93,CMP,U/L
EOS,09:27,B-B 23,B-B,ALT,97,CMP,U/L
EOS,09:27,B-B 23,B-B,LDH,108,CMP,U/L
EOS,09:27,B-B 23,B-B,CREA,0.9,CMP,mg/dL
EOS,09:27,B-B 23,B-B,BUN,19.9,CMP,mg/dL
EOS,09:27,B-B 23,B-B,AMY,150,CMP,U/L
EOS,09:27,B-B 23,B-B,TG,110.35,CMP,mg/dL
EOS,09:27,B-B 23,B-B,GLU,352.66,CMP,mg/dL
EOS,09:27,B-B 23,B-B,GGT,6,CMP,U/L
EOS,09:27,B-B 23,B-B,CKHR_time,15.8,TEG 5000,min
EOS,09:27,B-B 23,B-B,CKH_K,2.7,TEG 5000,min
EOS,09:27,B-B 23,B-B,CKH_angle,56.6,TEG 5000,degree
EOS,09:27,B-B 23,B-B,CKH_MA,66.6,TEG 5000,mm
EOS,09:27,B-B 23,B-B,APTT,112.3,Coag Panel,sec
EOS,09:27,B-B 23,B-B,PT,17,Coag Panel,sec
EOS,09:27,B-B 23,B-B,TT,18.5,Coag Panel,sec
EOS,09:27,B-B 23,B-B,Fib,2.79,Coag Panel,g/L
EOR,09:37,B-B 23,B-B,MAP,61,MAP,mmHg
EOR,09:37,B-B 23,B-B,bpm,283,Heart rate,bpm
EOR,09:37,B-B 23,B-B,RBC,5.41,CBC,M/mL
EOR,09:37,B-B 23,B-B,Hb,11,CBC,mg/dL
EOR,09:37,B-B 23,B-B,HCT,32,CBC,mmHg
EOR,09:37,B-B 23,B-B,PLT,163,CBC,10^3/uL
EOR,09:37,B-B 23,B-B,WBC,6.4,CBC,10^3/uL
EOR,09:37,B-B 23,B-B,X._Free_Hb,0,% Free Hb,%
EOR,09:37,B-B 23,B-B,LAC,11.2,ABG,mmol/L
EOR,09:37,B-B 23,B-B,pH,7.363,ABG,value
EOR,09:37,B-B 23,B-B,pCO2,32.7,ABG,mmHg
EOR,09:37,B-B 23,B-B,pO2,108,ABG,mmHg
EOR,09:37,B-B 23,B-B,AST,88,CMP,U/L
EOR,09:37,B-B 23,B-B,ALT,100,CMP,U/L
EOR,09:37,B-B 23,B-B,LDH,248,CMP,U/L
EOR,09:37,B-B 23,B-B,CREA,0.5,CMP,mg/dL
EOR,09:37,B-B 23,B-B,BUN,19.36,CMP,mg/dL
EOR,09:37,B-B 23,B-B,AMY,171,CMP,U/L
EOR,09:37,B-B 23,B-B,TG,115.37,CMP,mg/dL
EOR,09:37,B-B 23,B-B,GLU,345.54,CMP,mg/dL
EOR,09:37,B-B 23,B-B,GGT,8,CMP,U/L
EOR,09:37,B-B 23,B-B,CKHR_time,12.4,TEG 5000,min
EOR,09:37,B-B 23,B-B,CKH_K,2.3,TEG 5000,min
EOR,09:37,B-B 23,B-B,CKH_angle,58.6,TEG 5000,degree
EOR,09:37,B-B 23,B-B,CKH_MA,70.7,TEG 5000,mm
EOR,09:37,B-B 23,B-B,APTT,124.1,Coag Panel,sec
EOR,09:37,B-B 23,B-B,PT,19.4,Coag Panel,sec
EOR,09:37,B-B 23,B-B,TT,24.3,Coag Panel,sec
EOR,09:37,B-B 23,B-B,Fib,2.44,Coag Panel,g/L
20%,10:37,B-B 23,B-B,MAP,65,MAP,mmHg
20%,10:37,B-B 23,B-B,bpm,279,Heart rate,bpm
20%,10:37,B-B 23,B-B,LAC,10.4,ABG,mmol/L
20%,10:37,B-B 23,B-B,pH,7.429,ABG,value
20%,10:37,B-B 23,B-B,pCO2,37.2,ABG,mmHg
20%,10:37,B-B 23,B-B,pO2,98.3,ABG,mmHg
15%,11:37,B-B 23,B-B,MAP,50,MAP,mmHg
15%,11:37,B-B 23,B-B,bpm,291,Heart rate,bpm
15%,11:37,B-B 23,B-B,LAC,4.2,ABG,mmol/L
15%,11:37,B-B 23,B-B,pH,7.47,ABG,value
15%,11:37,B-B 23,B-B,pCO2,41.1,ABG,mmHg
15%,11:37,B-B 23,B-B,pO2,79,ABG,mmHg
10%,12:37,B-B 23,B-B,MAP,50,MAP,mmHg
10%,12:37,B-B 23,B-B,bpm,295,Heart rate,bpm
10%,12:37,B-B 23,B-B,LAC,4,ABG,mmol/L
10%,12:37,B-B 23,B-B,pH,7.506,ABG,value
10%,12:37,B-B 23,B-B,pCO2,38.6,ABG,mmHg
10%,12:37,B-B 23,B-B,pO2,91.7,ABG,mmHg
EOB,12:47,B-B 23,B-B,MAP,56,MAP,mmHg
EOB,12:47,B-B 23,B-B,bpm,291,Heart rate,bpm
EOB,12:47,B-B 23,B-B,RBC,6.53,CBC,M/mL
EOB,12:47,B-B 23,B-B,Hb,13,CBC,mg/dL
EOB,12:47,B-B 23,B-B,HCT,39,CBC,mmHg
EOB,12:47,B-B 23,B-B,PLT,175,CBC,10^3/uL
EOB,12:47,B-B 23,B-B,WBC,4.5,CBC,10^3/uL
EOB,12:47,B-B 23,B-B,X._Free_Hb,0,% Free Hb,%
EOB,12:47,B-B 23,B-B,LAC,3.8,ABG,mmol/L
EOB,12:47,B-B 23,B-B,pH,7.49,ABG,value
EOB,12:47,B-B 23,B-B,pCO2,40.6,ABG,mmHg
EOB,12:47,B-B 23,B-B,pO2,47.5,ABG,mmHg
EOB,12:47,B-B 23,B-B,AST,283,CMP,U/L
EOB,12:47,B-B 23,B-B,ALT,172,CMP,U/L
EOB,12:47,B-B 23,B-B,LDH,431,CMP,U/L
EOB,12:47,B-B 23,B-B,CREA,0.8,CMP,mg/dL
EOB,12:47,B-B 23,B-B,BUN,22.74,CMP,mg/dL
EOB,12:47,B-B 23,B-B,AMY,181,CMP,U/L
EOB,12:47,B-B 23,B-B,TG,132.34,CMP,mg/dL
EOB,12:47,B-B 23,B-B,GLU,172.21,CMP,mg/dL
EOB,12:47,B-B 23,B-B,GGT,6,CMP,U/L
EOB,12:47,B-B 23,B-B,APTT,136.9,Coag Panel,sec
EOB,12:47,B-B 23,B-B,PT,17.6,Coag Panel,sec
EOB,12:47,B-B 23,B-B,TT,18.8,Coag Panel,sec
EOB,12:47,B-B 23,B-B,Fib,3.83,Coag Panel,g/L
1HR,13:47,B-B 23,B-B,MAP,66,MAP,mmHg
1HR,13:47,B-B 23,B-B,bpm,197,Heart rate,bpm
1HR,13:47,B-B 23,B-B,RBC,6.51,CBC,M/mL
1HR,13:47,B-B 23,B-B,Hb,13,CBC,mg/dL
1HR,13:47,B-B 23,B-B,HCT,39,CBC,mmHg
1HR,13:47,B-B 23,B-B,PLT,162,CBC,10^3/uL
1HR,13:47,B-B 23,B-B,WBC,4.5,CBC,10^3/uL
1HR,13:47,B-B 23,B-B,X._Free_Hb,0,% Free Hb,%
1HR,13:47,B-B 23,B-B,LAC,4.4,ABG,mmol/L
1HR,13:47,B-B 23,B-B,pH,7.468,ABG,value
1HR,13:47,B-B 23,B-B,pCO2,37.1,ABG,mmHg
1HR,13:47,B-B 23,B-B,pO2,96.5,ABG,mmHg
1HR,13:47,B-B 23,B-B,AST,362,CMP,U/L
1HR,13:47,B-B 23,B-B,ALT,183,CMP,U/L
1HR,13:47,B-B 23,B-B,LDH,728,CMP,U/L
1HR,13:47,B-B 23,B-B,CREA,0.9,CMP,mg/dL
1HR,13:47,B-B 23,B-B,BUN,22.42,CMP,mg/dL
1HR,13:47,B-B 23,B-B,AMY,175,CMP,U/L
1HR,13:47,B-B 23,B-B,TG,126.15,CMP,mg/dL
1HR,13:47,B-B 23,B-B,GLU,146.96,CMP,mg/dL
1HR,13:47,B-B 23,B-B,GGT,8,CMP,U/L
1HR,13:47,B-B 23,B-B,CKHR_time,22.8,TEG 5000,min
1HR,13:47,B-B 23,B-B,CKH_K,5.3,TEG 5000,min
1HR,13:47,B-B 23,B-B,CKH_angle,36.2,TEG 5000,degree
1HR,13:47,B-B 23,B-B,CKH_MA,66.5,TEG 5000,mm
1HR,13:47,B-B 23,B-B,APTT,139.1,Coag Panel,sec
1HR,13:47,B-B 23,B-B,PT,19.2,Coag Panel,sec
1HR,13:47,B-B 23,B-B,TT,38,Coag Panel,sec
1HR,13:47,B-B 23,B-B,Fib,4.76,Coag Panel,g/L
24HR,09:37,B-B 23,B-B,MAP,82,MAP,mmHg
24HR,09:37,B-B 23,B-B,bpm,289,Heart rate,bpm
24HR,09:37,B-B 23,B-B,RBC,5.75,CBC,M/mL
24HR,09:37,B-B 23,B-B,Hb,11.1,CBC,mg/dL
24HR,09:37,B-B 23,B-B,HCT,33.9,CBC,mmHg
24HR,09:37,B-B 23,B-B,PLT,190,CBC,10^3/uL
24HR,09:37,B-B 23,B-B,WBC,6.3,CBC,10^3/uL
24HR,09:37,B-B 23,B-B,X._Free_Hb,0,% Free Hb,%
24HR,09:37,B-B 23,B-B,LAC,2.4,ABG,mmol/L
24HR,09:37,B-B 23,B-B,pH,7.492,ABG,value
24HR,09:37,B-B 23,B-B,pCO2,27.1,ABG,mmHg
24HR,09:37,B-B 23,B-B,pO2,98.1,ABG,mmHg
24HR,09:37,B-B 23,B-B,AST,308,CMP,U/L
24HR,09:37,B-B 23,B-B,ALT,360,CMP,U/L
24HR,09:37,B-B 23,B-B,LDH,282,CMP,U/L
24HR,09:37,B-B 23,B-B,CREA,0.5,CMP,mg/dL
24HR,09:37,B-B 23,B-B,BUN,19.97,CMP,mg/dL
24HR,09:37,B-B 23,B-B,AMY,199,CMP,U/L
24HR,09:37,B-B 23,B-B,TG,237.09,CMP,mg/dL
24HR,09:37,B-B 23,B-B,GLU,108.09,CMP,mg/dL
24HR,09:37,B-B 23,B-B,GGT,3,CMP,U/L
24HR,09:37,B-B 23,B-B,CKHR_time,23.9,TEG 5000,min
24HR,09:37,B-B 23,B-B,CKH_K,6.7,TEG 5000,min
24HR,09:37,B-B 23,B-B,CKH_angle,34.7,TEG 5000,degree
24HR,09:37,B-B 23,B-B,CKH_MA,80.8,TEG 5000,mm
24HR,09:37,B-B 23,B-B,APTT,96.4,Coag Panel,sec
24HR,09:37,B-B 23,B-B,PT,15.6,Coag Panel,sec
24HR,09:37,B-B 23,B-B,TT,26.8,Coag Panel,sec
24HR,09:37,B-B 23,B-B,Fib,7.99,Coag Panel,g/L
Baseline,06:32,B-B 24,B-B,MAP,77,MAP,mmHg
Baseline,06:32,B-B 24,B-B,bpm,294,Heart rate,bpm
Baseline,06:32,B-B 24,B-B,RBC,5.52,CBC,M/mL
Baseline,06:32,B-B 24,B-B,Hb,12.3,CBC,mg/dL
Baseline,06:32,B-B 24,B-B,HCT,38.1,CBC,mmHg
Baseline,06:32,B-B 24,B-B,PLT,250,CBC,10^3/uL
Baseline,06:32,B-B 24,B-B,WBC,2.6,CBC,10^3/uL
Baseline,06:32,B-B 24,B-B,LAC,1.3,ABG,mmol/L
Baseline,06:32,B-B 24,B-B,pH,7.473,ABG,value
Baseline,06:32,B-B 24,B-B,pCO2,37.5,ABG,mmHg
Baseline,06:32,B-B 24,B-B,pO2,91.3,ABG,mmHg
Baseline,06:32,B-B 24,B-B,AST,6,CMP,U/L
Baseline,06:32,B-B 24,B-B,ALT,32,CMP,U/L
Baseline,06:32,B-B 24,B-B,LDH,103,CMP,U/L
Baseline,06:32,B-B 24,B-B,CREA,0.7,CMP,mg/dL
Baseline,06:32,B-B 24,B-B,BUN,16.03,CMP,mg/dL
Baseline,06:32,B-B 24,B-B,AMY,274,CMP,U/L
Baseline,06:32,B-B 24,B-B,TG,73.63,CMP,mg/dL
Baseline,06:32,B-B 24,B-B,GLU,154.2,CMP,mg/dL
Baseline,06:32,B-B 24,B-B,GGT,4,CMP,U/L
Baseline,06:32,B-B 24,B-B,CKHR_time,6.9,TEG 5000,min
Baseline,06:32,B-B 24,B-B,CKH_K,1.3,TEG 5000,min
Baseline,06:32,B-B 24,B-B,CKH_angle,69.2,TEG 5000,degree
Baseline,06:32,B-B 24,B-B,CKH_MA,64.1,TEG 5000,mm
Baseline,06:32,B-B 24,B-B,APTT,126.7,Coag Panel,sec
Baseline,06:32,B-B 24,B-B,PT,18,Coag Panel,sec
Baseline,06:32,B-B 24,B-B,TT,20.8,Coag Panel,sec
Baseline,06:32,B-B 24,B-B,Fib,1.12,Coag Panel,g/L
EOS,09:10,B-B 24,B-B,MAP,25,MAP,mmHg
EOS,09:10,B-B 24,B-B,bpm,212,Heart rate,bpm
EOS,09:10,B-B 24,B-B,RBC,3.1,CBC,M/mL
EOS,09:10,B-B 24,B-B,Hb,7,CBC,mg/dL
EOS,09:10,B-B 24,B-B,HCT,21.3,CBC,mmHg
EOS,09:10,B-B 24,B-B,PLT,152,CBC,10^3/uL
EOS,09:10,B-B 24,B-B,WBC,4.4,CBC,10^3/uL
EOS,09:10,B-B 24,B-B,LAC,14.6,ABG,mmol/L
EOS,09:10,B-B 24,B-B,pH,7.376,ABG,value
EOS,09:10,B-B 24,B-B,pCO2,33.3,ABG,mmHg
EOS,09:10,B-B 24,B-B,pO2,87.3,ABG,mmHg
EOS,09:10,B-B 24,B-B,AST,71,CMP,U/L
EOS,09:10,B-B 24,B-B,ALT,42,CMP,U/L
EOS,09:10,B-B 24,B-B,LDH,215,CMP,U/L
EOS,09:10,B-B 24,B-B,CREA,1.3,CMP,mg/dL
EOS,09:10,B-B 24,B-B,BUN,19.32,CMP,mg/dL
EOS,09:10,B-B 24,B-B,AMY,257,CMP,U/L
EOS,09:10,B-B 24,B-B,TG,191.47,CMP,mg/dL
EOS,09:10,B-B 24,B-B,GLU,453.88,CMP,mg/dL
EOS,09:10,B-B 24,B-B,GGT,2,CMP,U/L
EOS,09:10,B-B 24,B-B,CKHR_time,12.5,TEG 5000,min
EOS,09:10,B-B 24,B-B,CKH_K,1.7,TEG 5000,min
EOS,09:10,B-B 24,B-B,CKH_angle,66.2,TEG 5000,degree
EOS,09:10,B-B 24,B-B,CKH_MA,63.6,TEG 5000,mm
EOS,09:10,B-B 24,B-B,APTT,139.9,Coag Panel,sec
EOS,09:10,B-B 24,B-B,PT,15.7,Coag Panel,sec
EOS,09:10,B-B 24,B-B,TT,16.5,Coag Panel,sec
EOS,09:10,B-B 24,B-B,Fib,1.37,Coag Panel,g/L
EOR,09:20,B-B 24,B-B,MAP,59,MAP,mmHg
EOR,09:20,B-B 24,B-B,bpm,242,Heart rate,bpm
EOR,09:20,B-B 24,B-B,RBC,4.05,CBC,M/mL
EOR,09:20,B-B 24,B-B,Hb,9.2,CBC,mg/dL
EOR,09:20,B-B 24,B-B,HCT,27.9,CBC,mmHg
EOR,09:20,B-B 24,B-B,PLT,132,CBC,10^3/uL
EOR,09:20,B-B 24,B-B,WBC,4.8,CBC,10^3/uL
EOR,09:20,B-B 24,B-B,LAC,12.9,ABG,mmol/L
EOR,09:20,B-B 24,B-B,pH,7.36,ABG,value
EOR,09:20,B-B 24,B-B,pCO2,35.8,ABG,mmHg
EOR,09:20,B-B 24,B-B,pO2,91.7,ABG,mmHg
EOR,09:20,B-B 24,B-B,AST,63,CMP,U/L
EOR,09:20,B-B 24,B-B,ALT,45,CMP,U/L
EOR,09:20,B-B 24,B-B,LDH,166,CMP,U/L
EOR,09:20,B-B 24,B-B,CREA,1,CMP,mg/dL
EOR,09:20,B-B 24,B-B,BUN,19.08,CMP,mg/dL
EOR,09:20,B-B 24,B-B,AMY,276,CMP,U/L
EOR,09:20,B-B 24,B-B,TG,166.27,CMP,mg/dL
EOR,09:20,B-B 24,B-B,GLU,480.85,CMP,mg/dL
EOR,09:20,B-B 24,B-B,GGT,2,CMP,U/L
EOR,09:20,B-B 24,B-B,CKHR_time,10.4,TEG 5000,min
EOR,09:20,B-B 24,B-B,CKH_K,2,TEG 5000,min
EOR,09:20,B-B 24,B-B,CKH_angle,39.2,TEG 5000,degree
EOR,09:20,B-B 24,B-B,CKH_MA,65.2,TEG 5000,mm
EOR,09:20,B-B 24,B-B,APTT,101.6,Coag Panel,sec
EOR,09:20,B-B 24,B-B,PT,18.9,Coag Panel,sec
EOR,09:20,B-B 24,B-B,TT,26,Coag Panel,sec
EOR,09:20,B-B 24,B-B,Fib,1.83,Coag Panel,g/L
20%,10:20,B-B 24,B-B,MAP,58,MAP,mmHg
20%,10:20,B-B 24,B-B,bpm,280,Heart rate,bpm
20%,10:20,B-B 24,B-B,LAC,4.9,ABG,mmol/L
20%,10:20,B-B 24,B-B,pH,7.557,ABG,value
20%,10:20,B-B 24,B-B,pCO2,27.5,ABG,mmHg
20%,10:20,B-B 24,B-B,pO2,102,ABG,mmHg
15%,11:20,B-B 24,B-B,MAP,68,MAP,mmHg
15%,11:20,B-B 24,B-B,bpm,281,Heart rate,bpm
15%,11:20,B-B 24,B-B,LAC,3.8,ABG,mmol/L
15%,11:20,B-B 24,B-B,pH,7.531,ABG,value
15%,11:20,B-B 24,B-B,pCO2,35.6,ABG,mmHg
15%,11:20,B-B 24,B-B,pO2,97.3,ABG,mmHg
10%,12:20,B-B 24,B-B,MAP,62,MAP,mmHg
10%,12:20,B-B 24,B-B,bpm,292,Heart rate,bpm
10%,12:20,B-B 24,B-B,LAC,2.1,ABG,mmol/L
10%,12:20,B-B 24,B-B,pH,7.532,ABG,value
10%,12:20,B-B 24,B-B,pCO2,34,ABG,mmHg
10%,12:20,B-B 24,B-B,pO2,103,ABG,mmHg
EOB,12:30,B-B 24,B-B,MAP,67,MAP,mmHg
EOB,12:30,B-B 24,B-B,bpm,293,Heart rate,bpm
EOB,12:30,B-B 24,B-B,RBC,4.9,CBC,M/mL
EOB,12:30,B-B 24,B-B,Hb,11,CBC,mg/dL
EOB,12:30,B-B 24,B-B,HCT,33.6,CBC,mmHg
EOB,12:30,B-B 24,B-B,PLT,163,CBC,10^3/uL
EOB,12:30,B-B 24,B-B,WBC,3.6,CBC,10^3/uL
EOB,12:30,B-B 24,B-B,LAC,2,ABG,mmol/L
EOB,12:30,B-B 24,B-B,pH,7.52,ABG,value
EOB,12:30,B-B 24,B-B,pCO2,34.7,ABG,mmHg
EOB,12:30,B-B 24,B-B,pO2,101,ABG,mmHg
EOB,12:30,B-B 24,B-B,AST,211,CMP,U/L
EOB,12:30,B-B 24,B-B,ALT,85,CMP,U/L
EOB,12:30,B-B 24,B-B,LDH,280,CMP,U/L
EOB,12:30,B-B 24,B-B,CREA,0.7,CMP,mg/dL
EOB,12:30,B-B 24,B-B,BUN,17.84,CMP,mg/dL
EOB,12:30,B-B 24,B-B,AMY,352,CMP,U/L
EOB,12:30,B-B 24,B-B,TG,223.43,CMP,mg/dL
EOB,12:30,B-B 24,B-B,GLU,165.69,CMP,mg/dL
EOB,12:30,B-B 24,B-B,GGT,2,CMP,U/L
EOB,12:30,B-B 24,B-B,APTT,140.9,Coag Panel,sec
EOB,12:30,B-B 24,B-B,PT,23.5,Coag Panel,sec
EOB,12:30,B-B 24,B-B,TT,20.9,Coag Panel,sec
EOB,12:30,B-B 24,B-B,Fib,2.24,Coag Panel,g/L
1 HR,13:30,B-B 24,B-B,MAP,61,MAP,mmHg
1 HR,13:30,B-B 24,B-B,bpm,288,Heart rate,bpm
1 HR,13:30,B-B 24,B-B,RBC,5.07,CBC,M/mL
1 HR,13:30,B-B 24,B-B,Hb,11.2,CBC,mg/dL
1 HR,13:30,B-B 24,B-B,HCT,34.9,CBC,mmHg
1 HR,13:30,B-B 24,B-B,PLT,167,CBC,10^3/uL
1 HR,13:30,B-B 24,B-B,WBC,3.9,CBC,10^3/uL
1 HR,13:30,B-B 24,B-B,LAC,1.8,ABG,mmol/L
1 HR,13:30,B-B 24,B-B,pH,7.531,ABG,value
1 HR,13:30,B-B 24,B-B,pCO2,35.5,ABG,mmHg
1 HR,13:30,B-B 24,B-B,pO2,97.1,ABG,mmHg
1 HR,13:30,B-B 24,B-B,AST,225,CMP,U/L
1 HR,13:30,B-B 24,B-B,ALT,90,CMP,U/L
1 HR,13:30,B-B 24,B-B,LDH,142,CMP,U/L
1 HR,13:30,B-B 24,B-B,CREA,0.7,CMP,mg/dL
1 HR,13:30,B-B 24,B-B,BUN,16.45,CMP,mg/dL
1 HR,13:30,B-B 24,B-B,AMY,347,CMP,U/L
1 HR,13:30,B-B 24,B-B,TG,192.02,CMP,mg/dL
1 HR,13:30,B-B 24,B-B,GLU,149.44,CMP,mg/dL
1 HR,13:30,B-B 24,B-B,GGT,2,CMP,U/L
1 HR,13:30,B-B 24,B-B,CKHR_time,13.2,TEG 5000,min
1 HR,13:30,B-B 24,B-B,CKH_K,2,TEG 5000,min
1 HR,13:30,B-B 24,B-B,CKH_angle,58.7,TEG 5000,degree
1 HR,13:30,B-B 24,B-B,CKH_MA,66.2,TEG 5000,mm
1 HR,13:30,B-B 24,B-B,APTT,135.3,Coag Panel,sec
1 HR,13:30,B-B 24,B-B,PT,14.6,Coag Panel,sec
1 HR,13:30,B-B 24,B-B,TT,19.7,Coag Panel,sec
1 HR,13:30,B-B 24,B-B,Fib,2.07,Coag Panel,g/L
24HR,09:20,B-B 24,B-B,MAP,67,MAP,mmHg
24HR,09:20,B-B 24,B-B,bpm,277,Heart rate,bpm
24HR,09:20,B-B 24,B-B,RBC,4.77,CBC,M/mL
24HR,09:20,B-B 24,B-B,Hb,10.8,CBC,mg/dL
24HR,09:20,B-B 24,B-B,HCT,32.6,CBC,mmHg
24HR,09:20,B-B 24,B-B,PLT,217,CBC,10^3/uL
24HR,09:20,B-B 24,B-B,WBC,3.9,CBC,10^3/uL
24HR,09:20,B-B 24,B-B,LAC,0.4,ABG,mmol/L
24HR,09:20,B-B 24,B-B,pH,7.525,ABG,value
24HR,09:20,B-B 24,B-B,pCO2,28.1,ABG,mmHg
24HR,09:20,B-B 24,B-B,pO2,100,ABG,mmHg
24HR,09:20,B-B 24,B-B,AST,207,CMP,U/L
24HR,09:20,B-B 24,B-B,ALT,146,CMP,U/L
24HR,09:20,B-B 24,B-B,LDH,189,CMP,U/L
24HR,09:20,B-B 24,B-B,CREA,0.7,CMP,mg/dL
24HR,09:20,B-B 24,B-B,BUN,17.87,CMP,mg/dL
24HR,09:20,B-B 24,B-B,AMY,339,CMP,U/L
24HR,09:20,B-B 24,B-B,TG,180.57,CMP,mg/dL
24HR,09:20,B-B 24,B-B,GLU,164.66,CMP,mg/dL
24HR,09:20,B-B 24,B-B,GGT,3,CMP,U/L
24HR,09:20,B-B 24,B-B,CKHR_time,18.9,TEG 5000,min
24HR,09:20,B-B 24,B-B,CKH_K,3.2,TEG 5000,min
24HR,09:20,B-B 24,B-B,CKH_angle,57.6,TEG 5000,degree
24HR,09:20,B-B 24,B-B,CKH_MA,74.1,TEG 5000,mm
24HR,09:20,B-B 24,B-B,APTT,140.6,Coag Panel,sec
24HR,09:20,B-B 24,B-B,PT,13.7,Coag Panel,sec
24HR,09:20,B-B 24,B-B,TT,20.3,Coag Panel,sec
24HR,09:20,B-B 24,B-B,Fib,3.32,Coag Panel,g/L
Baseline,NA,B-B 26,B-B,MAP,78,MAP,mmHg
Baseline,NA,B-B 26,B-B,bpm,272,Heart rate,bpm
Baseline,NA,B-B 26,B-B,RBC,5.92,CBC,M/mL
Baseline,NA,B-B 26,B-B,Hb,12.3,CBC,mg/dL
Baseline,NA,B-B 26,B-B,HCT,38,CBC,mmHg
Baseline,NA,B-B 26,B-B,PLT,237,CBC,10^3/uL
Baseline,NA,B-B 26,B-B,WBC,3.6,CBC,10^3/uL
Baseline,NA,B-B 26,B-B,LAC,1.7,ABG,mmol/L
Baseline,NA,B-B 26,B-B,pH,7.45,ABG,value
Baseline,NA,B-B 26,B-B,pCO2,39.6,ABG,mmHg
Baseline,NA,B-B 26,B-B,pO2,82.4,ABG,mmHg
Baseline,NA,B-B 26,B-B,AST,11,CMP,U/L
Baseline,NA,B-B 26,B-B,ALT,42,CMP,U/L
Baseline,NA,B-B 26,B-B,LDH,124,CMP,U/L
Baseline,NA,B-B 26,B-B,CREA,0.6,CMP,mg/dL
Baseline,NA,B-B 26,B-B,BUN,17.83,CMP,mg/dL
Baseline,NA,B-B 26,B-B,AMY,296,CMP,U/L
Baseline,NA,B-B 26,B-B,TG,50.38,CMP,mg/dL
Baseline,NA,B-B 26,B-B,GLU,84.21,CMP,mg/dL
Baseline,NA,B-B 26,B-B,GGT,5,CMP,U/L
Baseline,NA,B-B 26,B-B,CKHR_time,8.5,TEG 5000,min
Baseline,NA,B-B 26,B-B,CKH_K,1.3,TEG 5000,min
Baseline,NA,B-B 26,B-B,CKH_angle,70.3,TEG 5000,degree
Baseline,NA,B-B 26,B-B,CKH_MA,67.5,TEG 5000,mm
Baseline,NA,B-B 26,B-B,APTT,116.9,Coag Panel,sec
Baseline,NA,B-B 26,B-B,PT,12.6,Coag Panel,sec
Baseline,NA,B-B 26,B-B,TT,24.5,Coag Panel,sec
Baseline,NA,B-B 26,B-B,Fib,1.65,Coag Panel,g/L
EOS,NA,B-B 26,B-B,MAP,32,MAP,mmHg
EOS,NA,B-B 26,B-B,bpm,242,Heart rate,bpm
EOS,NA,B-B 26,B-B,RBC,3.14,CBC,M/mL
EOS,NA,B-B 26,B-B,Hb,6.7,CBC,mg/dL
EOS,NA,B-B 26,B-B,HCT,20,CBC,mmHg
EOS,NA,B-B 26,B-B,PLT,230,CBC,10^3/uL
EOS,NA,B-B 26,B-B,WBC,5.4,CBC,10^3/uL
EOS,NA,B-B 26,B-B,LAC,7.9,ABG,mmol/L
EOS,NA,B-B 26,B-B,pH,7.386,ABG,value
EOS,NA,B-B 26,B-B,pCO2,39.8,ABG,mmHg
EOS,NA,B-B 26,B-B,pO2,84.5,ABG,mmHg
EOS,NA,B-B 26,B-B,AST,48,CMP,U/L
EOS,NA,B-B 26,B-B,ALT,54,CMP,U/L
EOS,NA,B-B 26,B-B,LDH,161,CMP,U/L
EOS,NA,B-B 26,B-B,CREA,0.7,CMP,mg/dL
EOS,NA,B-B 26,B-B,BUN,20.4,CMP,mg/dL
EOS,NA,B-B 26,B-B,AMY,246,CMP,U/L
EOS,NA,B-B 26,B-B,TG,131.91,CMP,mg/dL
EOS,NA,B-B 26,B-B,GLU,388.95,CMP,mg/dL
EOS,NA,B-B 26,B-B,GGT,2,CMP,U/L
EOS,NA,B-B 26,B-B,CKHR_time,7.8,TEG 5000,min
EOS,NA,B-B 26,B-B,CKH_K,1.2,TEG 5000,min
EOS,NA,B-B 26,B-B,CKH_angle,73.1,TEG 5000,degree
EOS,NA,B-B 26,B-B,CKH_MA,69.9,TEG 5000,mm
EOS,NA,B-B 26,B-B,APTT,119.6,Coag Panel,sec
EOS,NA,B-B 26,B-B,PT,9.4,Coag Panel,sec
EOS,NA,B-B 26,B-B,Fib,4.2,Coag Panel,g/L
EOR,NA,B-B 26,B-B,MAP,59,MAP,mmHg
EOR,NA,B-B 26,B-B,bpm,217,Heart rate,bpm
EOR,NA,B-B 26,B-B,RBC,3.87,CBC,M/mL
EOR,NA,B-B 26,B-B,Hb,8.2,CBC,mg/dL
EOR,NA,B-B 26,B-B,HCT,24.8,CBC,mmHg
EOR,NA,B-B 26,B-B,PLT,228,CBC,10^3/uL
EOR,NA,B-B 26,B-B,WBC,6.4,CBC,10^3/uL
EOR,NA,B-B 26,B-B,LAC,6.9,ABG,mmol/L
EOR,NA,B-B 26,B-B,pH,7.382,ABG,value
EOR,NA,B-B 26,B-B,pCO2,38.3,ABG,mmHg
EOR,NA,B-B 26,B-B,pO2,96.1,ABG,mmHg
EOR,NA,B-B 26,B-B,AST,41,CMP,U/L
EOR,NA,B-B 26,B-B,ALT,54,CMP,U/L
EOR,NA,B-B 26,B-B,LDH,124,CMP,U/L
EOR,NA,B-B 26,B-B,CREA,0.7,CMP,mg/dL
EOR,NA,B-B 26,B-B,BUN,19.46,CMP,mg/dL
EOR,NA,B-B 26,B-B,AMY,242,CMP,U/L
EOR,NA,B-B 26,B-B,TG,136.18,CMP,mg/dL
EOR,NA,B-B 26,B-B,GLU,379.27,CMP,mg/dL
EOR,NA,B-B 26,B-B,GGT,2,CMP,U/L
EOR,NA,B-B 26,B-B,CKHR_time,5.9,TEG 5000,min
EOR,NA,B-B 26,B-B,CKH_K,1.4,TEG 5000,min
EOR,NA,B-B 26,B-B,CKH_angle,71.1,TEG 5000,degree
EOR,NA,B-B 26,B-B,CKH_MA,73,TEG 5000,mm
EOR,NA,B-B 26,B-B,APTT,126.4,Coag Panel,sec
EOR,NA,B-B 26,B-B,PT,7.9,Coag Panel,sec
EOR,NA,B-B 26,B-B,TT,29.8,Coag Panel,sec
EOR,NA,B-B 26,B-B,Fib,3.17,Coag Panel,g/L
20%,NA,B-B 26,B-B,MAP,62,MAP,mmHg
20%,NA,B-B 26,B-B,bpm,252,Heart rate,bpm
20%,NA,B-B 26,B-B,LAC,3,ABG,mmol/L
20%,NA,B-B 26,B-B,pH,7.482,ABG,value
20%,NA,B-B 26,B-B,pCO2,33.1,ABG,mmHg
20%,NA,B-B 26,B-B,pO2,91.5,ABG,mmHg
15%,NA,B-B 26,B-B,MAP,60,MAP,mmHg
15%,NA,B-B 26,B-B,bpm,245,Heart rate,bpm
15%,NA,B-B 26,B-B,LAC,2.4,ABG,mmol/L
15%,NA,B-B 26,B-B,pH,7.453,ABG,value
15%,NA,B-B 26,B-B,pCO2,34.4,ABG,mmHg
15%,NA,B-B 26,B-B,pO2,84,ABG,mmHg
10%,00:45,B-B 26,B-B,MAP,54,MAP,mmHg
10%,00:45,B-B 26,B-B,bpm,241,Heart rate,bpm
10%,00:45,B-B 26,B-B,LAC,2,ABG,mmol/L
10%,00:45,B-B 26,B-B,pH,7.469,ABG,value
10%,00:45,B-B 26,B-B,pCO2,30.9,ABG,mmHg
10%,00:45,B-B 26,B-B,pO2,95.6,ABG,mmHg
EOB,10:58,B-B 26,B-B,MAP,69,MAP,mmHg
EOB,10:58,B-B 26,B-B,bpm,279,Heart rate,bpm
EOB,10:58,B-B 26,B-B,RBC,4.26,CBC,M/mL
EOB,10:58,B-B 26,B-B,Hb,9,CBC,mg/dL
EOB,10:58,B-B 26,B-B,HCT,27,CBC,mmHg
EOB,10:58,B-B 26,B-B,PLT,226,CBC,10^3/uL
EOB,10:58,B-B 26,B-B,WBC,4.6,CBC,10^3/uL
EOB,10:58,B-B 26,B-B,LAC,2.4,ABG,mmol/L
EOB,10:58,B-B 26,B-B,pH,7.48,ABG,value
EOB,10:58,B-B 26,B-B,pCO2,37.9,ABG,mmHg
EOB,10:58,B-B 26,B-B,pO2,88.7,ABG,mmHg
EOB,10:58,B-B 26,B-B,AST,63,CMP,U/L
EOB,10:58,B-B 26,B-B,ALT,75,CMP,U/L
EOB,10:58,B-B 26,B-B,LDH,172,CMP,U/L
EOB,10:58,B-B 26,B-B,CREA,0.5,CMP,mg/dL
EOB,10:58,B-B 26,B-B,BUN,16.58,CMP,mg/dL
EOB,10:58,B-B 26,B-B,AMY,301,CMP,U/L
EOB,10:58,B-B 26,B-B,TG,186.52,CMP,mg/dL
EOB,10:58,B-B 26,B-B,GLU,170.33,CMP,mg/dL
EOB,10:58,B-B 26,B-B,GGT,4,CMP,U/L
EOB,10:58,B-B 26,B-B,APTT,128.2,Coag Panel,sec
EOB,10:58,B-B 26,B-B,PT,9.6,Coag Panel,sec
EOB,10:58,B-B 26,B-B,TT,17.7,Coag Panel,sec
EOB,10:58,B-B 26,B-B,Fib,5.91,Coag Panel,g/L
1H,NA,B-B 26,B-B,MAP,74,MAP,mmHg
1H,NA,B-B 26,B-B,bpm,266,Heart rate,bpm
1H,NA,B-B 26,B-B,RBC,4.2,CBC,M/mL
1H,NA,B-B 26,B-B,Hb,9,CBC,mg/dL
1H,NA,B-B 26,B-B,HCT,26.7,CBC,mmHg
1H,NA,B-B 26,B-B,PLT,248,CBC,10^3/uL
1H,NA,B-B 26,B-B,WBC,4.4,CBC,10^3/uL
1H,NA,B-B 26,B-B,LAC,2.3,ABG,mmol/L
1H,NA,B-B 26,B-B,pH,7.475,ABG,value
1H,NA,B-B 26,B-B,pCO2,38,ABG,mmHg
1H,NA,B-B 26,B-B,pO2,92.5,ABG,mmHg
1H,NA,B-B 26,B-B,AST,59,CMP,U/L
1H,NA,B-B 26,B-B,ALT,76,CMP,U/L
1H,NA,B-B 26,B-B,LDH,144,CMP,U/L
1H,NA,B-B 26,B-B,CREA,0.5,CMP,mg/dL
1H,NA,B-B 26,B-B,BUN,15.91,CMP,mg/dL
1H,NA,B-B 26,B-B,AMY,299,CMP,U/L
1H,NA,B-B 26,B-B,TG,153.33,CMP,mg/dL
1H,NA,B-B 26,B-B,GLU,170,CMP,mg/dL
1H,NA,B-B 26,B-B,GGT,3,CMP,U/L
1H,NA,B-B 26,B-B,CKHR_time,17.9,TEG 5000,min
1H,NA,B-B 26,B-B,CKH_K,2.5,TEG 5000,min
1H,NA,B-B 26,B-B,CKH_angle,58.9,TEG 5000,degree
1H,NA,B-B 26,B-B,CKH_MA,75.1,TEG 5000,mm
1H,NA,B-B 26,B-B,APTT,124.7,Coag Panel,sec
1H,NA,B-B 26,B-B,PT,6.5,Coag Panel,sec
1H,NA,B-B 26,B-B,TT,17.8,Coag Panel,sec
1H,NA,B-B 26,B-B,Fib,3.12,Coag Panel,g/L
24HR,NA,B-B 26,B-B,MAP,77,MAP,mmHg
24HR,NA,B-B 26,B-B,bpm,286,Heart rate,bpm
24HR,NA,B-B 26,B-B,RBC,4.54,CBC,M/mL
24HR,NA,B-B 26,B-B,Hb,9.8,CBC,mg/dL
24HR,NA,B-B 26,B-B,HCT,28.8,CBC,mmHg
24HR,NA,B-B 26,B-B,PLT,296,CBC,10^3/uL
24HR,NA,B-B 26,B-B,WBC,5.3,CBC,10^3/uL
24HR,NA,B-B 26,B-B,LAC,1.4,ABG,mmol/L
24HR,NA,B-B 26,B-B,pH,7.486,ABG,value
24HR,NA,B-B 26,B-B,pCO2,40.3,ABG,mmHg
24HR,NA,B-B 26,B-B,pO2,79.8,ABG,mmHg
24HR,NA,B-B 26,B-B,AST,31,CMP,U/L
24HR,NA,B-B 26,B-B,ALT,86,CMP,U/L
24HR,NA,B-B 26,B-B,LDH,64,CMP,U/L
24HR,NA,B-B 26,B-B,CREA,0.4,CMP,mg/dL
24HR,NA,B-B 26,B-B,BUN,13.32,CMP,mg/dL
24HR,NA,B-B 26,B-B,AMY,280,CMP,U/L
24HR,NA,B-B 26,B-B,TG,94.32,CMP,mg/dL
24HR,NA,B-B 26,B-B,GLU,164.6,CMP,mg/dL
24HR,NA,B-B 26,B-B,GGT,5,CMP,U/L
24HR,NA,B-B 26,B-B,CKHR_time,9.3,TEG 5000,min
24HR,NA,B-B 26,B-B,CKH_K,1.5,TEG 5000,min
24HR,NA,B-B 26,B-B,CKH_angle,50.9,TEG 5000,degree
24HR,NA,B-B 26,B-B,CKH_MA,74.9,TEG 5000,mm
24HR,NA,B-B 26,B-B,APTT,125.9,Coag Panel,sec
24HR,NA,B-B 26,B-B,PT,8.8,Coag Panel,sec
24HR,NA,B-B 26,B-B,TT,56,Coag Panel,sec
24HR,NA,B-B 26,B-B,Fib,6.55,Coag Panel,g/L
Baseline,06:40,B-B 27,B-B,MAP,77,MAP,mmHg
Baseline,06:40,B-B 27,B-B,bpm,273,Heart rate,bpm
Baseline,06:40,B-B 27,B-B,RBC,6.24,CBC,M/mL
Baseline,06:40,B-B 27,B-B,Hb,13.4,CBC,mg/dL
Baseline,06:40,B-B 27,B-B,HCT,41,CBC,mmHg
Baseline,06:40,B-B 27,B-B,PLT,319,CBC,10^3/uL
Baseline,06:40,B-B 27,B-B,WBC,4.4,CBC,10^3/uL
Baseline,06:40,B-B 27,B-B,LAC,0.6,ABG,mmol/L
Baseline,06:40,B-B 27,B-B,pH,7.462,ABG,value
Baseline,06:40,B-B 27,B-B,pCO2,41.7,ABG,mmHg
Baseline,06:40,B-B 27,B-B,pO2,67.1,ABG,mmHg
Baseline,06:40,B-B 27,B-B,AST,14,CMP,U/L
Baseline,06:40,B-B 27,B-B,ALT,30,CMP,U/L
Baseline,06:40,B-B 27,B-B,LDH,76,CMP,U/L
Baseline,06:40,B-B 27,B-B,CREA,0.7,CMP,mg/dL
Baseline,06:40,B-B 27,B-B,BUN,15.51,CMP,mg/dL
Baseline,06:40,B-B 27,B-B,AMY,396,CMP,U/L
Baseline,06:40,B-B 27,B-B,TG,66.89,CMP,mg/dL
Baseline,06:40,B-B 27,B-B,GLU,225.38,CMP,mg/dL
Baseline,06:40,B-B 27,B-B,GGT,3,CMP,U/L
Baseline,06:40,B-B 27,B-B,CKHR_time,8.4,TEG 5000,min
Baseline,06:40,B-B 27,B-B,CKH_K,1.2,TEG 5000,min
Baseline,06:40,B-B 27,B-B,CKH_angle,69.7,TEG 5000,degree
Baseline,06:40,B-B 27,B-B,CKH_MA,65,TEG 5000,mm
Baseline,06:40,B-B 27,B-B,APTT,125.2,Coag Panel,sec
Baseline,06:40,B-B 27,B-B,PT,17.7,Coag Panel,sec
Baseline,06:40,B-B 27,B-B,TT,28.2,Coag Panel,sec
Baseline,06:40,B-B 27,B-B,Fib,1.92,Coag Panel,g/L
EOS,09:38,B-B 27,B-B,MAP,70,MAP,mmHg
EOS,09:38,B-B 27,B-B,bpm,175,Heart rate,bpm
EOS,09:38,B-B 27,B-B,RBC,3.77,CBC,M/mL
EOS,09:38,B-B 27,B-B,Hb,8,CBC,mg/dL
EOS,09:38,B-B 27,B-B,HCT,24.5,CBC,mmHg
EOS,09:38,B-B 27,B-B,PLT,218,CBC,10^3/uL
EOS,09:38,B-B 27,B-B,WBC,6.7,CBC,10^3/uL
EOS,09:38,B-B 27,B-B,LAC,10.9,ABG,mmol/L
EOS,09:38,B-B 27,B-B,pH,7.342,ABG,value
EOS,09:38,B-B 27,B-B,pCO2,41.7,ABG,mmHg
EOS,09:38,B-B 27,B-B,pO2,88.2,ABG,mmHg
EOS,09:38,B-B 27,B-B,AST,79,CMP,U/L
EOS,09:38,B-B 27,B-B,ALT,48,CMP,U/L
EOS,09:38,B-B 27,B-B,LDH,243,CMP,U/L
EOS,09:38,B-B 27,B-B,CREA,1.2,CMP,mg/dL
EOS,09:38,B-B 27,B-B,BUN,17.75,CMP,mg/dL
EOS,09:38,B-B 27,B-B,AMY,234,CMP,U/L
EOS,09:38,B-B 27,B-B,TG,152.5,CMP,mg/dL
EOS,09:38,B-B 27,B-B,GLU,474.82,CMP,mg/dL
EOS,09:38,B-B 27,B-B,GGT,2,CMP,U/L
EOS,09:38,B-B 27,B-B,CKHR_time,10.6,TEG 5000,min
EOS,09:38,B-B 27,B-B,CKH_K,1.5,TEG 5000,min
EOS,09:38,B-B 27,B-B,CKH_angle,69.3,TEG 5000,degree
EOS,09:38,B-B 27,B-B,CKH_MA,69.5,TEG 5000,mm
EOS,09:38,B-B 27,B-B,APTT,11.8,Coag Panel,sec
EOS,09:38,B-B 27,B-B,PT,13.3,Coag Panel,sec
EOS,09:38,B-B 27,B-B,Fib,3.14,Coag Panel,g/L
EOR,09:48,B-B 27,B-B,MAP,70,MAP,mmHg
EOR,09:48,B-B 27,B-B,bpm,258,Heart rate,bpm
EOR,09:48,B-B 27,B-B,RBC,4.65,CBC,M/mL
EOR,09:48,B-B 27,B-B,Hb,9.9,CBC,mg/dL
EOR,09:48,B-B 27,B-B,HCT,30.2,CBC,mmHg
EOR,09:48,B-B 27,B-B,PLT,223,CBC,10^3/uL
EOR,09:48,B-B 27,B-B,WBC,7.5,CBC,10^3/uL
EOR,09:48,B-B 27,B-B,LAC,9.8,ABG,mmol/L
EOR,09:48,B-B 27,B-B,pH,7.331,ABG,value
EOR,09:48,B-B 27,B-B,pCO2,41.6,ABG,mmHg
EOR,09:48,B-B 27,B-B,pO2,96.9,ABG,mmHg
EOR,09:48,B-B 27,B-B,AST,72,CMP,U/L
EOR,09:48,B-B 27,B-B,ALT,51,CMP,U/L
EOR,09:48,B-B 27,B-B,LDH,228,CMP,U/L
EOR,09:48,B-B 27,B-B,CREA,1.1,CMP,mg/dL
EOR,09:48,B-B 27,B-B,BUN,16.87,CMP,mg/dL
EOR,09:48,B-B 27,B-B,AMY,277,CMP,U/L
EOR,09:48,B-B 27,B-B,TG,152.93,CMP,mg/dL
EOR,09:48,B-B 27,B-B,GLU,442.64,CMP,mg/dL
EOR,09:48,B-B 27,B-B,GGT,2,CMP,U/L
EOR,09:48,B-B 27,B-B,CKHR_time,12.2,TEG 5000,min
EOR,09:48,B-B 27,B-B,CKH_K,2.6,TEG 5000,min
EOR,09:48,B-B 27,B-B,CKH_angle,38.8,TEG 5000,degree
EOR,09:48,B-B 27,B-B,CKH_MA,73.1,TEG 5000,mm
EOR,09:48,B-B 27,B-B,APTT,137.9,Coag Panel,sec
EOR,09:48,B-B 27,B-B,PT,13.2,Coag Panel,sec
EOR,09:48,B-B 27,B-B,Fib,4.28,Coag Panel,g/L
20%,10:48,B-B 27,B-B,MAP,78,MAP,mmHg
20%,10:48,B-B 27,B-B,bpm,280,Heart rate,bpm
20%,10:48,B-B 27,B-B,LAC,2.7,ABG,mmol/L
20%,10:48,B-B 27,B-B,pH,7.465,ABG,value
20%,10:48,B-B 27,B-B,pCO2,40,ABG,mmHg
20%,10:48,B-B 27,B-B,pO2,83.9,ABG,mmHg
15%,11:48,B-B 27,B-B,MAP,84,MAP,mmHg
15%,11:48,B-B 27,B-B,bpm,280,Heart rate,bpm
15%,11:48,B-B 27,B-B,LAC,1.4,ABG,mmol/L
15%,11:48,B-B 27,B-B,pH,7.453,ABG,value
15%,11:48,B-B 27,B-B,pCO2,41.8,ABG,mmHg
15%,11:48,B-B 27,B-B,pO2,62.8,ABG,mmHg
10%,12:48,B-B 27,B-B,MAP,82,MAP,mmHg
10%,12:48,B-B 27,B-B,bpm,284,Heart rate,bpm
10%,12:48,B-B 27,B-B,LAC,0.8,ABG,mmol/L
10%,12:48,B-B 27,B-B,pH,7.53,ABG,value
10%,12:48,B-B 27,B-B,pCO2,38,ABG,mmHg
10%,12:48,B-B 27,B-B,pO2,82.4,ABG,mmHg
EOB,12:58,B-B 27,B-B,MAP,73,MAP,mmHg
EOB,12:58,B-B 27,B-B,bpm,282,Heart rate,bpm
EOB,12:58,B-B 27,B-B,RBC,4.57,CBC,M/mL
EOB,12:58,B-B 27,B-B,Hb,9.9,CBC,mg/dL
EOB,12:58,B-B 27,B-B,HCT,29.4,CBC,mmHg
EOB,12:58,B-B 27,B-B,PLT,207,CBC,10^3/uL
EOB,12:58,B-B 27,B-B,WBC,5.8,CBC,10^3/uL
EOB,12:58,B-B 27,B-B,LAC,0.7,ABG,mmol/L
EOB,12:58,B-B 27,B-B,pH,7.52,ABG,value
EOB,12:58,B-B 27,B-B,pCO2,37.2,ABG,mmHg
EOB,12:58,B-B 27,B-B,pO2,83.8,ABG,mmHg
EOB,12:58,B-B 27,B-B,AST,138,CMP,U/L
EOB,12:58,B-B 27,B-B,ALT,70,CMP,U/L
EOB,12:58,B-B 27,B-B,LDH,152,CMP,U/L
EOB,12:58,B-B 27,B-B,CREA,0.7,CMP,mg/dL
EOB,12:58,B-B 27,B-B,BUN,17.24,CMP,mg/dL
EOB,12:58,B-B 27,B-B,AMY,283,CMP,U/L
EOB,12:58,B-B 27,B-B,TG,126.46,CMP,mg/dL
EOB,12:58,B-B 27,B-B,GLU,152.72,CMP,mg/dL
EOB,12:58,B-B 27,B-B,GGT,2,CMP,U/L
EOB,12:58,B-B 27,B-B,APTT,139.2,Coag Panel,sec
EOB,12:58,B-B 27,B-B,PT,10.3,Coag Panel,sec
EOB,12:58,B-B 27,B-B,TT,19.4,Coag Panel,sec
EOB,12:58,B-B 27,B-B,Fib,3.14,Coag Panel,g/L
1H,13:58,B-B 27,B-B,MAP,79,MAP,mmHg
1H,13:58,B-B 27,B-B,bpm,287,Heart rate,bpm
1H,13:58,B-B 27,B-B,RBC,5.03,CBC,M/mL
1H,13:58,B-B 27,B-B,Hb,10.3,CBC,mg/dL
1H,13:58,B-B 27,B-B,HCT,32.4,CBC,mmHg
1H,13:58,B-B 27,B-B,PLT,259,CBC,10^3/uL
1H,13:58,B-B 27,B-B,WBC,0,CBC,10^3/uL
1H,13:58,B-B 27,B-B,LAC,0.8,ABG,mmol/L
1H,13:58,B-B 27,B-B,pH,7.505,ABG,value
1H,13:58,B-B 27,B-B,pCO2,37.1,ABG,mmHg
1H,13:58,B-B 27,B-B,pO2,73.2,ABG,mmHg
1H,13:58,B-B 27,B-B,AST,158,CMP,U/L
1H,13:58,B-B 27,B-B,ALT,76,CMP,U/L
1H,13:58,B-B 27,B-B,LDH,239,CMP,U/L
1H,13:58,B-B 27,B-B,CREA,0.6,CMP,mg/dL
1H,13:58,B-B 27,B-B,BUN,17.62,CMP,mg/dL
1H,13:58,B-B 27,B-B,AMY,282,CMP,U/L
1H,13:58,B-B 27,B-B,TG,105.92,CMP,mg/dL
1H,13:58,B-B 27,B-B,GLU,133.34,CMP,mg/dL
1H,13:58,B-B 27,B-B,GGT,2,CMP,U/L
1H,13:58,B-B 27,B-B,CKHR_time,13.4,TEG 5000,min
1H,13:58,B-B 27,B-B,CKH_K,2.4,TEG 5000,min
1H,13:58,B-B 27,B-B,CKH_angle,61.8,TEG 5000,degree
1H,13:58,B-B 27,B-B,CKH_MA,73.2,TEG 5000,mm
1H,13:58,B-B 27,B-B,APTT,138.7,Coag Panel,sec
1H,13:58,B-B 27,B-B,PT,10.4,Coag Panel,sec
1H,13:58,B-B 27,B-B,TT,27.2,Coag Panel,sec
1H,13:58,B-B 27,B-B,Fib,3.66,Coag Panel,g/L
24HR,09:48,B-B 27,B-B,MAP,70,MAP,mmHg
24HR,09:48,B-B 27,B-B,bpm,295,Heart rate,bpm
24HR,09:48,B-B 27,B-B,RBC,5.73,CBC,M/mL
24HR,09:48,B-B 27,B-B,Hb,12.2,CBC,mg/dL
24HR,09:48,B-B 27,B-B,HCT,37.4,CBC,mmHg
24HR,09:48,B-B 27,B-B,PLT,232,CBC,10^3/uL
24HR,09:48,B-B 27,B-B,WBC,6.2,CBC,10^3/uL
24HR,09:48,B-B 27,B-B,LAC,1.3,ABG,mmol/L
24HR,09:48,B-B 27,B-B,pH,7.46,ABG,value
24HR,09:48,B-B 27,B-B,pCO2,28.9,ABG,mmHg
24HR,09:48,B-B 27,B-B,pO2,78.1,ABG,mmHg
24HR,09:48,B-B 27,B-B,AST,35,CMP,U/L
24HR,09:48,B-B 27,B-B,ALT,80,CMP,U/L
24HR,09:48,B-B 27,B-B,LDH,67,CMP,U/L
24HR,09:48,B-B 27,B-B,CREA,0.6,CMP,mg/dL
24HR,09:48,B-B 27,B-B,BUN,10.91,CMP,mg/dL
24HR,09:48,B-B 27,B-B,AMY,315,CMP,U/L
24HR,09:48,B-B 27,B-B,TG,88.34,CMP,mg/dL
24HR,09:48,B-B 27,B-B,GLU,142.8,CMP,mg/dL
24HR,09:48,B-B 27,B-B,GGT,2,CMP,U/L
24HR,09:48,B-B 27,B-B,CKHR_time,13.4,TEG 5000,min
24HR,09:48,B-B 27,B-B,CKH_K,1.3,TEG 5000,min
24HR,09:48,B-B 27,B-B,CKH_angle,72.4,TEG 5000,degree
24HR,09:48,B-B 27,B-B,CKH_MA,75.6,TEG 5000,mm
24HR,09:48,B-B 27,B-B,APTT,138.4,Coag Panel,sec
24HR,09:48,B-B 27,B-B,PT,12.5,Coag Panel,sec
24HR,09:48,B-B 27,B-B,TT,25.1,Coag Panel,sec
24HR,09:48,B-B 27,B-B,Fib,4.99,Coag Panel,g/L
Baseline,06:46,B-B 28,B-B,MAP,80,MAP,mmHg
Baseline,06:46,B-B 28,B-B,bpm,296,Heart rate,bpm
Baseline,06:46,B-B 28,B-B,RBC,5.64,CBC,M/mL
Baseline,06:46,B-B 28,B-B,Hb,11.9,CBC,mg/dL
Baseline,06:46,B-B 28,B-B,HCT,36.2,CBC,mmHg
Baseline,06:46,B-B 28,B-B,PLT,268,CBC,10^3/uL
Baseline,06:46,B-B 28,B-B,WBC,3,CBC,10^3/uL
Baseline,06:46,B-B 28,B-B,LAC,1.8,ABG,mmol/L
Baseline,06:46,B-B 28,B-B,pH,7.502,ABG,value
Baseline,06:46,B-B 28,B-B,pCO2,34.6,ABG,mmHg
Baseline,06:46,B-B 28,B-B,pO2,90.2,ABG,mmHg
Baseline,06:46,B-B 28,B-B,AST,31,CMP,U/L
Baseline,06:46,B-B 28,B-B,ALT,49,CMP,U/L
Baseline,06:46,B-B 28,B-B,LDH,149,CMP,U/L
Baseline,06:46,B-B 28,B-B,CREA,349,CMP,mg/dL
Baseline,06:46,B-B 28,B-B,BUN,0.7,CMP,mg/dL
Baseline,06:46,B-B 28,B-B,AMY,17.49,CMP,U/L
Baseline,06:46,B-B 28,B-B,TG,254,CMP,mg/dL
Baseline,06:46,B-B 28,B-B,GLU,2,CMP,mg/dL
Baseline,06:46,B-B 28,B-B,GGT,185.16,CMP,U/L
Baseline,06:46,B-B 28,B-B,CKHR_time,5.6,TEG 5000,min
Baseline,06:46,B-B 28,B-B,CKH_K,0.8,TEG 5000,min
Baseline,06:46,B-B 28,B-B,CKH_angle,76.8,TEG 5000,degree
Baseline,06:46,B-B 28,B-B,CKH_MA,65.2,TEG 5000,mm
Baseline,06:46,B-B 28,B-B,APTT,125.6,Coag Panel,sec
Baseline,06:46,B-B 28,B-B,PT,13.3,Coag Panel,sec
Baseline,06:46,B-B 28,B-B,TT,25.2,Coag Panel,sec
Baseline,06:46,B-B 28,B-B,Fib,1.69,Coag Panel,g/L
EOS,09:40,B-B 28,B-B,MAP,48,MAP,mmHg
EOS,09:40,B-B 28,B-B,bpm,300,Heart rate,bpm
EOS,09:40,B-B 28,B-B,RBC,3.26,CBC,M/mL
EOS,09:40,B-B 28,B-B,Hb,7.1,CBC,mg/dL
EOS,09:40,B-B 28,B-B,HCT,20.8,CBC,mmHg
EOS,09:40,B-B 28,B-B,PLT,159,CBC,10^3/uL
EOS,09:40,B-B 28,B-B,WBC,4.4,CBC,10^3/uL
EOS,09:40,B-B 28,B-B,LAC,19,ABG,mmol/L
EOS,09:40,B-B 28,B-B,pH,7.296,ABG,value
EOS,09:40,B-B 28,B-B,pCO2,34.9,ABG,mmHg
EOS,09:40,B-B 28,B-B,pO2,93.8,ABG,mmHg
EOS,09:40,B-B 28,B-B,AST,147,CMP,U/L
EOS,09:40,B-B 28,B-B,ALT,93,CMP,U/L
EOS,09:40,B-B 28,B-B,LDH,149,CMP,U/L
EOS,09:40,B-B 28,B-B,CREA,0.8,CMP,mg/dL
EOS,09:40,B-B 28,B-B,BUN,16.57,CMP,mg/dL
EOS,09:40,B-B 28,B-B,AMY,220,CMP,U/L
EOS,09:40,B-B 28,B-B,TG,70.89,CMP,mg/dL
EOS,09:40,B-B 28,B-B,GLU,195.01,CMP,mg/dL
EOS,09:40,B-B 28,B-B,GGT,3,CMP,U/L
EOS,09:40,B-B 28,B-B,CKHR_time,10.3,TEG 5000,min
EOS,09:40,B-B 28,B-B,CKH_K,1.6,TEG 5000,min
EOS,09:40,B-B 28,B-B,CKH_angle,67.2,TEG 5000,degree
EOS,09:40,B-B 28,B-B,CKH_MA,65.7,TEG 5000,mm
EOS,09:40,B-B 28,B-B,APTT,9.1,Coag Panel,sec
EOS,09:40,B-B 28,B-B,PT,14.7,Coag Panel,sec
EOS,09:40,B-B 28,B-B,Fib,3.4,Coag Panel,g/L
EOR,09:50,B-B 28,B-B,MAP,77,MAP,mmHg
EOR,09:50,B-B 28,B-B,bpm,286,Heart rate,bpm
EOR,09:50,B-B 28,B-B,RBC,4.56,CBC,M/mL
EOR,09:50,B-B 28,B-B,Hb,9.6,CBC,mg/dL
EOR,09:50,B-B 28,B-B,HCT,29.2,CBC,mmHg
EOR,09:50,B-B 28,B-B,PLT,158,CBC,10^3/uL
EOR,09:50,B-B 28,B-B,WBC,6.8,CBC,10^3/uL
EOR,09:50,B-B 28,B-B,LAC,15,ABG,mmol/L
EOR,09:50,B-B 28,B-B,pH,7.304,ABG,value
EOR,09:50,B-B 28,B-B,pCO2,37.2,ABG,mmHg
EOR,09:50,B-B 28,B-B,pO2,91.3,ABG,mmHg
EOR,09:50,B-B 28,B-B,AST,128,CMP,U/L
EOR,09:50,B-B 28,B-B,ALT,97,CMP,U/L
EOR,09:50,B-B 28,B-B,LDH,254,CMP,U/L
EOR,09:50,B-B 28,B-B,CREA,1.5,CMP,mg/dL
EOR,09:50,B-B 28,B-B,BUN,21.57,CMP,mg/dL
EOR,09:50,B-B 28,B-B,AMY,194,CMP,U/L
EOR,09:50,B-B 28,B-B,TG,191.69,CMP,mg/dL
EOR,09:50,B-B 28,B-B,GLU,388.12,CMP,mg/dL
EOR,09:50,B-B 28,B-B,GGT,2,CMP,U/L
EOR,09:50,B-B 28,B-B,CKHR_time,8.4,TEG 5000,min
EOR,09:50,B-B 28,B-B,CKH_K,1.5,TEG 5000,min
EOR,09:50,B-B 28,B-B,CKH_angle,68.7,TEG 5000,degree
EOR,09:50,B-B 28,B-B,CKH_MA,67.1,TEG 5000,mm
EOR,09:50,B-B 28,B-B,APTT,141.3,Coag Panel,sec
EOR,09:50,B-B 28,B-B,PT,16,Coag Panel,sec
EOR,09:50,B-B 28,B-B,Fib,4.33,Coag Panel,g/L
20%,10:50,B-B 28,B-B,MAP,78,MAP,mmHg
20%,10:50,B-B 28,B-B,bpm,289,Heart rate,bpm
20%,10:50,B-B 28,B-B,LAC,6.3,ABG,mmol/L
20%,10:50,B-B 28,B-B,pH,7.496,ABG,value
20%,10:50,B-B 28,B-B,pCO2,36.4,ABG,mmHg
20%,10:50,B-B 28,B-B,pO2,94.4,ABG,mmHg
15%,11:50,B-B 28,B-B,MAP,84,MAP,mmHg
15%,11:50,B-B 28,B-B,bpm,289,Heart rate,bpm
15%,11:50,B-B 28,B-B,LAC,2.9,ABG,mmol/L
15%,11:50,B-B 28,B-B,pH,7.474,ABG,value
15%,11:50,B-B 28,B-B,pCO2,36.3,ABG,mmHg
15%,11:50,B-B 28,B-B,pO2,88.2,ABG,mmHg
10%,12:50,B-B 28,B-B,MAP,87,MAP,mmHg
10%,12:50,B-B 28,B-B,bpm,290,Heart rate,bpm
10%,12:50,B-B 28,B-B,LAC,1.5,ABG,mmol/L
10%,12:50,B-B 28,B-B,pH,7.5,ABG,value
10%,12:50,B-B 28,B-B,pCO2,32.7,ABG,mmHg
10%,12:50,B-B 28,B-B,pO2,93.9,ABG,mmHg
EOB,13:00,B-B 28,B-B,MAP,86,MAP,mmHg
EOB,13:00,B-B 28,B-B,bpm,292,Heart rate,bpm
EOB,13:00,B-B 28,B-B,RBC,5,CBC,M/mL
EOB,13:00,B-B 28,B-B,Hb,10.6,CBC,mg/dL
EOB,13:00,B-B 28,B-B,HCT,32,CBC,mmHg
EOB,13:00,B-B 28,B-B,PLT,173,CBC,10^3/uL
EOB,13:00,B-B 28,B-B,WBC,4.9,CBC,10^3/uL
EOB,13:00,B-B 28,B-B,LAC,1.7,ABG,mmol/L
EOB,13:00,B-B 28,B-B,pH,7.52,ABG,value
EOB,13:00,B-B 28,B-B,pCO2,34.5,ABG,mmHg
EOB,13:00,B-B 28,B-B,pO2,93.7,ABG,mmHg
EOB,13:00,B-B 28,B-B,AST,278,CMP,U/L
EOB,13:00,B-B 28,B-B,ALT,156,CMP,U/L
EOB,13:00,B-B 28,B-B,LDH,267,CMP,U/L
EOB,13:00,B-B 28,B-B,CREA,1.4,CMP,mg/dL
EOB,13:00,B-B 28,B-B,BUN,21.28,CMP,mg/dL
EOB,13:00,B-B 28,B-B,AMY,219,CMP,U/L
EOB,13:00,B-B 28,B-B,TG,191.53,CMP,mg/dL
EOB,13:00,B-B 28,B-B,GLU,388.54,CMP,mg/dL
EOB,13:00,B-B 28,B-B,GGT,3,CMP,U/L
EOB,13:00,B-B 28,B-B,APTT,133.3,Coag Panel,sec
EOB,13:00,B-B 28,B-B,PT,11.5,Coag Panel,sec
EOB,13:00,B-B 28,B-B,TT,20.6,Coag Panel,sec
EOB,13:00,B-B 28,B-B,Fib,2.69,Coag Panel,g/L
1H,14:00,B-B 28,B-B,MAP,88,MAP,mmHg
1H,14:00,B-B 28,B-B,bpm,300,Heart rate,bpm
1H,14:00,B-B 28,B-B,RBC,6.19,CBC,M/mL
1H,14:00,B-B 28,B-B,Hb,12.8,CBC,mg/dL
1H,14:00,B-B 28,B-B,HCT,39.3,CBC,mmHg
1H,14:00,B-B 28,B-B,PLT,187,CBC,10^3/uL
1H,14:00,B-B 28,B-B,WBC,0,CBC,10^3/uL
1H,14:00,B-B 28,B-B,LAC,4.8,ABG,mmol/L
1H,14:00,B-B 28,B-B,pH,7.497,ABG,value
1H,14:00,B-B 28,B-B,pCO2,34.6,ABG,mmHg
1H,14:00,B-B 28,B-B,pO2,98.4,ABG,mmHg
1H,14:00,B-B 28,B-B,AST,354,CMP,U/L
1H,14:00,B-B 28,B-B,ALT,190,CMP,U/L
1H,14:00,B-B 28,B-B,LDH,414,CMP,U/L
1H,14:00,B-B 28,B-B,CREA,1,CMP,mg/dL
1H,14:00,B-B 28,B-B,BUN,21.9,CMP,mg/dL
1H,14:00,B-B 28,B-B,AMY,220,CMP,U/L
1H,14:00,B-B 28,B-B,TG,164.2,CMP,mg/dL
1H,14:00,B-B 28,B-B,GLU,156.61,CMP,mg/dL
1H,14:00,B-B 28,B-B,GGT,2,CMP,U/L
1H,14:00,B-B 28,B-B,CKHR_time,21.9,TEG 5000,min
1H,14:00,B-B 28,B-B,CKH_K,3.7,TEG 5000,min
1H,14:00,B-B 28,B-B,CKH_angle,51.1,TEG 5000,degree
1H,14:00,B-B 28,B-B,CKH_MA,71.4,TEG 5000,mm
1H,14:00,B-B 28,B-B,APTT,136.9,Coag Panel,sec
1H,14:00,B-B 28,B-B,PT,10.2,Coag Panel,sec
1H,14:00,B-B 28,B-B,TT,20,Coag Panel,sec
1H,14:00,B-B 28,B-B,Fib,3.91,Coag Panel,g/L
24HR,09:50,B-B 28,B-B,MAP,65,MAP,mmHg
24HR,09:50,B-B 28,B-B,bpm,209,Heart rate,bpm
24HR,09:50,B-B 28,B-B,RBC,4.45,CBC,M/mL
24HR,09:50,B-B 28,B-B,Hb,9.4,CBC,mg/dL
24HR,09:50,B-B 28,B-B,HCT,28.5,CBC,mmHg
24HR,09:50,B-B 28,B-B,PLT,218,CBC,10^3/uL
24HR,09:50,B-B 28,B-B,WBC,5.4,CBC,10^3/uL
24HR,09:50,B-B 28,B-B,LAC,1.1,ABG,mmol/L
24HR,09:50,B-B 28,B-B,pH,7.445,ABG,value
24HR,09:50,B-B 28,B-B,pCO2,51.1,ABG,mmHg
24HR,09:50,B-B 28,B-B,pO2,29.2,ABG,mmHg
24HR,09:50,B-B 28,B-B,AST,474,CMP,U/L
24HR,09:50,B-B 28,B-B,ALT,349,CMP,U/L
24HR,09:50,B-B 28,B-B,LDH,414,CMP,U/L
24HR,09:50,B-B 28,B-B,CREA,1,CMP,mg/dL
24HR,09:50,B-B 28,B-B,BUN,21.9,CMP,mg/dL
24HR,09:50,B-B 28,B-B,AMY,220,CMP,U/L
24HR,09:50,B-B 28,B-B,TG,164.2,CMP,mg/dL
24HR,09:50,B-B 28,B-B,GLU,156.61,CMP,mg/dL
24HR,09:50,B-B 28,B-B,GGT,2,CMP,U/L
24HR,09:50,B-B 28,B-B,CKHR_time,6.8,TEG 5000,min
24HR,09:50,B-B 28,B-B,CKH_K,1.7,TEG 5000,min
24HR,09:50,B-B 28,B-B,CKH_angle,69.4,TEG 5000,degree
24HR,09:50,B-B 28,B-B,CKH_MA,74.5,TEG 5000,mm
24HR,09:50,B-B 28,B-B,APTT,88.2,Coag Panel,sec
24HR,09:50,B-B 28,B-B,PT,13.4,Coag Panel,sec
24HR,09:50,B-B 28,B-B,TT,83.5,Coag Panel,sec
24HR,09:50,B-B 28,B-B,Fib,4.5,Coag Panel,g/L
Baseline,06:45,B-B 29,B-B,MAP,75,MAP,mmHg
Baseline,06:45,B-B 29,B-B,bpm,295,Heart rate,bpm
Baseline,06:45,B-B 29,B-B,RBC,11.67,CBC,M/mL
Baseline,06:45,B-B 29,B-B,Hb,5.26,CBC,mg/dL
Baseline,06:45,B-B 29,B-B,HCT,10.7,CBC,mmHg
Baseline,06:45,B-B 29,B-B,PLT,32.5,CBC,10^3/uL
Baseline,06:45,B-B 29,B-B,WBC,3.3,CBC,10^3/uL
Baseline,06:45,B-B 29,B-B,LAC,1.2,ABG,mmol/L
Baseline,06:45,B-B 29,B-B,pH,7.457,ABG,value
Baseline,06:45,B-B 29,B-B,pCO2,37.2,ABG,mmHg
Baseline,06:45,B-B 29,B-B,pO2,80,ABG,mmHg
Baseline,06:45,B-B 29,B-B,AST,14,CMP,U/L
Baseline,06:45,B-B 29,B-B,ALT,32,CMP,U/L
Baseline,06:45,B-B 29,B-B,LDH,89,CMP,U/L
Baseline,06:45,B-B 29,B-B,CREA,0.8,CMP,mg/dL
Baseline,06:45,B-B 29,B-B,BUN,13.92,CMP,mg/dL
Baseline,06:45,B-B 29,B-B,AMY,302,CMP,U/L
Baseline,06:45,B-B 29,B-B,TG,114.92,CMP,mg/dL
Baseline,06:45,B-B 29,B-B,GLU,149.14,CMP,mg/dL
Baseline,06:45,B-B 29,B-B,GGT,6,CMP,U/L
Baseline,06:45,B-B 29,B-B,CKHR_time,7.7,TEG 5000,min
Baseline,06:45,B-B 29,B-B,CKH_K,1.1,TEG 5000,min
Baseline,06:45,B-B 29,B-B,CKH_angle,72.2,TEG 5000,degree
Baseline,06:45,B-B 29,B-B,CKH_MA,66.2,TEG 5000,mm
Baseline,06:45,B-B 29,B-B,APTT,10.3,Coag Panel,sec
Baseline,06:45,B-B 29,B-B,PT,15.9,Coag Panel,sec
Baseline,06:45,B-B 29,B-B,TT,27.2,Coag Panel,sec
Baseline,06:45,B-B 29,B-B,Fib,2.11,Coag Panel,g/L
EOS,09:25,B-B 29,B-B,MAP,43,MAP,mmHg
EOS,09:25,B-B 29,B-B,bpm,177,Heart rate,bpm
EOS,09:25,B-B 29,B-B,RBC,6.19,CBC,M/mL
EOS,09:25,B-B 29,B-B,Hb,13,CBC,mg/dL
EOS,09:25,B-B 29,B-B,HCT,38.7,CBC,mmHg
EOS,09:25,B-B 29,B-B,PLT,370,CBC,10^3/uL
EOS,09:25,B-B 29,B-B,WBC,4.2,CBC,10^3/uL
EOS,09:25,B-B 29,B-B,LAC,15,ABG,mmol/L
EOS,09:25,B-B 29,B-B,pH,7.396,ABG,value
EOS,09:25,B-B 29,B-B,pCO2,31.2,ABG,mmHg
EOS,09:25,B-B 29,B-B,pO2,93,ABG,mmHg
EOS,09:25,B-B 29,B-B,AST,72,CMP,U/L
EOS,09:25,B-B 29,B-B,ALT,60,CMP,U/L
EOS,09:25,B-B 29,B-B,LDH,89,CMP,U/L
EOS,09:25,B-B 29,B-B,CREA,0.8,CMP,mg/dL
EOS,09:25,B-B 29,B-B,BUN,13.92,CMP,mg/dL
EOS,09:25,B-B 29,B-B,AMY,302,CMP,U/L
EOS,09:25,B-B 29,B-B,TG,114.92,CMP,mg/dL
EOS,09:25,B-B 29,B-B,GLU,149.14,CMP,mg/dL
EOS,09:25,B-B 29,B-B,GGT,6,CMP,U/L
EOS,09:25,B-B 29,B-B,CKHR_time,4.8,TEG 5000,min
EOS,09:25,B-B 29,B-B,CKH_K,2.1,TEG 5000,min
EOS,09:25,B-B 29,B-B,CKH_angle,70,TEG 5000,degree
EOS,09:25,B-B 29,B-B,CKH_MA,75,TEG 5000,mm
EOS,09:25,B-B 29,B-B,APTT,131.6,Coag Panel,sec
EOS,09:25,B-B 29,B-B,PT,14.9,Coag Panel,sec
EOS,09:25,B-B 29,B-B,Fib,4.11,Coag Panel,g/L
EOR,09:35,B-B 29,B-B,MAP,68,MAP,mmHg
EOR,09:35,B-B 29,B-B,bpm,263,Heart rate,bpm
EOR,09:35,B-B 29,B-B,RBC,3.88,CBC,M/mL
EOR,09:35,B-B 29,B-B,Hb,8,CBC,mg/dL
EOR,09:35,B-B 29,B-B,HCT,24.2,CBC,mmHg
EOR,09:35,B-B 29,B-B,PLT,236,CBC,10^3/uL
EOR,09:35,B-B 29,B-B,WBC,6,CBC,10^3/uL
EOR,09:35,B-B 29,B-B,LAC,12,ABG,mmol/L
EOR,09:35,B-B 29,B-B,pH,7.379,ABG,value
EOR,09:35,B-B 29,B-B,pCO2,32.5,ABG,mmHg
EOR,09:35,B-B 29,B-B,pO2,106,ABG,mmHg
EOR,09:35,B-B 29,B-B,AST,34,CMP,U/L
EOR,09:35,B-B 29,B-B,ALT,58,CMP,U/L
EOR,09:35,B-B 29,B-B,LDH,178,CMP,U/L
EOR,09:35,B-B 29,B-B,CREA,1,CMP,mg/dL
EOR,09:35,B-B 29,B-B,BUN,19.16,CMP,mg/dL
EOR,09:35,B-B 29,B-B,AMY,263,CMP,U/L
EOR,09:35,B-B 29,B-B,TG,136.97,CMP,mg/dL
EOR,09:35,B-B 29,B-B,GLU,402.93,CMP,mg/dL
EOR,09:35,B-B 29,B-B,GGT,2,CMP,U/L
EOR,09:35,B-B 29,B-B,CKHR_time,6.3,TEG 5000,min
EOR,09:35,B-B 29,B-B,CKH_K,1.2,TEG 5000,min
EOR,09:35,B-B 29,B-B,CKH_angle,73.3,TEG 5000,degree
EOR,09:35,B-B 29,B-B,CKH_MA,74.9,TEG 5000,mm
EOR,09:35,B-B 29,B-B,APTT,95.9,Coag Panel,sec
EOR,09:35,B-B 29,B-B,PT,15.2,Coag Panel,sec
EOR,09:35,B-B 29,B-B,Fib,4.83,Coag Panel,g/L
20%,10:35,B-B 29,B-B,MAP,53,MAP,mmHg
20%,10:35,B-B 29,B-B,bpm,284,Heart rate,bpm
20%,10:35,B-B 29,B-B,LAC,9.7,ABG,mmol/L
20%,10:35,B-B 29,B-B,pH,7.445,ABG,value
20%,10:35,B-B 29,B-B,pCO2,41.5,ABG,mmHg
20%,10:35,B-B 29,B-B,pO2,87.2,ABG,mmHg
15%,11:35,B-B 29,B-B,MAP,64,MAP,mmHg
15%,11:35,B-B 29,B-B,bpm,297,Heart rate,bpm
15%,11:35,B-B 29,B-B,LAC,4,ABG,mmol/L
15%,11:35,B-B 29,B-B,pH,7.513,ABG,value
15%,11:35,B-B 29,B-B,pCO2,41.6,ABG,mmHg
15%,11:35,B-B 29,B-B,pO2,95.2,ABG,mmHg
10%,12:35,B-B 29,B-B,MAP,64,MAP,mmHg
10%,12:35,B-B 29,B-B,bpm,296,Heart rate,bpm
10%,12:35,B-B 29,B-B,LAC,4.3,ABG,mmol/L
10%,12:35,B-B 29,B-B,pH,7.514,ABG,value
10%,12:35,B-B 29,B-B,pCO2,36.9,ABG,mmHg
10%,12:35,B-B 29,B-B,pO2,103,ABG,mmHg
EOB,12:45,B-B 29,B-B,MAP,70,MAP,mmHg
EOB,12:45,B-B 29,B-B,bpm,288,Heart rate,bpm
EOB,12:45,B-B 29,B-B,RBC,4.98,CBC,M/mL
EOB,12:45,B-B 29,B-B,Hb,10.3,CBC,mg/dL
EOB,12:45,B-B 29,B-B,HCT,31.3,CBC,mmHg
EOB,12:45,B-B 29,B-B,PLT,219,CBC,10^3/uL
EOB,12:45,B-B 29,B-B,WBC,5,CBC,10^3/uL
EOB,12:45,B-B 29,B-B,LAC,3.9,ABG,mmol/L
EOB,12:45,B-B 29,B-B,pH,7.487,ABG,value
EOB,12:45,B-B 29,B-B,pCO2,39.2,ABG,mmHg
EOB,12:45,B-B 29,B-B,pO2,93.4,ABG,mmHg
EOB,12:45,B-B 29,B-B,AST,185,CMP,U/L
EOB,12:45,B-B 29,B-B,ALT,82,CMP,U/L
EOB,12:45,B-B 29,B-B,LDH,151,CMP,U/L
EOB,12:45,B-B 29,B-B,CREA,1,CMP,mg/dL
EOB,12:45,B-B 29,B-B,BUN,19.19,CMP,mg/dL
EOB,12:45,B-B 29,B-B,AMY,268,CMP,U/L
EOB,12:45,B-B 29,B-B,TG,143.87,CMP,mg/dL
EOB,12:45,B-B 29,B-B,GLU,392.86,CMP,mg/dL
EOB,12:45,B-B 29,B-B,GGT,2,CMP,U/L
EOB,12:45,B-B 29,B-B,CKHR_time,10,TEG 5000,min
EOB,12:45,B-B 29,B-B,CKH_K,1.7,TEG 5000,min
EOB,12:45,B-B 29,B-B,CKH_angle,67.2,TEG 5000,degree
EOB,12:45,B-B 29,B-B,CKH_MA,72,TEG 5000,mm
EOB,12:45,B-B 29,B-B,APTT,124.4,Coag Panel,sec
EOB,12:45,B-B 29,B-B,PT,10.1,Coag Panel,sec
EOB,12:45,B-B 29,B-B,TT,17.5,Coag Panel,sec
EOB,12:45,B-B 29,B-B,Fib,3.78,Coag Panel,g/L
1H,13:45,B-B 29,B-B,MAP,55,MAP,mmHg
1H,13:45,B-B 29,B-B,bpm,299,Heart rate,bpm
1H,13:45,B-B 29,B-B,RBC,4.7,CBC,M/mL
1H,13:45,B-B 29,B-B,Hb,10.9,CBC,mg/dL
1H,13:45,B-B 29,B-B,HCT,33.3,CBC,mmHg
1H,13:45,B-B 29,B-B,PLT,239,CBC,10^3/uL
1H,13:45,B-B 29,B-B,WBC,4.7,CBC,10^3/uL
1H,13:45,B-B 29,B-B,LAC,3.1,ABG,mmol/L
1H,13:45,B-B 29,B-B,pH,7.496,ABG,value
1H,13:45,B-B 29,B-B,pCO2,37.1,ABG,mmHg
1H,13:45,B-B 29,B-B,pO2,91.5,ABG,mmHg
1H,13:45,B-B 29,B-B,AST,265,CMP,U/L
1H,13:45,B-B 29,B-B,ALT,95,CMP,U/L
1H,13:45,B-B 29,B-B,LDH,438,CMP,U/L
1H,13:45,B-B 29,B-B,CREA,0.8,CMP,mg/dL
1H,13:45,B-B 29,B-B,BUN,22.51,CMP,mg/dL
1H,13:45,B-B 29,B-B,AMY,283,CMP,U/L
1H,13:45,B-B 29,B-B,TG,278.37,CMP,mg/dL
1H,13:45,B-B 29,B-B,GLU,177.01,CMP,mg/dL
1H,13:45,B-B 29,B-B,GGT,2,CMP,U/L
1H,13:45,B-B 29,B-B,CKHR_time,10,TEG 5000,min
1H,13:45,B-B 29,B-B,CKH_K,1.7,TEG 5000,min
1H,13:45,B-B 29,B-B,CKH_angle,67.2,TEG 5000,degree
1H,13:45,B-B 29,B-B,CKH_MA,72,TEG 5000,mm
1H,13:45,B-B 29,B-B,APTT,121,Coag Panel,sec
1H,13:45,B-B 29,B-B,PT,13.9,Coag Panel,sec
1H,13:45,B-B 29,B-B,TT,27.3,Coag Panel,sec
1H,13:45,B-B 29,B-B,Fib,4.71,Coag Panel,g/L
24HR,09:35,B-B 29,B-B,MAP,68,MAP,mmHg
24HR,09:35,B-B 29,B-B,bpm,180,Heart rate,bpm
24HR,09:35,B-B 29,B-B,RBC,5.35,CBC,M/mL
24HR,09:35,B-B 29,B-B,Hb,10.9,CBC,mg/dL
24HR,09:35,B-B 29,B-B,HCT,33.3,CBC,mmHg
24HR,09:35,B-B 29,B-B,PLT,239,CBC,10^3/uL
24HR,09:35,B-B 29,B-B,WBC,2.2,CBC,10^3/uL
24HR,09:35,B-B 29,B-B,LAC,2.1,ABG,mmol/L
24HR,09:35,B-B 29,B-B,pH,7.58,ABG,value
24HR,09:35,B-B 29,B-B,pCO2,28.3,ABG,mmHg
24HR,09:35,B-B 29,B-B,pO2,95,ABG,mmHg
24HR,09:35,B-B 29,B-B,AST,257,CMP,U/L
24HR,09:35,B-B 29,B-B,ALT,166,CMP,U/L
24HR,09:35,B-B 29,B-B,LDH,438,CMP,U/L
24HR,09:35,B-B 29,B-B,CREA,0.8,CMP,mg/dL
24HR,09:35,B-B 29,B-B,BUN,22.51,CMP,mg/dL
24HR,09:35,B-B 29,B-B,AMY,283,CMP,U/L
24HR,09:35,B-B 29,B-B,TG,278.37,CMP,mg/dL
24HR,09:35,B-B 29,B-B,GLU,177.01,CMP,mg/dL
24HR,09:35,B-B 29,B-B,GGT,2,CMP,U/L
24HR,09:35,B-B 29,B-B,CKHR_time,12.6,TEG 5000,min
24HR,09:35,B-B 29,B-B,CKH_K,2.8,TEG 5000,min
24HR,09:35,B-B 29,B-B,CKH_angle,59.7,TEG 5000,degree
24HR,09:35,B-B 29,B-B,CKH_MA,77.2,TEG 5000,mm
24HR,09:35,B-B 29,B-B,APTT,100.6,Coag Panel,sec
24HR,09:35,B-B 29,B-B,PT,11.9,Coag Panel,sec
24HR,09:35,B-B 29,B-B,TT,25.3,Coag Panel,sec
24HR,09:35,B-B 29,B-B,Fib,11.67,Coag Panel,g/L
Baseline,NA,B-LR 01,B-LR,MAP,75,MAP,mmHg
Baseline,NA,B-LR 01,B-LR,bpm,260,Heart rate,bpm
Baseline,NA,B-LR 01,B-LR,RBC,7.79,CBC,M/mL
Baseline,NA,B-LR 01,B-LR,Hb,15.6,CBC,mg/dL
Baseline,NA,B-LR 01,B-LR,HCT,48.8,CBC,mmHg
Baseline,NA,B-LR 01,B-LR,PLT,74,CBC,10^3/uL
Baseline,NA,B-LR 01,B-LR,WBC,6.3,CBC,10^3/uL
Baseline,NA,B-LR 01,B-LR,X._Free_Hb,0,% Free Hb,%
Baseline,NA,B-LR 01,B-LR,LAC,1.7,ABG,mmol/L
Baseline,NA,B-LR 01,B-LR,pH,7.479,ABG,value
Baseline,NA,B-LR 01,B-LR,pCO2,33.4,ABG,mmHg
Baseline,NA,B-LR 01,B-LR,pO2,81.1,ABG,mmHg
Baseline,NA,B-LR 01,B-LR,AST,65,CMP,U/L
Baseline,NA,B-LR 01,B-LR,ALT,66,CMP,U/L
Baseline,NA,B-LR 01,B-LR,LDH,71,CMP,U/L
Baseline,NA,B-LR 01,B-LR,CREA,0.3,CMP,mg/dL
Baseline,NA,B-LR 01,B-LR,BUN,14.05,CMP,mg/dL
Baseline,NA,B-LR 01,B-LR,AMY,200,CMP,U/L
Baseline,NA,B-LR 01,B-LR,TG,152.55,CMP,mg/dL
Baseline,NA,B-LR 01,B-LR,GLU,132.29,CMP,mg/dL
Baseline,NA,B-LR 01,B-LR,GGT,9,CMP,U/L
EOS,09:08,B-LR 01,B-LR,MAP,37,MAP,mmHg
EOS,09:08,B-LR 01,B-LR,bpm,274,Heart rate,bpm
EOS,09:08,B-LR 01,B-LR,LAC,11.3,ABG,mmol/L
EOS,09:08,B-LR 01,B-LR,pH,7.315,ABG,value
EOS,09:08,B-LR 01,B-LR,pCO2,30.4,ABG,mmHg
EOS,09:08,B-LR 01,B-LR,pO2,112,ABG,mmHg
EOR,09:18,B-LR 01,B-LR,MAP,39,MAP,mmHg
EOR,09:18,B-LR 01,B-LR,bpm,255,Heart rate,bpm
EOR,09:18,B-LR 01,B-LR,RBC,2.86,CBC,M/mL
EOR,09:18,B-LR 01,B-LR,Hb,6,CBC,mg/dL
EOR,09:18,B-LR 01,B-LR,HCT,17.6,CBC,mmHg
EOR,09:18,B-LR 01,B-LR,PLT,92,CBC,10^3/uL
EOR,09:18,B-LR 01,B-LR,WBC,5.1,CBC,10^3/uL
EOR,09:18,B-LR 01,B-LR,X._Free_Hb,0,% Free Hb,%
EOR,09:18,B-LR 01,B-LR,LAC,13.1,ABG,mmol/L
EOR,09:18,B-LR 01,B-LR,pH,7.267,ABG,value
EOR,09:18,B-LR 01,B-LR,pCO2,33.8,ABG,mmHg
EOR,09:18,B-LR 01,B-LR,pO2,111,ABG,mmHg
EOR,09:18,B-LR 01,B-LR,AST,41,CMP,U/L
EOR,09:18,B-LR 01,B-LR,ALT,43,CMP,U/L
EOR,09:18,B-LR 01,B-LR,LDH,79,CMP,U/L
EOR,09:18,B-LR 01,B-LR,CREA,0.9,CMP,mg/dL
EOR,09:18,B-LR 01,B-LR,BUN,19.72,CMP,mg/dL
EOR,09:18,B-LR 01,B-LR,AMY,121,CMP,U/L
EOR,09:18,B-LR 01,B-LR,TG,136.13,CMP,mg/dL
EOR,09:18,B-LR 01,B-LR,GLU,316.26,CMP,mg/dL
EOR,09:18,B-LR 01,B-LR,GGT,5,CMP,U/L
10%,10:18,B-LR 01,B-LR,MAP,47,MAP,mmHg
10%,10:18,B-LR 01,B-LR,bpm,281,Heart rate,bpm
10%,10:18,B-LR 01,B-LR,LAC,7.3,ABG,mmol/L
10%,10:18,B-LR 01,B-LR,pH,7.391,ABG,value
10%,10:18,B-LR 01,B-LR,pCO2,38.8,ABG,mmHg
10%,10:18,B-LR 01,B-LR,pO2,92.4,ABG,mmHg
7.5%,11:18,B-LR 01,B-LR,MAP,57,MAP,mmHg
7.5%,11:18,B-LR 01,B-LR,bpm,281,Heart rate,bpm
7.5%,11:18,B-LR 01,B-LR,LAC,6.6,ABG,mmol/L
7.5%,11:18,B-LR 01,B-LR,pH,7.466,ABG,value
7.5%,11:18,B-LR 01,B-LR,pCO2,30.4,ABG,mmHg
7.5%,11:18,B-LR 01,B-LR,pO2,121,ABG,mmHg
5%,NA,B-LR 01,B-LR,MAP,46,MAP,mmHg
5%,NA,B-LR 01,B-LR,bpm,263,Heart rate,bpm
5%,NA,B-LR 01,B-LR,LAC,10,ABG,mmol/L
5%,NA,B-LR 01,B-LR,pH,7.363,ABG,value
5%,NA,B-LR 01,B-LR,pCO2,26.3,ABG,mmHg
5%,NA,B-LR 01,B-LR,pO2,116,ABG,mmHg
2.5%,NA,B-LR 01,B-LR,MAP,43,MAP,mmHg
2.5%,NA,B-LR 01,B-LR,bpm,283,Heart rate,bpm
2.5%,NA,B-LR 01,B-LR,LAC,13.2,ABG,mmol/L
2.5%,NA,B-LR 01,B-LR,pH,7.376,ABG,value
2.5%,NA,B-LR 01,B-LR,pCO2,21.6,ABG,mmHg
2.5%,NA,B-LR 01,B-LR,pO2,119,ABG,mmHg
EOB,NA,B-LR 01,B-LR,RBC,2.54,CBC,M/mL
EOB,NA,B-LR 01,B-LR,Hb,5.2,CBC,mg/dL
EOB,NA,B-LR 01,B-LR,HCT,15.7,CBC,mmHg
EOB,NA,B-LR 01,B-LR,PLT,977,CBC,10^3/uL
EOB,NA,B-LR 01,B-LR,WBC,3.8,CBC,10^3/uL
EOB,NA,B-LR 01,B-LR,X._Free_Hb,0,% Free Hb,%
EOB,NA,B-LR 01,B-LR,LAC,15,ABG,mmol/L
EOB,NA,B-LR 01,B-LR,pH,7.364,ABG,value
EOB,NA,B-LR 01,B-LR,pCO2,23.9,ABG,mmHg
EOB,NA,B-LR 01,B-LR,pO2,144,ABG,mmHg
EOB,NA,B-LR 01,B-LR,AST,76,CMP,U/L
EOB,NA,B-LR 01,B-LR,ALT,56,CMP,U/L
EOB,NA,B-LR 01,B-LR,LDH,112,CMP,U/L
EOB,NA,B-LR 01,B-LR,CREA,1.1,CMP,mg/dL
EOB,NA,B-LR 01,B-LR,BUN,31.58,CMP,mg/dL
EOB,NA,B-LR 01,B-LR,AMY,130,CMP,U/L
EOB,NA,B-LR 01,B-LR,TG,110.38,CMP,mg/dL
EOB,NA,B-LR 01,B-LR,GLU,387.84,CMP,mg/dL
EOB,NA,B-LR 01,B-LR,GGT,6,CMP,U/L
Baseline,08:02,B-LR 02,B-LR,MAP,78,MAP,mmHg
Baseline,08:02,B-LR 02,B-LR,bpm,209,Heart rate,bpm
Baseline,08:02,B-LR 02,B-LR,RBC,5.81,CBC,M/mL
Baseline,08:02,B-LR 02,B-LR,Hb,12.6,CBC,mg/dL
Baseline,08:02,B-LR 02,B-LR,HCT,38.8,CBC,mmHg
Baseline,08:02,B-LR 02,B-LR,PLT,254,CBC,10^3/uL
Baseline,08:02,B-LR 02,B-LR,WBC,8.8,CBC,10^3/uL
Baseline,08:02,B-LR 02,B-LR,X._Free_Hb,0,% Free Hb,%
Baseline,08:02,B-LR 02,B-LR,LAC,0.8,ABG,mmol/L
Baseline,08:02,B-LR 02,B-LR,pH,7.476,ABG,value
Baseline,08:02,B-LR 02,B-LR,pCO2,35.8,ABG,mmHg
Baseline,08:02,B-LR 02,B-LR,pO2,74.1,ABG,mmHg
Baseline,08:02,B-LR 02,B-LR,AST,85,CMP,U/L
Baseline,08:02,B-LR 02,B-LR,ALT,90,CMP,U/L
Baseline,08:02,B-LR 02,B-LR,LDH,67,CMP,U/L
Baseline,08:02,B-LR 02,B-LR,CREA,0.5,CMP,mg/dL
Baseline,08:02,B-LR 02,B-LR,BUN,16.49,CMP,mg/dL
Baseline,08:02,B-LR 02,B-LR,AMY,289,CMP,U/L
Baseline,08:02,B-LR 02,B-LR,TG,64.57,CMP,mg/dL
Baseline,08:02,B-LR 02,B-LR,GLU,140.44,CMP,mg/dL
Baseline,08:02,B-LR 02,B-LR,GGT,12,CMP,U/L
EOS,10:20,B-LR 02,B-LR,MAP,61,MAP,mmHg
EOS,10:20,B-LR 02,B-LR,bpm,294,Heart rate,bpm
EOS,10:20,B-LR 02,B-LR,LAC,7.6,ABG,mmol/L
EOS,10:20,B-LR 02,B-LR,pH,7.396,ABG,value
EOS,10:20,B-LR 02,B-LR,pCO2,34.9,ABG,mmHg
EOS,10:20,B-LR 02,B-LR,pO2,107,ABG,mmHg
EOR,10:32,B-LR 02,B-LR,MAP,69,MAP,mmHg
EOR,10:32,B-LR 02,B-LR,bpm,273,Heart rate,bpm
EOR,10:32,B-LR 02,B-LR,RBC,2.92,CBC,M/mL
EOR,10:32,B-LR 02,B-LR,Hb,6.3,CBC,mg/dL
EOR,10:32,B-LR 02,B-LR,HCT,19,CBC,mmHg
EOR,10:32,B-LR 02,B-LR,PLT,252,CBC,10^3/uL
EOR,10:32,B-LR 02,B-LR,WBC,5.6,CBC,10^3/uL
EOR,10:32,B-LR 02,B-LR,X._Free_Hb,0,% Free Hb,%
EOR,10:32,B-LR 02,B-LR,LAC,9.8,ABG,mmol/L
EOR,10:32,B-LR 02,B-LR,pH,7.322,ABG,value
EOR,10:32,B-LR 02,B-LR,pCO2,42.3,ABG,mmHg
EOR,10:32,B-LR 02,B-LR,pO2,98.9,ABG,mmHg
EOR,10:32,B-LR 02,B-LR,AST,73,CMP,U/L
EOR,10:32,B-LR 02,B-LR,ALT,54,CMP,U/L
EOR,10:32,B-LR 02,B-LR,LDH,88,CMP,U/L
EOR,10:32,B-LR 02,B-LR,CREA,0.9,CMP,mg/dL
EOR,10:32,B-LR 02,B-LR,BUN,21.08,CMP,mg/dL
EOR,10:32,B-LR 02,B-LR,AMY,169,CMP,U/L
EOR,10:32,B-LR 02,B-LR,TG,67.9,CMP,mg/dL
EOR,10:32,B-LR 02,B-LR,GLU,232.03,CMP,mg/dL
EOR,10:32,B-LR 02,B-LR,GGT,5,CMP,U/L
10%,11:32,B-LR 02,B-LR,MAP,50,MAP,mmHg
10%,11:32,B-LR 02,B-LR,bpm,253,Heart rate,bpm
10%,11:32,B-LR 02,B-LR,RBC,2,CBC,M/mL
10%,11:32,B-LR 02,B-LR,Hb,4.4,CBC,mg/dL
10%,11:32,B-LR 02,B-LR,HCT,13,CBC,mmHg
10%,11:32,B-LR 02,B-LR,PLT,177,CBC,10^3/uL
10%,11:32,B-LR 02,B-LR,WBC,7.4,CBC,10^3/uL
10%,11:32,B-LR 02,B-LR,X._Free_Hb,0,% Free Hb,%
10%,11:32,B-LR 02,B-LR,LAC,4.4,ABG,mmol/L
10%,11:32,B-LR 02,B-LR,pH,7.423,ABG,value
10%,11:32,B-LR 02,B-LR,pCO2,41,ABG,mmHg
10%,11:32,B-LR 02,B-LR,pO2,101,ABG,mmHg
7.5%,12:32,B-LR 02,B-LR,MAP,42,MAP,mmHg
7.5%,12:32,B-LR 02,B-LR,bpm,248,Heart rate,bpm
7.5%,12:32,B-LR 02,B-LR,LAC,7.7,ABG,mmol/L
7.5%,12:32,B-LR 02,B-LR,pH,7.41,ABG,value
7.5%,12:32,B-LR 02,B-LR,pCO2,38.5,ABG,mmHg
7.5%,12:32,B-LR 02,B-LR,pO2,102,ABG,mmHg
5%,01:32,B-LR 02,B-LR,MAP,48,MAP,mmHg
5%,01:32,B-LR 02,B-LR,bpm,292,Heart rate,bpm
5%,01:32,B-LR 02,B-LR,LAC,5.8,ABG,mmol/L
5%,01:32,B-LR 02,B-LR,pH,7.52,ABG,value
5%,01:32,B-LR 02,B-LR,pCO2,29.5,ABG,mmHg
5%,01:32,B-LR 02,B-LR,pO2,114,ABG,mmHg
2.5%,02:32,B-LR 02,B-LR,MAP,55,MAP,mmHg
2.5%,02:32,B-LR 02,B-LR,bpm,296,Heart rate,bpm
2.5%,02:32,B-LR 02,B-LR,LAC,7.4,ABG,mmol/L
2.5%,02:32,B-LR 02,B-LR,pH,7.44,ABG,value
2.5%,02:32,B-LR 02,B-LR,pCO2,31.6,ABG,mmHg
2.5%,02:32,B-LR 02,B-LR,pO2,107,ABG,mmHg
EOB,NA,B-LR 02,B-LR,RBC,2.03,CBC,M/mL
EOB,NA,B-LR 02,B-LR,Hb,4.4,CBC,mg/dL
EOB,NA,B-LR 02,B-LR,HCT,13.1,CBC,mmHg
EOB,NA,B-LR 02,B-LR,PLT,185,CBC,10^3/uL
EOB,NA,B-LR 02,B-LR,WBC,6.3,CBC,10^3/uL
EOB,NA,B-LR 02,B-LR,X._Free_Hb,0,% Free Hb,%
EOB,NA,B-LR 02,B-LR,LAC,7.4,ABG,mmol/L
EOB,NA,B-LR 02,B-LR,pH,7.405,ABG,value
EOB,NA,B-LR 02,B-LR,pCO2,33.5,ABG,mmHg
EOB,NA,B-LR 02,B-LR,pO2,119,ABG,mmHg
24HR,NA,B-LR 02,B-LR,MAP,53,MAP,mmHg
24HR,NA,B-LR 02,B-LR,bpm,293,Heart rate,bpm
24HR,NA,B-LR 02,B-LR,RBC,1.61,CBC,M/mL
24HR,NA,B-LR 02,B-LR,Hb,3.6,CBC,mg/dL
24HR,NA,B-LR 02,B-LR,HCT,10.3,CBC,mmHg
24HR,NA,B-LR 02,B-LR,PLT,122,CBC,10^3/uL
24HR,NA,B-LR 02,B-LR,WBC,5.6,CBC,10^3/uL
24HR,NA,B-LR 02,B-LR,X._Free_Hb,0,% Free Hb,%
24HR,NA,B-LR 02,B-LR,LAC,20,ABG,mmol/L
24HR,NA,B-LR 02,B-LR,pH,7.391,ABG,value
24HR,NA,B-LR 02,B-LR,pCO2,17,ABG,mmHg
24HR,NA,B-LR 02,B-LR,pO2,117,ABG,mmHg
24HR,NA,B-LR 02,B-LR,AST,132,CMP,U/L
24HR,NA,B-LR 02,B-LR,ALT,71,CMP,U/L
24HR,NA,B-LR 02,B-LR,LDH,191,CMP,U/L
24HR,NA,B-LR 02,B-LR,CREA,0.8,CMP,mg/dL
24HR,NA,B-LR 02,B-LR,BUN,33.35,CMP,mg/dL
24HR,NA,B-LR 02,B-LR,AMY,212,CMP,U/L
24HR,NA,B-LR 02,B-LR,TG,82.86,CMP,mg/dL
24HR,NA,B-LR 02,B-LR,GLU,256,CMP,mg/dL
24HR,NA,B-LR 02,B-LR,GGT,7,CMP,U/L
48HR,NA,B-LR 02,B-LR,MAP,55,MAP,mmHg
48HR,NA,B-LR 02,B-LR,bpm,273,Heart rate,bpm
48HR,NA,B-LR 02,B-LR,AST,650,CMP,U/L
48HR,NA,B-LR 02,B-LR,ALT,327,CMP,U/L
48HR,NA,B-LR 02,B-LR,LDH,756,CMP,U/L
48HR,NA,B-LR 02,B-LR,CREA,0.1,CMP,mg/dL
48HR,NA,B-LR 02,B-LR,BUN,57.74,CMP,mg/dL
48HR,NA,B-LR 02,B-LR,AMY,348,CMP,U/L
48HR,NA,B-LR 02,B-LR,TG,609,CMP,mg/dL
48HR,NA,B-LR 02,B-LR,GLU,76.11,CMP,mg/dL
48HR,NA,B-LR 02,B-LR,GGT,9,CMP,U/L
Baseline,06:50,B-LR 03,B-LR,MAP,78,MAP,mmHg
Baseline,06:50,B-LR 03,B-LR,bpm,255,Heart rate,bpm
Baseline,06:50,B-LR 03,B-LR,RBC,6.34,CBC,M/mL
Baseline,06:50,B-LR 03,B-LR,Hb,13,CBC,mg/dL
Baseline,06:50,B-LR 03,B-LR,HCT,40.5,CBC,mmHg
Baseline,06:50,B-LR 03,B-LR,PLT,120,CBC,10^3/uL
Baseline,06:50,B-LR 03,B-LR,WBC,9.2,CBC,10^3/uL
Baseline,06:50,B-LR 03,B-LR,X._Free_Hb,0,% Free Hb,%
Baseline,06:50,B-LR 03,B-LR,LAC,1.1,ABG,mmol/L
Baseline,06:50,B-LR 03,B-LR,pH,7.479,ABG,value
Baseline,06:50,B-LR 03,B-LR,pCO2,28.3,ABG,mmHg
Baseline,06:50,B-LR 03,B-LR,pO2,76.6,ABG,mmHg
Baseline,06:50,B-LR 03,B-LR,AST,73,CMP,U/L
Baseline,06:50,B-LR 03,B-LR,ALT,116,CMP,U/L
Baseline,06:50,B-LR 03,B-LR,LDH,158,CMP,U/L
Baseline,06:50,B-LR 03,B-LR,CREA,0.5,CMP,mg/dL
Baseline,06:50,B-LR 03,B-LR,BUN,13.93,CMP,mg/dL
Baseline,06:50,B-LR 03,B-LR,AMY,197,CMP,U/L
Baseline,06:50,B-LR 03,B-LR,TG,63.1,CMP,mg/dL
Baseline,06:50,B-LR 03,B-LR,GLU,145.07,CMP,mg/dL
Baseline,06:50,B-LR 03,B-LR,GGT,15,CMP,U/L
EOS,09:07,B-LR 03,B-LR,MAP,56,MAP,mmHg
EOS,09:07,B-LR 03,B-LR,bpm,283,Heart rate,bpm
EOS,09:07,B-LR 03,B-LR,LAC,6.3,ABG,mmol/L
EOS,09:07,B-LR 03,B-LR,pH,7.286,ABG,value
EOS,09:07,B-LR 03,B-LR,pCO2,35.4,ABG,mmHg
EOS,09:07,B-LR 03,B-LR,pO2,27.4,ABG,mmHg
EOR,09:17,B-LR 03,B-LR,MAP,57,MAP,mmHg
EOR,09:17,B-LR 03,B-LR,bpm,251,Heart rate,bpm
EOR,09:17,B-LR 03,B-LR,RBC,3.34,CBC,M/mL
EOR,09:17,B-LR 03,B-LR,Hb,7,CBC,mg/dL
EOR,09:17,B-LR 03,B-LR,HCT,21.1,CBC,mmHg
EOR,09:17,B-LR 03,B-LR,PLT,151,CBC,10^3/uL
EOR,09:17,B-LR 03,B-LR,WBC,5.3,CBC,10^3/uL
EOR,09:17,B-LR 03,B-LR,X._Free_Hb,0,% Free Hb,%
EOR,09:17,B-LR 03,B-LR,LAC,9.4,ABG,mmol/L
EOR,09:17,B-LR 03,B-LR,pH,7.326,ABG,value
EOR,09:17,B-LR 03,B-LR,pCO2,42.3,ABG,mmHg
EOR,09:17,B-LR 03,B-LR,pO2,43.9,ABG,mmHg
EOR,09:17,B-LR 03,B-LR,AST,125,CMP,U/L
EOR,09:17,B-LR 03,B-LR,ALT,71,CMP,U/L
EOR,09:17,B-LR 03,B-LR,LDH,157,CMP,U/L
EOR,09:17,B-LR 03,B-LR,CREA,0.5,CMP,mg/dL
EOR,09:17,B-LR 03,B-LR,BUN,17.84,CMP,mg/dL
EOR,09:17,B-LR 03,B-LR,AMY,100,CMP,U/L
EOR,09:17,B-LR 03,B-LR,TG,49.55,CMP,mg/dL
EOR,09:17,B-LR 03,B-LR,GLU,180.85,CMP,mg/dL
EOR,09:17,B-LR 03,B-LR,GGT,8,CMP,U/L
10%,10:17,B-LR 03,B-LR,MAP,63,MAP,mmHg
10%,10:17,B-LR 03,B-LR,bpm,169,Heart rate,bpm
10%,10:17,B-LR 03,B-LR,LAC,3.6,ABG,mmol/L
10%,10:17,B-LR 03,B-LR,pH,7.451,ABG,value
10%,10:17,B-LR 03,B-LR,pCO2,38.2,ABG,mmHg
10%,10:17,B-LR 03,B-LR,pO2,30.1,ABG,mmHg
7.5%,11:17,B-LR 03,B-LR,MAP,68,MAP,mmHg
7.5%,11:17,B-LR 03,B-LR,bpm,169,Heart rate,bpm
7.5%,11:17,B-LR 03,B-LR,LAC,3.8,ABG,mmol/L
7.5%,11:17,B-LR 03,B-LR,pH,7.47,ABG,value
7.5%,11:17,B-LR 03,B-LR,pCO2,32.8,ABG,mmHg
7.5%,11:17,B-LR 03,B-LR,pO2,37.4,ABG,mmHg
5%,12:17,B-LR 03,B-LR,MAP,67,MAP,mmHg
5%,12:17,B-LR 03,B-LR,bpm,258,Heart rate,bpm
5%,12:17,B-LR 03,B-LR,LAC,5.8,ABG,mmol/L
5%,12:17,B-LR 03,B-LR,pH,7.404,ABG,value
5%,12:17,B-LR 03,B-LR,pCO2,35.7,ABG,mmHg
5%,12:17,B-LR 03,B-LR,pO2,27.7,ABG,mmHg
2.5%,01:17,B-LR 03,B-LR,MAP,32,MAP,mmHg
2.5%,01:17,B-LR 03,B-LR,bpm,296,Heart rate,bpm
2.5%,01:17,B-LR 03,B-LR,RBC,2.28,CBC,M/mL
2.5%,01:17,B-LR 03,B-LR,Hb,4.8,CBC,mg/dL
2.5%,01:17,B-LR 03,B-LR,HCT,14.4,CBC,mmHg
2.5%,01:17,B-LR 03,B-LR,PLT,149,CBC,10^3/uL
2.5%,01:17,B-LR 03,B-LR,WBC,5.8,CBC,10^3/uL
2.5%,01:17,B-LR 03,B-LR,X._Free_Hb,0,% Free Hb,%
2.5%,01:17,B-LR 03,B-LR,LAC,9.4,ABG,mmol/L
2.5%,01:17,B-LR 03,B-LR,pH,7.306,ABG,value
2.5%,01:17,B-LR 03,B-LR,pCO2,33,ABG,mmHg
2.5%,01:17,B-LR 03,B-LR,pO2,28.6,ABG,mmHg
EOB,NA,B-LR 03,B-LR,MAP,60,MAP,mmHg
EOB,NA,B-LR 03,B-LR,bpm,290,Heart rate,bpm
EOB,NA,B-LR 03,B-LR,RBC,2.49,CBC,M/mL
EOB,NA,B-LR 03,B-LR,Hb,5.2,CBC,mg/dL
EOB,NA,B-LR 03,B-LR,HCT,15.6,CBC,mmHg
EOB,NA,B-LR 03,B-LR,PLT,150,CBC,10^3/uL
EOB,NA,B-LR 03,B-LR,WBC,7.6,CBC,10^3/uL
EOB,NA,B-LR 03,B-LR,X._Free_Hb,0,% Free Hb,%
EOB,NA,B-LR 03,B-LR,LAC,11.3,ABG,mmol/L
EOB,NA,B-LR 03,B-LR,pH,7.276,ABG,value
EOB,NA,B-LR 03,B-LR,pCO2,36.5,ABG,mmHg
EOB,NA,B-LR 03,B-LR,pO2,30.2,ABG,mmHg
EOB,NA,B-LR 03,B-LR,AST,445,CMP,U/L
EOB,NA,B-LR 03,B-LR,ALT,149,CMP,U/L
EOB,NA,B-LR 03,B-LR,LDH,380,CMP,U/L
EOB,NA,B-LR 03,B-LR,CREA,0.4,CMP,mg/dL
EOB,NA,B-LR 03,B-LR,BUN,24.98,CMP,mg/dL
EOB,NA,B-LR 03,B-LR,AMY,143,CMP,U/L
EOB,NA,B-LR 03,B-LR,TG,85.43,CMP,mg/dL
EOB,NA,B-LR 03,B-LR,GLU,197.94,CMP,mg/dL
EOB,NA,B-LR 03,B-LR,GGT,12,CMP,U/L
24HR,09:17,B-LR 03,B-LR,MAP,41,MAP,mmHg
24HR,09:17,B-LR 03,B-LR,bpm,275,Heart rate,bpm
24HR,09:17,B-LR 03,B-LR,RBC,2.61,CBC,M/mL
24HR,09:17,B-LR 03,B-LR,Hb,5.7,CBC,mg/dL
24HR,09:17,B-LR 03,B-LR,HCT,17,CBC,mmHg
24HR,09:17,B-LR 03,B-LR,PLT,173,CBC,10^3/uL
24HR,09:17,B-LR 03,B-LR,WBC,7.4,CBC,10^3/uL
24HR,09:17,B-LR 03,B-LR,X._Free_Hb,0,% Free Hb,%
24HR,09:17,B-LR 03,B-LR,LAC,2.5,ABG,mmol/L
24HR,09:17,B-LR 03,B-LR,pH,7.393,ABG,value
24HR,09:17,B-LR 03,B-LR,pCO2,34.6,ABG,mmHg
24HR,09:17,B-LR 03,B-LR,pO2,25.7,ABG,mmHg
24HR,09:17,B-LR 03,B-LR,AST,650,CMP,U/L
24HR,09:17,B-LR 03,B-LR,ALT,381,CMP,U/L
24HR,09:17,B-LR 03,B-LR,LDH,683,CMP,U/L
24HR,09:17,B-LR 03,B-LR,CREA,0.6,CMP,mg/dL
24HR,09:17,B-LR 03,B-LR,BUN,22.31,CMP,mg/dL
24HR,09:17,B-LR 03,B-LR,AMY,153,CMP,U/L
24HR,09:17,B-LR 03,B-LR,TG,490.78,CMP,mg/dL
24HR,09:17,B-LR 03,B-LR,GLU,136.69,CMP,mg/dL
24HR,09:17,B-LR 03,B-LR,GGT,13,CMP,U/L
48HR,09:17,B-LR 03,B-LR,MAP,41,MAP,mmHg
48HR,09:17,B-LR 03,B-LR,bpm,254,Heart rate,bpm
48HR,09:17,B-LR 03,B-LR,RBC,2.32,CBC,M/mL
48HR,09:17,B-LR 03,B-LR,Hb,4.9,CBC,mg/dL
48HR,09:17,B-LR 03,B-LR,HCT,14.5,CBC,mmHg
48HR,09:17,B-LR 03,B-LR,PLT,185,CBC,10^3/uL
48HR,09:17,B-LR 03,B-LR,WBC,10.7,CBC,10^3/uL
48HR,09:17,B-LR 03,B-LR,X._Free_Hb,0,% Free Hb,%
48HR,09:17,B-LR 03,B-LR,LAC,2.1,ABG,mmol/L
48HR,09:17,B-LR 03,B-LR,pH,7.402,ABG,value
48HR,09:17,B-LR 03,B-LR,pCO2,31.2,ABG,mmHg
48HR,09:17,B-LR 03,B-LR,pO2,32.2,ABG,mmHg
48HR,09:17,B-LR 03,B-LR,AST,650,CMP,U/L
48HR,09:17,B-LR 03,B-LR,ALT,650,CMP,U/L
48HR,09:17,B-LR 03,B-LR,LDH,1025,CMP,U/L
48HR,09:17,B-LR 03,B-LR,CREA,0.7,CMP,mg/dL
48HR,09:17,B-LR 03,B-LR,BUN,42.87,CMP,mg/dL
48HR,09:17,B-LR 03,B-LR,AMY,306,CMP,U/L
48HR,09:17,B-LR 03,B-LR,TG,609,CMP,mg/dL
48HR,09:17,B-LR 03,B-LR,GLU,118.91,CMP,mg/dL
48HR,09:17,B-LR 03,B-LR,GGT,22,CMP,U/L
Baseline,08:25,B-LR 04,B-LR,MAP,74,MAP,mmHg
Baseline,08:25,B-LR 04,B-LR,bpm,203,Heart rate,bpm
Baseline,08:25,B-LR 04,B-LR,RBC,7.44,CBC,M/mL
Baseline,08:25,B-LR 04,B-LR,Hb,16.1,CBC,mg/dL
Baseline,08:25,B-LR 04,B-LR,HCT,50.9,CBC,mmHg
Baseline,08:25,B-LR 04,B-LR,PLT,142,CBC,10^3/uL
Baseline,08:25,B-LR 04,B-LR,WBC,7.1,CBC,10^3/uL
Baseline,08:25,B-LR 04,B-LR,X._Free_Hb,0,% Free Hb,%
Baseline,08:25,B-LR 04,B-LR,LAC,1.1,ABG,mmol/L
Baseline,08:25,B-LR 04,B-LR,pH,7.485,ABG,value
Baseline,08:25,B-LR 04,B-LR,pCO2,34.2,ABG,mmHg
Baseline,08:25,B-LR 04,B-LR,pO2,85.3,ABG,mmHg
Baseline,08:25,B-LR 04,B-LR,AST,43,CMP,U/L
Baseline,08:25,B-LR 04,B-LR,ALT,50,CMP,U/L
Baseline,08:25,B-LR 04,B-LR,LDH,91,CMP,U/L
Baseline,08:25,B-LR 04,B-LR,CREA,0.5,CMP,mg/dL
Baseline,08:25,B-LR 04,B-LR,BUN,13.96,CMP,mg/dL
Baseline,08:25,B-LR 04,B-LR,AMY,178,CMP,U/L
Baseline,08:25,B-LR 04,B-LR,TG,77.59,CMP,mg/dL
Baseline,08:25,B-LR 04,B-LR,GLU,125.71,CMP,mg/dL
Baseline,08:25,B-LR 04,B-LR,GGT,15,CMP,U/L
EOS,11:00,B-LR 04,B-LR,MAP,53,MAP,mmHg
EOS,11:00,B-LR 04,B-LR,bpm,275,Heart rate,bpm
EOS,11:00,B-LR 04,B-LR,LAC,3,ABG,mmol/L
EOS,11:00,B-LR 04,B-LR,pH,7.465,ABG,value
EOS,11:00,B-LR 04,B-LR,pCO2,32,ABG,mmHg
EOS,11:00,B-LR 04,B-LR,pO2,106,ABG,mmHg
EOS,11:00,B-LR 04,B-LR,AST,25,CMP,U/L
EOS,11:00,B-LR 04,B-LR,ALT,28,CMP,U/L
EOS,11:00,B-LR 04,B-LR,LDH,67,CMP,U/L
EOS,11:00,B-LR 04,B-LR,CREA,0.5,CMP,mg/dL
EOS,11:00,B-LR 04,B-LR,BUN,16.86,CMP,mg/dL
EOS,11:00,B-LR 04,B-LR,AMY,110,CMP,U/L
EOS,11:00,B-LR 04,B-LR,TG,117.4,CMP,mg/dL
EOS,11:00,B-LR 04,B-LR,GLU,218.86,CMP,mg/dL
EOS,11:00,B-LR 04,B-LR,GGT,10,CMP,U/L
EOR,11:22,B-LR 04,B-LR,MAP,51,MAP,mmHg
EOR,11:22,B-LR 04,B-LR,bpm,294,Heart rate,bpm
EOR,11:22,B-LR 04,B-LR,RBC,3.27,CBC,M/mL
EOR,11:22,B-LR 04,B-LR,Hb,7.2,CBC,mg/dL
EOR,11:22,B-LR 04,B-LR,HCT,21.8,CBC,mmHg
EOR,11:22,B-LR 04,B-LR,PLT,216,CBC,10^3/uL
EOR,11:22,B-LR 04,B-LR,WBC,5.2,CBC,10^3/uL
EOR,11:22,B-LR 04,B-LR,X._Free_Hb,0,% Free Hb,%
EOR,11:22,B-LR 04,B-LR,LAC,4.7,ABG,mmol/L
EOR,11:22,B-LR 04,B-LR,pH,7.405,ABG,value
EOR,11:22,B-LR 04,B-LR,pCO2,37.9,ABG,mmHg
EOR,11:22,B-LR 04,B-LR,pO2,90.2,ABG,mmHg
EOR,11:22,B-LR 04,B-LR,GGT,9,CMP,U/L
10%,12:22,B-LR 04,B-LR,MAP,41,MAP,mmHg
10%,12:22,B-LR 04,B-LR,bpm,265,Heart rate,bpm
10%,12:22,B-LR 04,B-LR,LAC,1.8,ABG,mmol/L
10%,12:22,B-LR 04,B-LR,pH,7.468,ABG,value
10%,12:22,B-LR 04,B-LR,pCO2,30,ABG,mmHg
10%,12:22,B-LR 04,B-LR,pO2,102,ABG,mmHg
7.5%,01:22,B-LR 04,B-LR,MAP,42,MAP,mmHg
7.5%,01:22,B-LR 04,B-LR,bpm,250,Heart rate,bpm
7.5%,01:22,B-LR 04,B-LR,LAC,3.1,ABG,mmol/L
7.5%,01:22,B-LR 04,B-LR,pH,7.457,ABG,value
7.5%,01:22,B-LR 04,B-LR,pCO2,29.3,ABG,mmHg
7.5%,01:22,B-LR 04,B-LR,pO2,106,ABG,mmHg
5%,02:22,B-LR 04,B-LR,MAP,39,MAP,mmHg
5%,02:22,B-LR 04,B-LR,bpm,261,Heart rate,bpm
5%,02:22,B-LR 04,B-LR,LAC,4,ABG,mmol/L
5%,02:22,B-LR 04,B-LR,pH,7.457,ABG,value
5%,02:22,B-LR 04,B-LR,pCO2,35.6,ABG,mmHg
5%,02:22,B-LR 04,B-LR,pO2,90.5,ABG,mmHg
2.5%,03:22,B-LR 04,B-LR,MAP,42,MAP,mmHg
2.5%,03:22,B-LR 04,B-LR,bpm,286,Heart rate,bpm
2.5%,03:22,B-LR 04,B-LR,RBC,3.07,CBC,M/mL
2.5%,03:22,B-LR 04,B-LR,Hb,6.7,CBC,mg/dL
2.5%,03:22,B-LR 04,B-LR,HCT,20.7,CBC,mmHg
2.5%,03:22,B-LR 04,B-LR,PLT,135,CBC,10^3/uL
2.5%,03:22,B-LR 04,B-LR,WBC,7.3,CBC,10^3/uL
2.5%,03:22,B-LR 04,B-LR,X._Free_Hb,0,% Free Hb,%
2.5%,03:22,B-LR 04,B-LR,LAC,3.8,ABG,mmol/L
2.5%,03:22,B-LR 04,B-LR,pH,7.51,ABG,value
2.5%,03:22,B-LR 04,B-LR,pCO2,25.9,ABG,mmHg
2.5%,03:22,B-LR 04,B-LR,pO2,110,ABG,mmHg
EOB,NA,B-LR 04,B-LR,RBC,2.29,CBC,M/mL
EOB,NA,B-LR 04,B-LR,Hb,5,CBC,mg/dL
EOB,NA,B-LR 04,B-LR,HCT,15.4,CBC,mmHg
EOB,NA,B-LR 04,B-LR,PLT,152,CBC,10^3/uL
EOB,NA,B-LR 04,B-LR,WBC,5.6,CBC,10^3/uL
EOB,NA,B-LR 04,B-LR,X._Free_Hb,0,% Free Hb,%
EOB,NA,B-LR 04,B-LR,LAC,4.6,ABG,mmol/L
EOB,NA,B-LR 04,B-LR,pH,7.489,ABG,value
EOB,NA,B-LR 04,B-LR,pCO2,27.1,ABG,mmHg
EOB,NA,B-LR 04,B-LR,pO2,111,ABG,mmHg
EOB,NA,B-LR 04,B-LR,AST,50,CMP,U/L
EOB,NA,B-LR 04,B-LR,ALT,52,CMP,U/L
EOB,NA,B-LR 04,B-LR,LDH,156,CMP,U/L
EOB,NA,B-LR 04,B-LR,CREA,0.5,CMP,mg/dL
EOB,NA,B-LR 04,B-LR,BUN,22.37,CMP,mg/dL
EOB,NA,B-LR 04,B-LR,AMY,145,CMP,U/L
EOB,NA,B-LR 04,B-LR,TG,138.83,CMP,mg/dL
EOB,NA,B-LR 04,B-LR,GLU,266.04,CMP,mg/dL
24HR,11:22,B-LR 04,B-LR,MAP,62,MAP,mmHg
24HR,11:22,B-LR 04,B-LR,bpm,287,Heart rate,bpm
24HR,11:22,B-LR 04,B-LR,RBC,2.16,CBC,M/mL
24HR,11:22,B-LR 04,B-LR,Hb,4.8,CBC,mg/dL
24HR,11:22,B-LR 04,B-LR,HCT,14.3,CBC,mmHg
24HR,11:22,B-LR 04,B-LR,PLT,196,CBC,10^3/uL
24HR,11:22,B-LR 04,B-LR,WBC,6.3,CBC,10^3/uL
24HR,11:22,B-LR 04,B-LR,X._Free_Hb,0,% Free Hb,%
24HR,11:22,B-LR 04,B-LR,LAC,1.3,ABG,mmol/L
24HR,11:22,B-LR 04,B-LR,pH,7.512,ABG,value
24HR,11:22,B-LR 04,B-LR,pCO2,33.4,ABG,mmHg
24HR,11:22,B-LR 04,B-LR,pO2,97,ABG,mmHg
24HR,11:22,B-LR 04,B-LR,AST,211,CMP,U/L
24HR,11:22,B-LR 04,B-LR,ALT,140,CMP,U/L
24HR,11:22,B-LR 04,B-LR,LDH,325,CMP,U/L
24HR,11:22,B-LR 04,B-LR,CREA,0.3,CMP,mg/dL
24HR,11:22,B-LR 04,B-LR,BUN,25.35,CMP,mg/dL
24HR,11:22,B-LR 04,B-LR,AMY,446,CMP,U/L
24HR,11:22,B-LR 04,B-LR,TG,609,CMP,mg/dL
24HR,11:22,B-LR 04,B-LR,GLU,132.74,CMP,mg/dL
24HR,11:22,B-LR 04,B-LR,GGT,9,CMP,U/L
48HR,11:22,B-LR 04,B-LR,MAP,58,MAP,mmHg
48HR,11:22,B-LR 04,B-LR,bpm,294,Heart rate,bpm
48HR,11:22,B-LR 04,B-LR,RBC,2.1,CBC,M/mL
48HR,11:22,B-LR 04,B-LR,Hb,4.8,CBC,mg/dL
48HR,11:22,B-LR 04,B-LR,HCT,14.5,CBC,mmHg
48HR,11:22,B-LR 04,B-LR,PLT,148,CBC,10^3/uL
48HR,11:22,B-LR 04,B-LR,WBC,10,CBC,10^3/uL
48HR,11:22,B-LR 04,B-LR,X._Free_Hb,0,% Free Hb,%
48HR,11:22,B-LR 04,B-LR,LAC,2.3,ABG,mmol/L
48HR,11:22,B-LR 04,B-LR,pH,7.497,ABG,value
48HR,11:22,B-LR 04,B-LR,pCO2,32.7,ABG,mmHg
48HR,11:22,B-LR 04,B-LR,pO2,86.6,ABG,mmHg
48HR,11:22,B-LR 04,B-LR,AST,291,CMP,U/L
48HR,11:22,B-LR 04,B-LR,ALT,207,CMP,U/L
48HR,11:22,B-LR 04,B-LR,LDH,453,CMP,U/L
48HR,11:22,B-LR 04,B-LR,CREA,0.5,CMP,mg/dL
48HR,11:22,B-LR 04,B-LR,BUN,25.23,CMP,mg/dL
48HR,11:22,B-LR 04,B-LR,AMY,539,CMP,U/L
48HR,11:22,B-LR 04,B-LR,TG,609,CMP,mg/dL
48HR,11:22,B-LR 04,B-LR,GLU,128.75,CMP,mg/dL
48HR,11:22,B-LR 04,B-LR,GGT,12,CMP,U/L
Baseline,09:10,B-LR 05,B-LR,MAP,86,MAP,mmHg
Baseline,09:10,B-LR 05,B-LR,bpm,241,Heart rate,bpm
Baseline,09:10,B-LR 05,B-LR,RBC,6.38,CBC,M/mL
Baseline,09:10,B-LR 05,B-LR,Hb,12.7,CBC,mg/dL
Baseline,09:10,B-LR 05,B-LR,HCT,39.9,CBC,mmHg
Baseline,09:10,B-LR 05,B-LR,PLT,161,CBC,10^3/uL
Baseline,09:10,B-LR 05,B-LR,WBC,8.9,CBC,10^3/uL
Baseline,09:10,B-LR 05,B-LR,X._Free_Hb,0,% Free Hb,%
Baseline,09:10,B-LR 05,B-LR,LAC,1.5,ABG,mmol/L
Baseline,09:10,B-LR 05,B-LR,pH,7.469,ABG,value
Baseline,09:10,B-LR 05,B-LR,pCO2,38.5,ABG,mmHg
Baseline,09:10,B-LR 05,B-LR,pO2,85.8,ABG,mmHg
Baseline,09:10,B-LR 05,B-LR,AST,75,CMP,U/L
Baseline,09:10,B-LR 05,B-LR,ALT,98,CMP,U/L
Baseline,09:10,B-LR 05,B-LR,LDH,112,CMP,U/L
Baseline,09:10,B-LR 05,B-LR,CREA,0.5,CMP,mg/dL
Baseline,09:10,B-LR 05,B-LR,BUN,10.03,CMP,mg/dL
Baseline,09:10,B-LR 05,B-LR,AMY,214,CMP,U/L
Baseline,09:10,B-LR 05,B-LR,TG,129.45,CMP,mg/dL
Baseline,09:10,B-LR 05,B-LR,GLU,157.03,CMP,mg/dL
Baseline,09:10,B-LR 05,B-LR,GGT,11,CMP,U/L
Baseline,09:10,B-LR 05,B-LR,PT,8.3,Coag Panel,sec
Baseline,09:10,B-LR 05,B-LR,TT,27.5,Coag Panel,sec
Baseline,09:10,B-LR 05,B-LR,Fib,0.442,Coag Panel,g/L
EOS,11:32,B-LR 05,B-LR,MAP,31,MAP,mmHg
EOS,11:32,B-LR 05,B-LR,bpm,191,Heart rate,bpm
EOS,11:32,B-LR 05,B-LR,LAC,5.3,ABG,mmol/L
EOS,11:32,B-LR 05,B-LR,pH,7.403,ABG,value
EOS,11:32,B-LR 05,B-LR,pCO2,42.9,ABG,mmHg
EOS,11:32,B-LR 05,B-LR,pO2,118,ABG,mmHg
EOR,11:40,B-LR 05,B-LR,MAP,53,MAP,mmHg
EOR,11:40,B-LR 05,B-LR,bpm,178,Heart rate,bpm
EOR,11:40,B-LR 05,B-LR,RBC,3.27,CBC,M/mL
EOR,11:40,B-LR 05,B-LR,Hb,7.2,CBC,mg/dL
EOR,11:40,B-LR 05,B-LR,HCT,21.8,CBC,mmHg
EOR,11:40,B-LR 05,B-LR,PLT,216,CBC,10^3/uL
EOR,11:40,B-LR 05,B-LR,WBC,6.8,CBC,10^3/uL
EOR,11:40,B-LR 05,B-LR,X._Free_Hb,0,% Free Hb,%
EOR,11:40,B-LR 05,B-LR,LAC,8.1,ABG,mmol/L
EOR,11:40,B-LR 05,B-LR,pH,7.337,ABG,value
EOR,11:40,B-LR 05,B-LR,pCO2,52.2,ABG,mmHg
EOR,11:40,B-LR 05,B-LR,pO2,99.3,ABG,mmHg
EOR,11:40,B-LR 05,B-LR,AST,36,CMP,U/L
EOR,11:40,B-LR 05,B-LR,ALT,55,CMP,U/L
EOR,11:40,B-LR 05,B-LR,LDH,72,CMP,U/L
EOR,11:40,B-LR 05,B-LR,CREA,0.5,CMP,mg/dL
EOR,11:40,B-LR 05,B-LR,BUN,12.6,CMP,mg/dL
EOR,11:40,B-LR 05,B-LR,AMY,142,CMP,U/L
EOR,11:40,B-LR 05,B-LR,TG,118.88,CMP,mg/dL
EOR,11:40,B-LR 05,B-LR,GLU,213.15,CMP,mg/dL
EOR,11:40,B-LR 05,B-LR,GGT,5,CMP,U/L
EOR,11:40,B-LR 05,B-LR,PT,10.7,Coag Panel,sec
EOR,11:40,B-LR 05,B-LR,TT,30.2,Coag Panel,sec
EOR,11:40,B-LR 05,B-LR,Fib,0.358,Coag Panel,g/L
10%,12:40,B-LR 05,B-LR,MAP,36,MAP,mmHg
10%,12:40,B-LR 05,B-LR,bpm,201,Heart rate,bpm
10%,12:40,B-LR 05,B-LR,LAC,3.4,ABG,mmol/L
10%,12:40,B-LR 05,B-LR,pH,7.478,ABG,value
10%,12:40,B-LR 05,B-LR,pCO2,48.6,ABG,mmHg
10%,12:40,B-LR 05,B-LR,pO2,95,ABG,mmHg
7.5%,01:40,B-LR 05,B-LR,MAP,48,MAP,mmHg
7.5%,01:40,B-LR 05,B-LR,bpm,213,Heart rate,bpm
7.5%,01:40,B-LR 05,B-LR,LAC,3.1,ABG,mmol/L
7.5%,01:40,B-LR 05,B-LR,pH,7.482,ABG,value
7.5%,01:40,B-LR 05,B-LR,pCO2,42.5,ABG,mmHg
7.5%,01:40,B-LR 05,B-LR,pO2,108,ABG,mmHg
5%,02:40,B-LR 05,B-LR,MAP,58,MAP,mmHg
5%,02:40,B-LR 05,B-LR,bpm,260,Heart rate,bpm
5%,02:40,B-LR 05,B-LR,LAC,3.1,ABG,mmol/L
5%,02:40,B-LR 05,B-LR,pH,7.471,ABG,value
5%,02:40,B-LR 05,B-LR,pCO2,36.1,ABG,mmHg
5%,02:40,B-LR 05,B-LR,pO2,108,ABG,mmHg
2.5%,03:40,B-LR 05,B-LR,MAP,44,MAP,mmHg
2.5%,03:40,B-LR 05,B-LR,bpm,265,Heart rate,bpm
2.5%,03:40,B-LR 05,B-LR,RBC,2.11,CBC,M/mL
2.5%,03:40,B-LR 05,B-LR,Hb,4.4,CBC,mg/dL
2.5%,03:40,B-LR 05,B-LR,HCT,12.9,CBC,mmHg
2.5%,03:40,B-LR 05,B-LR,PLT,90,CBC,10^3/uL
2.5%,03:40,B-LR 05,B-LR,WBC,7.3,CBC,10^3/uL
2.5%,03:40,B-LR 05,B-LR,X._Free_Hb,0,% Free Hb,%
2.5%,03:40,B-LR 05,B-LR,LAC,5.8,ABG,mmol/L
2.5%,03:40,B-LR 05,B-LR,pH,7.5,ABG,value
2.5%,03:40,B-LR 05,B-LR,pCO2,32.6,ABG,mmHg
2.5%,03:40,B-LR 05,B-LR,pO2,121,ABG,mmHg
EOB,NA,B-LR 05,B-LR,RBC,2.82,CBC,M/mL
EOB,NA,B-LR 05,B-LR,Hb,5.7,CBC,mg/dL
EOB,NA,B-LR 05,B-LR,HCT,17.4,CBC,mmHg
EOB,NA,B-LR 05,B-LR,PLT,103,CBC,10^3/uL
EOB,NA,B-LR 05,B-LR,WBC,7.2,CBC,10^3/uL
EOB,NA,B-LR 05,B-LR,LAC,6.5,ABG,mmol/L
EOB,NA,B-LR 05,B-LR,pH,7.486,ABG,value
EOB,NA,B-LR 05,B-LR,pCO2,36.2,ABG,mmHg
EOB,NA,B-LR 05,B-LR,pO2,128,ABG,mmHg
EOB,NA,B-LR 05,B-LR,AST,65,CMP,U/L
EOB,NA,B-LR 05,B-LR,ALT,74,CMP,U/L
EOB,NA,B-LR 05,B-LR,LDH,110,CMP,U/L
EOB,NA,B-LR 05,B-LR,CREA,0.6,CMP,mg/dL
EOB,NA,B-LR 05,B-LR,BUN,17.07,CMP,mg/dL
EOB,NA,B-LR 05,B-LR,AMY,211,CMP,U/L
EOB,NA,B-LR 05,B-LR,TG,248.65,CMP,mg/dL
EOB,NA,B-LR 05,B-LR,GLU,154.12,CMP,mg/dL
EOB,NA,B-LR 05,B-LR,GGT,5,CMP,U/L
EOB,NA,B-LR 05,B-LR,PT,10.5,Coag Panel,sec
EOB,NA,B-LR 05,B-LR,TT,63.2,Coag Panel,sec
EOB,NA,B-LR 05,B-LR,Fib,0.387,Coag Panel,g/L
24HR,11:40,B-LR 05,B-LR,MAP,62,MAP,mmHg
24HR,11:40,B-LR 05,B-LR,bpm,288,Heart rate,bpm
24HR,11:40,B-LR 05,B-LR,RBC,2.2,CBC,M/mL
24HR,11:40,B-LR 05,B-LR,Hb,5,CBC,mg/dL
24HR,11:40,B-LR 05,B-LR,HCT,13.5,CBC,mmHg
24HR,11:40,B-LR 05,B-LR,PLT,155,CBC,10^3/uL
24HR,11:40,B-LR 05,B-LR,WBC,8,CBC,10^3/uL
24HR,11:40,B-LR 05,B-LR,X._Free_Hb,0,% Free Hb,%
24HR,11:40,B-LR 05,B-LR,LAC,2.5,ABG,mmol/L
24HR,11:40,B-LR 05,B-LR,pH,7.481,ABG,value
24HR,11:40,B-LR 05,B-LR,pCO2,35,ABG,mmHg
24HR,11:40,B-LR 05,B-LR,pO2,94,ABG,mmHg
24HR,11:40,B-LR 05,B-LR,AST,268,CMP,U/L
24HR,11:40,B-LR 05,B-LR,ALT,236,CMP,U/L
24HR,11:40,B-LR 05,B-LR,LDH,378,CMP,U/L
24HR,11:40,B-LR 05,B-LR,CREA,0.3,CMP,mg/dL
24HR,11:40,B-LR 05,B-LR,BUN,16.79,CMP,mg/dL
24HR,11:40,B-LR 05,B-LR,AMY,367,CMP,U/L
24HR,11:40,B-LR 05,B-LR,TG,609,CMP,mg/dL
24HR,11:40,B-LR 05,B-LR,GLU,138.13,CMP,mg/dL
24HR,11:40,B-LR 05,B-LR,GGT,5,CMP,U/L
24HR,11:40,B-LR 05,B-LR,PT,4,Coag Panel,sec
24HR,11:40,B-LR 05,B-LR,TT,27.8,Coag Panel,sec
24HR,11:40,B-LR 05,B-LR,Fib,0.4,Coag Panel,g/L
48HR,12:40,B-LR 05,B-LR,MAP,58,MAP,mmHg
48HR,12:40,B-LR 05,B-LR,bpm,229,Heart rate,bpm
48HR,12:40,B-LR 05,B-LR,RBC,1.78,CBC,M/mL
48HR,12:40,B-LR 05,B-LR,Hb,4.4,CBC,mg/dL
48HR,12:40,B-LR 05,B-LR,HCT,11.9,CBC,mmHg
48HR,12:40,B-LR 05,B-LR,PLT,314,CBC,10^3/uL
48HR,12:40,B-LR 05,B-LR,WBC,5.9,CBC,10^3/uL
48HR,12:40,B-LR 05,B-LR,X._Free_Hb,0,% Free Hb,%
48HR,12:40,B-LR 05,B-LR,LAC,1,ABG,mmol/L
48HR,12:40,B-LR 05,B-LR,pH,7.482,ABG,value
48HR,12:40,B-LR 05,B-LR,pCO2,32,ABG,mmHg
48HR,12:40,B-LR 05,B-LR,pO2,98.3,ABG,mmHg
48HR,12:40,B-LR 05,B-LR,AST,99,CMP,U/L
48HR,12:40,B-LR 05,B-LR,ALT,281,CMP,U/L
48HR,12:40,B-LR 05,B-LR,LDH,149,CMP,U/L
48HR,12:40,B-LR 05,B-LR,CREA,0.5,CMP,mg/dL
48HR,12:40,B-LR 05,B-LR,BUN,11.55,CMP,mg/dL
48HR,12:40,B-LR 05,B-LR,AMY,327,CMP,U/L
48HR,12:40,B-LR 05,B-LR,TG,609,CMP,mg/dL
48HR,12:40,B-LR 05,B-LR,GLU,122.12,CMP,mg/dL
48HR,12:40,B-LR 05,B-LR,GGT,8,CMP,U/L
72HR,NA,B-LR 05,B-LR,X._Free_Hb,0,% Free Hb,%
Baseline,10:20,B-LR 06,B-LR,MAP,78,MAP,mmHg
Baseline,10:20,B-LR 06,B-LR,bpm,249,Heart rate,bpm
Baseline,10:20,B-LR 06,B-LR,RBC,6.27,CBC,M/mL
Baseline,10:20,B-LR 06,B-LR,Hb,12.5,CBC,mg/dL
Baseline,10:20,B-LR 06,B-LR,HCT,39.5,CBC,mmHg
Baseline,10:20,B-LR 06,B-LR,PLT,352,CBC,10^3/uL
Baseline,10:20,B-LR 06,B-LR,WBC,9.1,CBC,10^3/uL
Baseline,10:20,B-LR 06,B-LR,X._Free_Hb,0,% Free Hb,%
Baseline,10:20,B-LR 06,B-LR,LAC,2.9,ABG,mmol/L
Baseline,10:20,B-LR 06,B-LR,pH,7.468,ABG,value
Baseline,10:20,B-LR 06,B-LR,pCO2,36.5,ABG,mmHg
Baseline,10:20,B-LR 06,B-LR,pO2,88.1,ABG,mmHg
Baseline,10:20,B-LR 06,B-LR,AST,38,CMP,U/L
Baseline,10:20,B-LR 06,B-LR,ALT,69,CMP,U/L
Baseline,10:20,B-LR 06,B-LR,LDH,203,CMP,U/L
Baseline,10:20,B-LR 06,B-LR,CREA,0.5,CMP,mg/dL
Baseline,10:20,B-LR 06,B-LR,BUN,15.53,CMP,mg/dL
Baseline,10:20,B-LR 06,B-LR,AMY,213,CMP,U/L
Baseline,10:20,B-LR 06,B-LR,TG,107.67,CMP,mg/dL
Baseline,10:20,B-LR 06,B-LR,GLU,141.25,CMP,mg/dL
Baseline,10:20,B-LR 06,B-LR,GGT,11,CMP,U/L
Baseline,10:20,B-LR 06,B-LR,PT,5.5,Coag Panel,sec
Baseline,10:20,B-LR 06,B-LR,TT,23.4,Coag Panel,sec
Baseline,10:20,B-LR 06,B-LR,Fib,0.444,Coag Panel,g/L
EOS,12:40,B-LR 06,B-LR,MAP,56,MAP,mmHg
EOS,12:40,B-LR 06,B-LR,bpm,266,Heart rate,bpm
EOS,12:40,B-LR 06,B-LR,LAC,9,ABG,mmol/L
EOS,12:40,B-LR 06,B-LR,pH,7.306,ABG,value
EOS,12:40,B-LR 06,B-LR,pCO2,36.4,ABG,mmHg
EOS,12:40,B-LR 06,B-LR,pO2,115,ABG,mmHg
EOR,12:50,B-LR 06,B-LR,MAP,46,MAP,mmHg
EOR,12:50,B-LR 06,B-LR,bpm,246,Heart rate,bpm
EOR,12:50,B-LR 06,B-LR,RBC,3.34,CBC,M/mL
EOR,12:50,B-LR 06,B-LR,Hb,6.8,CBC,mg/dL
EOR,12:50,B-LR 06,B-LR,HCT,20.8,CBC,mmHg
EOR,12:50,B-LR 06,B-LR,PLT,245,CBC,10^3/uL
EOR,12:50,B-LR 06,B-LR,WBC,5.2,CBC,10^3/uL
EOR,12:50,B-LR 06,B-LR,X._Free_Hb,0,% Free Hb,%
EOR,12:50,B-LR 06,B-LR,LAC,11.1,ABG,mmol/L
EOR,12:50,B-LR 06,B-LR,pH,7.323,ABG,value
EOR,12:50,B-LR 06,B-LR,pCO2,35.7,ABG,mmHg
EOR,12:50,B-LR 06,B-LR,pO2,140,ABG,mmHg
EOR,12:50,B-LR 06,B-LR,AST,40,CMP,U/L
EOR,12:50,B-LR 06,B-LR,ALT,54,CMP,U/L
EOR,12:50,B-LR 06,B-LR,LDH,111,CMP,U/L
EOR,12:50,B-LR 06,B-LR,CREA,0.6,CMP,mg/dL
EOR,12:50,B-LR 06,B-LR,BUN,20.42,CMP,mg/dL
EOR,12:50,B-LR 06,B-LR,AMY,149,CMP,U/L
EOR,12:50,B-LR 06,B-LR,TG,145.79,CMP,mg/dL
EOR,12:50,B-LR 06,B-LR,GLU,297.9,CMP,mg/dL
EOR,12:50,B-LR 06,B-LR,GGT,7,CMP,U/L
EOR,12:50,B-LR 06,B-LR,PT,9.5,Coag Panel,sec
EOR,12:50,B-LR 06,B-LR,TT,24.5,Coag Panel,sec
EOR,12:50,B-LR 06,B-LR,Fib,0.372,Coag Panel,g/L
10%,13:50,B-LR 06,B-LR,MAP,57,MAP,mmHg
10%,13:50,B-LR 06,B-LR,bpm,286,Heart rate,bpm
10%,13:50,B-LR 06,B-LR,LAC,7.5,ABG,mmol/L
10%,13:50,B-LR 06,B-LR,pH,7.438,ABG,value
10%,13:50,B-LR 06,B-LR,pCO2,34.6,ABG,mmHg
10%,13:50,B-LR 06,B-LR,pO2,147,ABG,mmHg
10%,13:50,B-LR 06,B-LR,PT,8.5,Coag Panel,sec
10%,13:50,B-LR 06,B-LR,TT,74.8,Coag Panel,sec
10%,13:50,B-LR 06,B-LR,Fib,0.373,Coag Panel,g/L
7.5%,14:50,B-LR 06,B-LR,MAP,61,MAP,mmHg
7.5%,14:50,B-LR 06,B-LR,bpm,270,Heart rate,bpm
7.5%,14:50,B-LR 06,B-LR,LAC,6.9,ABG,mmol/L
7.5%,14:50,B-LR 06,B-LR,pH,7.409,ABG,value
7.5%,14:50,B-LR 06,B-LR,pCO2,34.9,ABG,mmHg
7.5%,14:50,B-LR 06,B-LR,pO2,127,ABG,mmHg
5%,15:50,B-LR 06,B-LR,MAP,59,MAP,mmHg
5%,15:50,B-LR 06,B-LR,bpm,267,Heart rate,bpm
5%,15:50,B-LR 06,B-LR,LAC,6.8,ABG,mmol/L
5%,15:50,B-LR 06,B-LR,pH,7.435,ABG,value
5%,15:50,B-LR 06,B-LR,pCO2,33.2,ABG,mmHg
5%,15:50,B-LR 06,B-LR,pO2,122,ABG,mmHg
2.5%,16:50,B-LR 06,B-LR,MAP,46,MAP,mmHg
2.5%,16:50,B-LR 06,B-LR,bpm,256,Heart rate,bpm
2.5%,16:50,B-LR 06,B-LR,RBC,2.64,CBC,M/mL
2.5%,16:50,B-LR 06,B-LR,Hb,5.4,CBC,mg/dL
2.5%,16:50,B-LR 06,B-LR,HCT,16.7,CBC,mmHg
2.5%,16:50,B-LR 06,B-LR,PLT,273,CBC,10^3/uL
2.5%,16:50,B-LR 06,B-LR,WBC,5.1,CBC,10^3/uL
2.5%,16:50,B-LR 06,B-LR,X._Free_Hb,0,% Free Hb,%
2.5%,16:50,B-LR 06,B-LR,LAC,5.7,ABG,mmol/L
2.5%,16:50,B-LR 06,B-LR,pH,7.451,ABG,value
2.5%,16:50,B-LR 06,B-LR,pCO2,35.7,ABG,mmHg
2.5%,16:50,B-LR 06,B-LR,pO2,111,ABG,mmHg
EOB,17:00,B-LR 06,B-LR,MAP,46,MAP,mmHg
EOB,17:00,B-LR 06,B-LR,bpm,277,Heart rate,bpm
EOB,17:00,B-LR 06,B-LR,RBC,2.93,CBC,M/mL
EOB,17:00,B-LR 06,B-LR,Hb,6,CBC,mg/dL
EOB,17:00,B-LR 06,B-LR,HCT,18.3,CBC,mmHg
EOB,17:00,B-LR 06,B-LR,PLT,222,CBC,10^3/uL
EOB,17:00,B-LR 06,B-LR,WBC,5.6,CBC,10^3/uL
EOB,17:00,B-LR 06,B-LR,X._Free_Hb,0,% Free Hb,%
EOB,17:00,B-LR 06,B-LR,LAC,6.3,ABG,mmol/L
EOB,17:00,B-LR 06,B-LR,pH,7.446,ABG,value
EOB,17:00,B-LR 06,B-LR,pCO2,36.3,ABG,mmHg
EOB,17:00,B-LR 06,B-LR,pO2,120,ABG,mmHg
EOB,17:00,B-LR 06,B-LR,AST,70,CMP,U/L
EOB,17:00,B-LR 06,B-LR,ALT,62,CMP,U/L
EOB,17:00,B-LR 06,B-LR,LDH,44,CMP,U/L
EOB,17:00,B-LR 06,B-LR,CREA,0.5,CMP,mg/dL
EOB,17:00,B-LR 06,B-LR,BUN,24.76,CMP,mg/dL
EOB,17:00,B-LR 06,B-LR,AMY,209,CMP,U/L
EOB,17:00,B-LR 06,B-LR,TG,236.15,CMP,mg/dL
EOB,17:00,B-LR 06,B-LR,GLU,237.48,CMP,mg/dL
EOB,17:00,B-LR 06,B-LR,GGT,9,CMP,U/L
24HR,12:50,B-LR 06,B-LR,MAP,59,MAP,mmHg
24HR,12:50,B-LR 06,B-LR,bpm,282,Heart rate,bpm
24HR,12:50,B-LR 06,B-LR,RBC,3.84,CBC,M/mL
24HR,12:50,B-LR 06,B-LR,Hb,7.9,CBC,mg/dL
24HR,12:50,B-LR 06,B-LR,HCT,23.8,CBC,mmHg
24HR,12:50,B-LR 06,B-LR,PLT,200,CBC,10^3/uL
24HR,12:50,B-LR 06,B-LR,WBC,5.4,CBC,10^3/uL
24HR,12:50,B-LR 06,B-LR,X._Free_Hb,0,% Free Hb,%
24HR,12:50,B-LR 06,B-LR,LAC,1,ABG,mmol/L
24HR,12:50,B-LR 06,B-LR,pH,7.657,ABG,value
24HR,12:50,B-LR 06,B-LR,pCO2,29.1,ABG,mmHg
24HR,12:50,B-LR 06,B-LR,pO2,142,ABG,mmHg
24HR,12:50,B-LR 06,B-LR,AST,323,CMP,U/L
24HR,12:50,B-LR 06,B-LR,ALT,234,CMP,U/L
24HR,12:50,B-LR 06,B-LR,LDH,527,CMP,U/L
24HR,12:50,B-LR 06,B-LR,CREA,1.1,CMP,mg/dL
24HR,12:50,B-LR 06,B-LR,BUN,40.36,CMP,mg/dL
24HR,12:50,B-LR 06,B-LR,AMY,431,CMP,U/L
24HR,12:50,B-LR 06,B-LR,TG,609,CMP,mg/dL
24HR,12:50,B-LR 06,B-LR,GLU,154.04,CMP,mg/dL
24HR,12:50,B-LR 06,B-LR,GGT,7,CMP,U/L
24HR,12:50,B-LR 06,B-LR,PT,32,Coag Panel,sec
24HR,12:50,B-LR 06,B-LR,TT,27.6,Coag Panel,sec
24HR,12:50,B-LR 06,B-LR,Fib,0.366,Coag Panel,g/L
48HR,12:50,B-LR 06,B-LR,MAP,63,MAP,mmHg
48HR,12:50,B-LR 06,B-LR,bpm,179,Heart rate,bpm
48HR,12:50,B-LR 06,B-LR,RBC,2.26,CBC,M/mL
48HR,12:50,B-LR 06,B-LR,Hb,5.4,CBC,mg/dL
48HR,12:50,B-LR 06,B-LR,HCT,15.4,CBC,mmHg
48HR,12:50,B-LR 06,B-LR,PLT,347,CBC,10^3/uL
48HR,12:50,B-LR 06,B-LR,WBC,9,CBC,10^3/uL
48HR,12:50,B-LR 06,B-LR,X._Free_Hb,0,% Free Hb,%
48HR,12:50,B-LR 06,B-LR,LAC,3,ABG,mmol/L
48HR,12:50,B-LR 06,B-LR,pH,7.53,ABG,value
48HR,12:50,B-LR 06,B-LR,pCO2,30.4,ABG,mmHg
48HR,12:50,B-LR 06,B-LR,pO2,79,ABG,mmHg
48HR,12:50,B-LR 06,B-LR,AST,347,CMP,U/L
48HR,12:50,B-LR 06,B-LR,ALT,338,CMP,U/L
48HR,12:50,B-LR 06,B-LR,LDH,612,CMP,U/L
48HR,12:50,B-LR 06,B-LR,CREA,0.4,CMP,mg/dL
48HR,12:50,B-LR 06,B-LR,BUN,18.99,CMP,mg/dL
48HR,12:50,B-LR 06,B-LR,AMY,1092,CMP,U/L
48HR,12:50,B-LR 06,B-LR,TG,609,CMP,mg/dL
48HR,12:50,B-LR 06,B-LR,GLU,123.93,CMP,mg/dL
48HR,12:50,B-LR 06,B-LR,GGT,7,CMP,U/L
Baseline,09:10,B-LR 07,B-LR,MAP,88,MAP,mmHg
Baseline,09:10,B-LR 07,B-LR,bpm,249,Heart rate,bpm
Baseline,09:10,B-LR 07,B-LR,RBC,5.71,CBC,M/mL
Baseline,09:10,B-LR 07,B-LR,Hb,12.6,CBC,mg/dL
Baseline,09:10,B-LR 07,B-LR,HCT,38.7,CBC,mmHg
Baseline,09:10,B-LR 07,B-LR,PLT,145,CBC,10^3/uL
Baseline,09:10,B-LR 07,B-LR,WBC,8.4,CBC,10^3/uL
Baseline,09:10,B-LR 07,B-LR,X._Free_Hb,0,% Free Hb,%
Baseline,09:10,B-LR 07,B-LR,LAC,1.5,ABG,mmol/L
Baseline,09:10,B-LR 07,B-LR,pH,7.461,ABG,value
Baseline,09:10,B-LR 07,B-LR,pCO2,40.4,ABG,mmHg
Baseline,09:10,B-LR 07,B-LR,pO2,82.7,ABG,mmHg
Baseline,09:10,B-LR 07,B-LR,AST,209,CMP,U/L
Baseline,09:10,B-LR 07,B-LR,ALT,152,CMP,U/L
Baseline,09:10,B-LR 07,B-LR,LDH,289,CMP,U/L
Baseline,09:10,B-LR 07,B-LR,CREA,0.6,CMP,mg/dL
Baseline,09:10,B-LR 07,B-LR,BUN,12.06,CMP,mg/dL
Baseline,09:10,B-LR 07,B-LR,AMY,208,CMP,U/L
Baseline,09:10,B-LR 07,B-LR,TG,107.59,CMP,mg/dL
Baseline,09:10,B-LR 07,B-LR,GLU,140.32,CMP,mg/dL
Baseline,09:10,B-LR 07,B-LR,GGT,13,CMP,U/L
Baseline,09:10,B-LR 07,B-LR,PT,7.4,Coag Panel,sec
Baseline,09:10,B-LR 07,B-LR,TT,31.4,Coag Panel,sec
Baseline,09:10,B-LR 07,B-LR,Fib,0.459,Coag Panel,g/L
EOS,11:32,B-LR 07,B-LR,MAP,57,MAP,mmHg
EOS,11:32,B-LR 07,B-LR,bpm,211,Heart rate,bpm
EOS,11:32,B-LR 07,B-LR,LAC,7.3,ABG,mmol/L
EOS,11:32,B-LR 07,B-LR,pH,7.446,ABG,value
EOS,11:32,B-LR 07,B-LR,pCO2,31.9,ABG,mmHg
EOS,11:32,B-LR 07,B-LR,pO2,95,ABG,mmHg
EOR,11:42,B-LR 07,B-LR,MAP,52,MAP,mmHg
EOR,11:42,B-LR 07,B-LR,bpm,274,Heart rate,bpm
EOR,11:42,B-LR 07,B-LR,RBC,2.96,CBC,M/mL
EOR,11:42,B-LR 07,B-LR,Hb,6.6,CBC,mg/dL
EOR,11:42,B-LR 07,B-LR,HCT,19.8,CBC,mmHg
EOR,11:42,B-LR 07,B-LR,PLT,189,CBC,10^3/uL
EOR,11:42,B-LR 07,B-LR,WBC,8,CBC,10^3/uL
EOR,11:42,B-LR 07,B-LR,X._Free_Hb,0,% Free Hb,%
EOR,11:42,B-LR 07,B-LR,LAC,9.1,ABG,mmol/L
EOR,11:42,B-LR 07,B-LR,pH,7.434,ABG,value
EOR,11:42,B-LR 07,B-LR,pCO2,33.1,ABG,mmHg
EOR,11:42,B-LR 07,B-LR,pO2,112,ABG,mmHg
EOR,11:42,B-LR 07,B-LR,AST,163,CMP,U/L
EOR,11:42,B-LR 07,B-LR,ALT,103,CMP,U/L
EOR,11:42,B-LR 07,B-LR,LDH,168,CMP,U/L
EOR,11:42,B-LR 07,B-LR,CREA,0.2,CMP,mg/dL
EOR,11:42,B-LR 07,B-LR,BUN,17.65,CMP,mg/dL
EOR,11:42,B-LR 07,B-LR,AMY,125,CMP,U/L
EOR,11:42,B-LR 07,B-LR,TG,108.57,CMP,mg/dL
EOR,11:42,B-LR 07,B-LR,GLU,247.82,CMP,mg/dL
EOR,11:42,B-LR 07,B-LR,GGT,7,CMP,U/L
EOR,11:42,B-LR 07,B-LR,PT,12.4,Coag Panel,sec
EOR,11:42,B-LR 07,B-LR,TT,77.5,Coag Panel,sec
EOR,11:42,B-LR 07,B-LR,Fib,0.384,Coag Panel,g/L
10%,12:42,B-LR 07,B-LR,MAP,79,MAP,mmHg
10%,12:42,B-LR 07,B-LR,bpm,171,Heart rate,bpm
10%,12:42,B-LR 07,B-LR,LAC,3.1,ABG,mmol/L
10%,12:42,B-LR 07,B-LR,pH,7.474,ABG,value
10%,12:42,B-LR 07,B-LR,pCO2,36.3,ABG,mmHg
10%,12:42,B-LR 07,B-LR,pO2,89.9,ABG,mmHg
7.5%,01:42,B-LR 07,B-LR,MAP,50,MAP,mmHg
7.5%,01:42,B-LR 07,B-LR,bpm,296,Heart rate,bpm
7.5%,01:42,B-LR 07,B-LR,LAC,6.2,ABG,mmol/L
7.5%,01:42,B-LR 07,B-LR,pH,7.452,ABG,value
7.5%,01:42,B-LR 07,B-LR,pCO2,32.1,ABG,mmHg
7.5%,01:42,B-LR 07,B-LR,pO2,133,ABG,mmHg
5%,02:42,B-LR 07,B-LR,MAP,77,MAP,mmHg
5%,02:42,B-LR 07,B-LR,bpm,299,Heart rate,bpm
5%,02:42,B-LR 07,B-LR,LAC,3.8,ABG,mmol/L
5%,02:42,B-LR 07,B-LR,pH,7.503,ABG,value
5%,02:42,B-LR 07,B-LR,pCO2,30.6,ABG,mmHg
5%,02:42,B-LR 07,B-LR,pO2,138,ABG,mmHg
2.5%,03:42,B-LR 07,B-LR,MAP,49,MAP,mmHg
2.5%,03:42,B-LR 07,B-LR,bpm,285,Heart rate,bpm
2.5%,03:42,B-LR 07,B-LR,RBC,2.95,CBC,M/mL
2.5%,03:42,B-LR 07,B-LR,Hb,6.6,CBC,mg/dL
2.5%,03:42,B-LR 07,B-LR,HCT,20,CBC,mmHg
2.5%,03:42,B-LR 07,B-LR,PLT,186,CBC,10^3/uL
2.5%,03:42,B-LR 07,B-LR,WBC,5.6,CBC,10^3/uL
2.5%,03:42,B-LR 07,B-LR,X._Free_Hb,0,% Free Hb,%
2.5%,03:42,B-LR 07,B-LR,LAC,3.5,ABG,mmol/L
2.5%,03:42,B-LR 07,B-LR,pH,7.458,ABG,value
2.5%,03:42,B-LR 07,B-LR,pCO2,33.8,ABG,mmHg
2.5%,03:42,B-LR 07,B-LR,pO2,96.7,ABG,mmHg
EOB,NA,B-LR 07,B-LR,MAP,68,MAP,mmHg
EOB,NA,B-LR 07,B-LR,bpm,273,Heart rate,bpm
EOB,NA,B-LR 07,B-LR,RBC,2.16,CBC,M/mL
EOB,NA,B-LR 07,B-LR,Hb,4.9,CBC,mg/dL
EOB,NA,B-LR 07,B-LR,HCT,14.3,CBC,mmHg
EOB,NA,B-LR 07,B-LR,PLT,170,CBC,10^3/uL
EOB,NA,B-LR 07,B-LR,WBC,6.1,CBC,10^3/uL
EOB,NA,B-LR 07,B-LR,X._Free_Hb,0,% Free Hb,%
EOB,NA,B-LR 07,B-LR,LAC,5.6,ABG,mmol/L
EOB,NA,B-LR 07,B-LR,pH,7.454,ABG,value
EOB,NA,B-LR 07,B-LR,pCO2,33,ABG,mmHg
EOB,NA,B-LR 07,B-LR,pO2,129,ABG,mmHg
EOB,NA,B-LR 07,B-LR,AST,202,CMP,U/L
EOB,NA,B-LR 07,B-LR,ALT,143,CMP,U/L
EOB,NA,B-LR 07,B-LR,LDH,301,CMP,U/L
EOB,NA,B-LR 07,B-LR,CREA,0.5,CMP,mg/dL
EOB,NA,B-LR 07,B-LR,BUN,23.59,CMP,mg/dL
EOB,NA,B-LR 07,B-LR,AMY,170,CMP,U/L
EOB,NA,B-LR 07,B-LR,TG,150.31,CMP,mg/dL
EOB,NA,B-LR 07,B-LR,GLU,251.12,CMP,mg/dL
EOB,NA,B-LR 07,B-LR,GGT,9,CMP,U/L
EOB,NA,B-LR 07,B-LR,PT,8.7,Coag Panel,sec
EOB,NA,B-LR 07,B-LR,Fib,0.382,Coag Panel,g/L
24HR,11:42,B-LR 07,B-LR,MAP,59,MAP,mmHg
24HR,11:42,B-LR 07,B-LR,bpm,288,Heart rate,bpm
24HR,11:42,B-LR 07,B-LR,RBC,2.23,CBC,M/mL
24HR,11:42,B-LR 07,B-LR,Hb,5.1,CBC,mg/dL
24HR,11:42,B-LR 07,B-LR,HCT,14.9,CBC,mmHg
24HR,11:42,B-LR 07,B-LR,PLT,242,CBC,10^3/uL
24HR,11:42,B-LR 07,B-LR,WBC,10.6,CBC,10^3/uL
24HR,11:42,B-LR 07,B-LR,X._Free_Hb,0,% Free Hb,%
24HR,11:42,B-LR 07,B-LR,LAC,1.1,ABG,mmol/L
24HR,11:42,B-LR 07,B-LR,pH,7.421,ABG,value
24HR,11:42,B-LR 07,B-LR,pCO2,33.8,ABG,mmHg
24HR,11:42,B-LR 07,B-LR,pO2,69.9,ABG,mmHg
24HR,11:42,B-LR 07,B-LR,AST,388,CMP,U/L
24HR,11:42,B-LR 07,B-LR,ALT,280,CMP,U/L
24HR,11:42,B-LR 07,B-LR,LDH,462,CMP,U/L
24HR,11:42,B-LR 07,B-LR,CREA,0.8,CMP,mg/dL
24HR,11:42,B-LR 07,B-LR,BUN,34.16,CMP,mg/dL
24HR,11:42,B-LR 07,B-LR,AMY,273,CMP,U/L
24HR,11:42,B-LR 07,B-LR,TG,609,CMP,mg/dL
24HR,11:42,B-LR 07,B-LR,GLU,159.58,CMP,mg/dL
24HR,11:42,B-LR 07,B-LR,GGT,9,CMP,U/L
24HR,11:42,B-LR 07,B-LR,PT,31.3,Coag Panel,sec
24HR,11:42,B-LR 07,B-LR,TT,120.5,Coag Panel,sec
24HR,11:42,B-LR 07,B-LR,Fib,0.388,Coag Panel,g/L
48HR,11:42,B-LR 07,B-LR,MAP,73,MAP,mmHg
48HR,11:42,B-LR 07,B-LR,bpm,288,Heart rate,bpm
48HR,11:42,B-LR 07,B-LR,RBC,2.02,CBC,M/mL
48HR,11:42,B-LR 07,B-LR,Hb,5.1,CBC,mg/dL
48HR,11:42,B-LR 07,B-LR,HCT,15.1,CBC,mmHg
48HR,11:42,B-LR 07,B-LR,PLT,384,CBC,10^3/uL
48HR,11:42,B-LR 07,B-LR,WBC,9.6,CBC,10^3/uL
48HR,11:42,B-LR 07,B-LR,X._Free_Hb,0,% Free Hb,%
48HR,11:42,B-LR 07,B-LR,LAC,0.8,ABG,mmol/L
48HR,11:42,B-LR 07,B-LR,pH,7.497,ABG,value
48HR,11:42,B-LR 07,B-LR,pCO2,35.9,ABG,mmHg
48HR,11:42,B-LR 07,B-LR,pO2,80,ABG,mmHg
Baseline,10:25,B-LR 08,B-LR,MAP,85,MAP,mmHg
Baseline,10:25,B-LR 08,B-LR,bpm,233,Heart rate,bpm
Baseline,10:25,B-LR 08,B-LR,RBC,5.49,CBC,M/mL
Baseline,10:25,B-LR 08,B-LR,Hb,12.2,CBC,mg/dL
Baseline,10:25,B-LR 08,B-LR,HCT,37.3,CBC,mmHg
Baseline,10:25,B-LR 08,B-LR,PLT,23,CBC,10^3/uL
Baseline,10:25,B-LR 08,B-LR,WBC,6.6,CBC,10^3/uL
Baseline,10:25,B-LR 08,B-LR,X._Free_Hb,0,% Free Hb,%
Baseline,10:25,B-LR 08,B-LR,LAC,1.6,ABG,mmol/L
Baseline,10:25,B-LR 08,B-LR,pH,7.452,ABG,value
Baseline,10:25,B-LR 08,B-LR,pCO2,38,ABG,mmHg
Baseline,10:25,B-LR 08,B-LR,pO2,74.2,ABG,mmHg
Baseline,10:25,B-LR 08,B-LR,AST,156,CMP,U/L
Baseline,10:25,B-LR 08,B-LR,ALT,154,CMP,U/L
Baseline,10:25,B-LR 08,B-LR,LDH,232,CMP,U/L
Baseline,10:25,B-LR 08,B-LR,CREA,0.1,CMP,mg/dL
Baseline,10:25,B-LR 08,B-LR,BUN,9.37,CMP,mg/dL
Baseline,10:25,B-LR 08,B-LR,AMY,275,CMP,U/L
Baseline,10:25,B-LR 08,B-LR,TG,190.42,CMP,mg/dL
Baseline,10:25,B-LR 08,B-LR,GLU,154.85,CMP,mg/dL
Baseline,10:25,B-LR 08,B-LR,GGT,8,CMP,U/L
Baseline,10:25,B-LR 08,B-LR,PT,8.5,Coag Panel,sec
Baseline,10:25,B-LR 08,B-LR,TT,22.9,Coag Panel,sec
Baseline,10:25,B-LR 08,B-LR,Fib,0.448,Coag Panel,g/L
EOS,12:45,B-LR 08,B-LR,MAP,29,MAP,mmHg
EOS,12:45,B-LR 08,B-LR,bpm,285,Heart rate,bpm
EOS,12:45,B-LR 08,B-LR,LAC,8.9,ABG,mmol/L
EOS,12:45,B-LR 08,B-LR,pH,7.386,ABG,value
EOS,12:45,B-LR 08,B-LR,pCO2,31.6,ABG,mmHg
EOS,12:45,B-LR 08,B-LR,pO2,133,ABG,mmHg
EOR,12:55,B-LR 08,B-LR,MAP,51,MAP,mmHg
EOR,12:55,B-LR 08,B-LR,bpm,245,Heart rate,bpm
EOR,12:55,B-LR 08,B-LR,RBC,3.71,CBC,M/mL
EOR,12:55,B-LR 08,B-LR,Hb,8.3,CBC,mg/dL
EOR,12:55,B-LR 08,B-LR,HCT,25.3,CBC,mmHg
EOR,12:55,B-LR 08,B-LR,PLT,55,CBC,10^3/uL
EOR,12:55,B-LR 08,B-LR,WBC,6.3,CBC,10^3/uL
EOR,12:55,B-LR 08,B-LR,X._Free_Hb,0,% Free Hb,%
EOR,12:55,B-LR 08,B-LR,LAC,11,ABG,mmol/L
EOR,12:55,B-LR 08,B-LR,pH,7.33,ABG,value
EOR,12:55,B-LR 08,B-LR,pCO2,36.5,ABG,mmHg
EOR,12:55,B-LR 08,B-LR,pO2,151,ABG,mmHg
EOR,12:55,B-LR 08,B-LR,AST,86,CMP,U/L
EOR,12:55,B-LR 08,B-LR,ALT,96,CMP,U/L
EOR,12:55,B-LR 08,B-LR,LDH,106,CMP,U/L
EOR,12:55,B-LR 08,B-LR,CREA,0.8,CMP,mg/dL
EOR,12:55,B-LR 08,B-LR,BUN,11.91,CMP,mg/dL
EOR,12:55,B-LR 08,B-LR,AMY,235,CMP,U/L
EOR,12:55,B-LR 08,B-LR,TG,165.21,CMP,mg/dL
EOR,12:55,B-LR 08,B-LR,GLU,209.12,CMP,mg/dL
EOR,12:55,B-LR 08,B-LR,GGT,7,CMP,U/L
EOR,12:55,B-LR 08,B-LR,PT,13.6,Coag Panel,sec
EOR,12:55,B-LR 08,B-LR,TT,43.5,Coag Panel,sec
EOR,12:55,B-LR 08,B-LR,Fib,0.346,Coag Panel,g/L
10%,13:55,B-LR 08,B-LR,MAP,41,MAP,mmHg
10%,13:55,B-LR 08,B-LR,bpm,289,Heart rate,bpm
10%,13:55,B-LR 08,B-LR,LAC,7.7,ABG,mmol/L
10%,13:55,B-LR 08,B-LR,pH,7.402,ABG,value
10%,13:55,B-LR 08,B-LR,pCO2,34.4,ABG,mmHg
10%,13:55,B-LR 08,B-LR,pO2,132,ABG,mmHg
7.5%,14:55,B-LR 08,B-LR,MAP,52,MAP,mmHg
7.5%,14:55,B-LR 08,B-LR,bpm,242,Heart rate,bpm
7.5%,14:55,B-LR 08,B-LR,LAC,4.8,ABG,mmol/L
7.5%,14:55,B-LR 08,B-LR,pH,7.48,ABG,value
7.5%,14:55,B-LR 08,B-LR,pCO2,31.6,ABG,mmHg
7.5%,14:55,B-LR 08,B-LR,pO2,134,ABG,mmHg
5%,15:55,B-LR 08,B-LR,MAP,41,MAP,mmHg
5%,15:55,B-LR 08,B-LR,bpm,170,Heart rate,bpm
5%,15:55,B-LR 08,B-LR,LAC,3.1,ABG,mmol/L
5%,15:55,B-LR 08,B-LR,pH,7.514,ABG,value
5%,15:55,B-LR 08,B-LR,pCO2,30,ABG,mmHg
5%,15:55,B-LR 08,B-LR,pO2,144,ABG,mmHg
2.5%,16:55,B-LR 08,B-LR,MAP,45,MAP,mmHg
2.5%,16:55,B-LR 08,B-LR,bpm,266,Heart rate,bpm
2.5%,16:55,B-LR 08,B-LR,RBC,2.24,CBC,M/mL
2.5%,16:55,B-LR 08,B-LR,Hb,5,CBC,mg/dL
2.5%,16:55,B-LR 08,B-LR,HCT,15,CBC,mmHg
2.5%,16:55,B-LR 08,B-LR,PLT,133,CBC,10^3/uL
2.5%,16:55,B-LR 08,B-LR,WBC,4.6,CBC,10^3/uL
2.5%,16:55,B-LR 08,B-LR,X._Free_Hb,0,% Free Hb,%
2.5%,16:55,B-LR 08,B-LR,LAC,3.2,ABG,mmol/L
2.5%,16:55,B-LR 08,B-LR,pH,7.553,ABG,value
2.5%,16:55,B-LR 08,B-LR,pCO2,27.5,ABG,mmHg
2.5%,16:55,B-LR 08,B-LR,pO2,127,ABG,mmHg
EOB,17:05,B-LR 08,B-LR,MAP,50,MAP,mmHg
EOB,17:05,B-LR 08,B-LR,bpm,300,Heart rate,bpm
EOB,17:05,B-LR 08,B-LR,RBC,2.4,CBC,M/mL
EOB,17:05,B-LR 08,B-LR,Hb,5.4,CBC,mg/dL
EOB,17:05,B-LR 08,B-LR,HCT,16.2,CBC,mmHg
EOB,17:05,B-LR 08,B-LR,PLT,100,CBC,10^3/uL
EOB,17:05,B-LR 08,B-LR,WBC,5.6,CBC,10^3/uL
EOB,17:05,B-LR 08,B-LR,X._Free_Hb,0,% Free Hb,%
EOB,17:05,B-LR 08,B-LR,LAC,5.2,ABG,mmol/L
EOB,17:05,B-LR 08,B-LR,pH,7.523,ABG,value
EOB,17:05,B-LR 08,B-LR,pCO2,29.5,ABG,mmHg
EOB,17:05,B-LR 08,B-LR,pO2,122,ABG,mmHg
EOB,17:05,B-LR 08,B-LR,AST,159,CMP,U/L
EOB,17:05,B-LR 08,B-LR,ALT,124,CMP,U/L
EOB,17:05,B-LR 08,B-LR,LDH,263,CMP,U/L
EOB,17:05,B-LR 08,B-LR,CREA,0.8,CMP,mg/dL
EOB,17:05,B-LR 08,B-LR,BUN,23.65,CMP,mg/dL
EOB,17:05,B-LR 08,B-LR,AMY,260,CMP,U/L
EOB,17:05,B-LR 08,B-LR,TG,227.37,CMP,mg/dL
EOB,17:05,B-LR 08,B-LR,GLU,258.28,CMP,mg/dL
EOB,17:05,B-LR 08,B-LR,GGT,6,CMP,U/L
EOB,17:05,B-LR 08,B-LR,PT,12.3,Coag Panel,sec
EOB,17:05,B-LR 08,B-LR,TT,90.5,Coag Panel,sec
EOB,17:05,B-LR 08,B-LR,Fib,0.353,Coag Panel,g/L
24HR,12:55,B-LR 08,B-LR,MAP,58,MAP,mmHg
24HR,12:55,B-LR 08,B-LR,bpm,230,Heart rate,bpm
24HR,12:55,B-LR 08,B-LR,RBC,2.87,CBC,M/mL
24HR,12:55,B-LR 08,B-LR,Hb,6.5,CBC,mg/dL
24HR,12:55,B-LR 08,B-LR,HCT,19.5,CBC,mmHg
24HR,12:55,B-LR 08,B-LR,PLT,180,CBC,10^3/uL
24HR,12:55,B-LR 08,B-LR,WBC,7.9,CBC,10^3/uL
24HR,12:55,B-LR 08,B-LR,X._Free_Hb,0,% Free Hb,%
24HR,12:55,B-LR 08,B-LR,LAC,1.1,ABG,mmol/L
24HR,12:55,B-LR 08,B-LR,pH,7.556,ABG,value
24HR,12:55,B-LR 08,B-LR,pCO2,31.9,ABG,mmHg
24HR,12:55,B-LR 08,B-LR,pO2,107,ABG,mmHg
24HR,12:55,B-LR 08,B-LR,AST,201,CMP,U/L
24HR,12:55,B-LR 08,B-LR,ALT,206,CMP,U/L
24HR,12:55,B-LR 08,B-LR,LDH,231,CMP,U/L
24HR,12:55,B-LR 08,B-LR,CREA,0.7,CMP,mg/dL
24HR,12:55,B-LR 08,B-LR,BUN,13.94,CMP,mg/dL
24HR,12:55,B-LR 08,B-LR,AMY,409,CMP,U/L
24HR,12:55,B-LR 08,B-LR,TG,503.84,CMP,mg/dL
24HR,12:55,B-LR 08,B-LR,GLU,146.15,CMP,mg/dL
24HR,12:55,B-LR 08,B-LR,GGT,7,CMP,U/L
24HR,12:55,B-LR 08,B-LR,PT,4,Coag Panel,sec
24HR,12:55,B-LR 08,B-LR,TT,21.2,Coag Panel,sec
24HR,12:55,B-LR 08,B-LR,Fib,0.408,Coag Panel,g/L
48HR,12:55,B-LR 08,B-LR,MAP,53,MAP,mmHg
48HR,12:55,B-LR 08,B-LR,bpm,210,Heart rate,bpm
48HR,12:55,B-LR 08,B-LR,RBC,1.77,CBC,M/mL
48HR,12:55,B-LR 08,B-LR,Hb,4.6,CBC,mg/dL
48HR,12:55,B-LR 08,B-LR,HCT,13.2,CBC,mmHg
48HR,12:55,B-LR 08,B-LR,PLT,358,CBC,10^3/uL
48HR,12:55,B-LR 08,B-LR,WBC,10.6,CBC,10^3/uL
48HR,12:55,B-LR 08,B-LR,X._Free_Hb,0,% Free Hb,%
48HR,12:55,B-LR 08,B-LR,LAC,4.7,ABG,mmol/L
48HR,12:55,B-LR 08,B-LR,pH,7.516,ABG,value
48HR,12:55,B-LR 08,B-LR,pCO2,32.9,ABG,mmHg
48HR,12:55,B-LR 08,B-LR,pO2,90.9,ABG,mmHg
48HR,12:55,B-LR 08,B-LR,AST,446,CMP,U/L
48HR,12:55,B-LR 08,B-LR,ALT,340,CMP,U/L
48HR,12:55,B-LR 08,B-LR,LDH,584,CMP,U/L
48HR,12:55,B-LR 08,B-LR,CREA,0.5,CMP,mg/dL
48HR,12:55,B-LR 08,B-LR,BUN,23.61,CMP,mg/dL
48HR,12:55,B-LR 08,B-LR,AMY,422,CMP,U/L
48HR,12:55,B-LR 08,B-LR,TG,609,CMP,mg/dL
48HR,12:55,B-LR 08,B-LR,GLU,131.35,CMP,mg/dL
48HR,12:55,B-LR 08,B-LR,GGT,8,CMP,U/L
48HR,12:55,B-LR 08,B-LR,PT,20.7,Coag Panel,sec
48HR,12:55,B-LR 08,B-LR,TT,4,Coag Panel,sec
48HR,12:55,B-LR 08,B-LR,Fib,0.613,Coag Panel,g/L
Baseline,09:40,B-LR 09,B-LR,MAP,85,MAP,mmHg
Baseline,09:40,B-LR 09,B-LR,bpm,297,Heart rate,bpm
Baseline,09:40,B-LR 09,B-LR,RBC,6.09,CBC,M/mL
Baseline,09:40,B-LR 09,B-LR,Hb,12.7,CBC,mg/dL
Baseline,09:40,B-LR 09,B-LR,HCT,40.5,CBC,mmHg
Baseline,09:40,B-LR 09,B-LR,PLT,243,CBC,10^3/uL
Baseline,09:40,B-LR 09,B-LR,WBC,5.2,CBC,10^3/uL
Baseline,09:40,B-LR 09,B-LR,X._Free_Hb,0,% Free Hb,%
Baseline,09:40,B-LR 09,B-LR,LAC,0.6,ABG,mmol/L
Baseline,09:40,B-LR 09,B-LR,pH,7.514,ABG,value
Baseline,09:40,B-LR 09,B-LR,pCO2,34.9,ABG,mmHg
Baseline,09:40,B-LR 09,B-LR,pO2,94.8,ABG,mmHg
Baseline,09:40,B-LR 09,B-LR,AST,50,CMP,U/L
Baseline,09:40,B-LR 09,B-LR,ALT,99,CMP,U/L
Baseline,09:40,B-LR 09,B-LR,LDH,142,CMP,U/L
Baseline,09:40,B-LR 09,B-LR,CREA,0.4,CMP,mg/dL
Baseline,09:40,B-LR 09,B-LR,BUN,10.74,CMP,mg/dL
Baseline,09:40,B-LR 09,B-LR,AMY,277,CMP,U/L
Baseline,09:40,B-LR 09,B-LR,TG,96.14,CMP,mg/dL
Baseline,09:40,B-LR 09,B-LR,GLU,143.05,CMP,mg/dL
Baseline,09:40,B-LR 09,B-LR,GGT,10,CMP,U/L
EOS,12:00,B-LR 09,B-LR,MAP,52,MAP,mmHg
EOS,12:00,B-LR 09,B-LR,bpm,295,Heart rate,bpm
EOS,12:00,B-LR 09,B-LR,LAC,4.9,ABG,mmol/L
EOS,12:00,B-LR 09,B-LR,pH,7.47,ABG,value
EOS,12:00,B-LR 09,B-LR,pCO2,37.1,ABG,mmHg
EOS,12:00,B-LR 09,B-LR,pO2,113,ABG,mmHg
EOR,12:10,B-LR 09,B-LR,MAP,66,MAP,mmHg
EOR,12:10,B-LR 09,B-LR,bpm,294,Heart rate,bpm
EOR,12:10,B-LR 09,B-LR,RBC,2.83,CBC,M/mL
EOR,12:10,B-LR 09,B-LR,Hb,6,CBC,mg/dL
EOR,12:10,B-LR 09,B-LR,HCT,18.6,CBC,mmHg
EOR,12:10,B-LR 09,B-LR,PLT,186,CBC,10^3/uL
EOR,12:10,B-LR 09,B-LR,WBC,3,CBC,10^3/uL
EOR,12:10,B-LR 09,B-LR,X._Free_Hb,0,% Free Hb,%
EOR,12:10,B-LR 09,B-LR,LAC,6.9,ABG,mmol/L
EOR,12:10,B-LR 09,B-LR,pH,7.407,ABG,value
EOR,12:10,B-LR 09,B-LR,pCO2,39.5,ABG,mmHg
EOR,12:10,B-LR 09,B-LR,pO2,122,ABG,mmHg
EOR,12:10,B-LR 09,B-LR,AST,37,CMP,U/L
EOR,12:10,B-LR 09,B-LR,ALT,69,CMP,U/L
EOR,12:10,B-LR 09,B-LR,LDH,91,CMP,U/L
EOR,12:10,B-LR 09,B-LR,CREA,0.6,CMP,mg/dL
EOR,12:10,B-LR 09,B-LR,BUN,15.56,CMP,mg/dL
EOR,12:10,B-LR 09,B-LR,AMY,150,CMP,U/L
EOR,12:10,B-LR 09,B-LR,TG,101.75,CMP,mg/dL
EOR,12:10,B-LR 09,B-LR,GLU,234.74,CMP,mg/dL
EOR,12:10,B-LR 09,B-LR,GGT,7,CMP,U/L
10%,01:10,B-LR 09,B-LR,MAP,38,MAP,mmHg
10%,01:10,B-LR 09,B-LR,bpm,260,Heart rate,bpm
10%,01:10,B-LR 09,B-LR,LAC,2.1,ABG,mmol/L
10%,01:10,B-LR 09,B-LR,pH,7.496,ABG,value
10%,01:10,B-LR 09,B-LR,pCO2,38.5,ABG,mmHg
10%,01:10,B-LR 09,B-LR,pO2,116,ABG,mmHg
7.5%,02:10,B-LR 09,B-LR,MAP,39,MAP,mmHg
7.5%,02:10,B-LR 09,B-LR,bpm,248,Heart rate,bpm
7.5%,02:10,B-LR 09,B-LR,LAC,3,ABG,mmol/L
7.5%,02:10,B-LR 09,B-LR,pH,7.475,ABG,value
7.5%,02:10,B-LR 09,B-LR,pCO2,34.7,ABG,mmHg
7.5%,02:10,B-LR 09,B-LR,pO2,103,ABG,mmHg
5%,03:10,B-LR 09,B-LR,MAP,44,MAP,mmHg
5%,03:10,B-LR 09,B-LR,bpm,264,Heart rate,bpm
5%,03:10,B-LR 09,B-LR,LAC,3.6,ABG,mmol/L
5%,03:10,B-LR 09,B-LR,pH,7.464,ABG,value
5%,03:10,B-LR 09,B-LR,pCO2,34.9,ABG,mmHg
5%,03:10,B-LR 09,B-LR,pO2,111,ABG,mmHg
2.5%,04:10,B-LR 09,B-LR,MAP,64,MAP,mmHg
2.5%,04:10,B-LR 09,B-LR,bpm,298,Heart rate,bpm
2.5%,04:10,B-LR 09,B-LR,LAC,2.3,ABG,mmol/L
2.5%,04:10,B-LR 09,B-LR,pH,7.354,ABG,value
2.5%,04:10,B-LR 09,B-LR,pCO2,31.9,ABG,mmHg
2.5%,04:10,B-LR 09,B-LR,pO2,29.7,ABG,mmHg
EOB,NA,B-LR 09,B-LR,MAP,42,MAP,mmHg
EOB,NA,B-LR 09,B-LR,RBC,2.34,CBC,M/mL
EOB,NA,B-LR 09,B-LR,Hb,5.1,CBC,mg/dL
EOB,NA,B-LR 09,B-LR,HCT,15.3,CBC,mmHg
EOB,NA,B-LR 09,B-LR,PLT,177,CBC,10^3/uL
EOB,NA,B-LR 09,B-LR,WBC,2.7,CBC,10^3/uL
EOB,NA,B-LR 09,B-LR,X._Free_Hb,0,% Free Hb,%
EOB,NA,B-LR 09,B-LR,LAC,4,ABG,mmol/L
EOB,NA,B-LR 09,B-LR,pH,7.426,ABG,value
EOB,NA,B-LR 09,B-LR,pCO2,44.1,ABG,mmHg
EOB,NA,B-LR 09,B-LR,pO2,29.4,ABG,mmHg
EOB,NA,B-LR 09,B-LR,AST,60,CMP,U/L
EOB,NA,B-LR 09,B-LR,ALT,81,CMP,U/L
EOB,NA,B-LR 09,B-LR,LDH,259,CMP,U/L
EOB,NA,B-LR 09,B-LR,CREA,0.4,CMP,mg/dL
EOB,NA,B-LR 09,B-LR,BUN,23.77,CMP,mg/dL
EOB,NA,B-LR 09,B-LR,AMY,189,CMP,U/L
EOB,NA,B-LR 09,B-LR,TG,211.24,CMP,mg/dL
EOB,NA,B-LR 09,B-LR,GLU,217.77,CMP,mg/dL
EOB,NA,B-LR 09,B-LR,GGT,6,CMP,U/L
24HR,12:10,B-LR 09,B-LR,MAP,67,MAP,mmHg
24HR,12:10,B-LR 09,B-LR,bpm,182,Heart rate,bpm
24HR,12:10,B-LR 09,B-LR,RBC,1.73,CBC,M/mL
24HR,12:10,B-LR 09,B-LR,Hb,4,CBC,mg/dL
24HR,12:10,B-LR 09,B-LR,HCT,11.4,CBC,mmHg
24HR,12:10,B-LR 09,B-LR,PLT,238,CBC,10^3/uL
24HR,12:10,B-LR 09,B-LR,WBC,4,CBC,10^3/uL
24HR,12:10,B-LR 09,B-LR,X._Free_Hb,0,% Free Hb,%
24HR,12:10,B-LR 09,B-LR,LAC,1.5,ABG,mmol/L
24HR,12:10,B-LR 09,B-LR,pH,7.509,ABG,value
24HR,12:10,B-LR 09,B-LR,pCO2,33.7,ABG,mmHg
24HR,12:10,B-LR 09,B-LR,pO2,101,ABG,mmHg
24HR,12:10,B-LR 09,B-LR,AST,291,CMP,U/L
24HR,12:10,B-LR 09,B-LR,ALT,210,CMP,U/L
24HR,12:10,B-LR 09,B-LR,LDH,452,CMP,U/L
24HR,12:10,B-LR 09,B-LR,CREA,0.7,CMP,mg/dL
24HR,12:10,B-LR 09,B-LR,BUN,21.83,CMP,mg/dL
24HR,12:10,B-LR 09,B-LR,AMY,355,CMP,U/L
24HR,12:10,B-LR 09,B-LR,TG,609,CMP,mg/dL
24HR,12:10,B-LR 09,B-LR,GLU,140.05,CMP,mg/dL
24HR,12:10,B-LR 09,B-LR,GGT,6,CMP,U/L
48HR,12:10,B-LR 09,B-LR,MAP,88,MAP,mmHg
48HR,12:10,B-LR 09,B-LR,bpm,182,Heart rate,bpm
48HR,12:10,B-LR 09,B-LR,RBC,2.04,CBC,M/mL
48HR,12:10,B-LR 09,B-LR,Hb,4.9,CBC,mg/dL
48HR,12:10,B-LR 09,B-LR,HCT,15,CBC,mmHg
48HR,12:10,B-LR 09,B-LR,PLT,357,CBC,10^3/uL
48HR,12:10,B-LR 09,B-LR,WBC,9.9,CBC,10^3/uL
48HR,12:10,B-LR 09,B-LR,X._Free_Hb,0,% Free Hb,%
48HR,12:10,B-LR 09,B-LR,LAC,1.1,ABG,mmol/L
48HR,12:10,B-LR 09,B-LR,pH,7.528,ABG,value
48HR,12:10,B-LR 09,B-LR,pCO2,35.8,ABG,mmHg
48HR,12:10,B-LR 09,B-LR,pO2,77.6,ABG,mmHg
48HR,12:10,B-LR 09,B-LR,AST,162,CMP,U/L
48HR,12:10,B-LR 09,B-LR,ALT,293,CMP,U/L
48HR,12:10,B-LR 09,B-LR,LDH,254,CMP,U/L
48HR,12:10,B-LR 09,B-LR,CREA,0.4,CMP,mg/dL
48HR,12:10,B-LR 09,B-LR,BUN,14.64,CMP,mg/dL
48HR,12:10,B-LR 09,B-LR,AMY,319,CMP,U/L
48HR,12:10,B-LR 09,B-LR,TG,609,CMP,mg/dL
48HR,12:10,B-LR 09,B-LR,GLU,141.21,CMP,mg/dL
48HR,12:10,B-LR 09,B-LR,GGT,7,CMP,U/L
Baseline,07:33,B-LR 13,B-LR,MAP,87,MAP,mmHg
Baseline,07:33,B-LR 13,B-LR,bpm,269,Heart rate,bpm
Baseline,07:33,B-LR 13,B-LR,RBC,5.5,CBC,M/mL
Baseline,07:33,B-LR 13,B-LR,Hb,11.1,CBC,mg/dL
Baseline,07:33,B-LR 13,B-LR,HCT,34.1,CBC,mmHg
Baseline,07:33,B-LR 13,B-LR,PLT,292,CBC,10^3/uL
Baseline,07:33,B-LR 13,B-LR,WBC,7.8,CBC,10^3/uL
Baseline,07:33,B-LR 13,B-LR,X._Free_Hb,0,% Free Hb,%
Baseline,07:33,B-LR 13,B-LR,LAC,3.4,ABG,mmol/L
Baseline,07:33,B-LR 13,B-LR,pH,7.496,ABG,value
Baseline,07:33,B-LR 13,B-LR,pCO2,36,ABG,mmHg
Baseline,07:33,B-LR 13,B-LR,pO2,90.4,ABG,mmHg
Baseline,07:33,B-LR 13,B-LR,AST,51,CMP,U/L
Baseline,07:33,B-LR 13,B-LR,ALT,54,CMP,U/L
Baseline,07:33,B-LR 13,B-LR,LDH,327,CMP,U/L
Baseline,07:33,B-LR 13,B-LR,CREA,0.3,CMP,mg/dL
Baseline,07:33,B-LR 13,B-LR,BUN,14.33,CMP,mg/dL
Baseline,07:33,B-LR 13,B-LR,AMY,241,CMP,U/L
Baseline,07:33,B-LR 13,B-LR,TG,273.61,CMP,mg/dL
Baseline,07:33,B-LR 13,B-LR,GLU,151.53,CMP,mg/dL
Baseline,07:33,B-LR 13,B-LR,GGT,6,CMP,U/L
Baseline,07:33,B-LR 13,B-LR,CKHR_time,6.5,TEG 5000,min
Baseline,07:33,B-LR 13,B-LR,CKH_K,1.5,TEG 5000,min
Baseline,07:33,B-LR 13,B-LR,CKH_angle,71.5,TEG 5000,degree
Baseline,07:33,B-LR 13,B-LR,CKH_MA,67.5,TEG 5000,mm
Baseline,07:33,B-LR 13,B-LR,APTT,140.9,Coag Panel,sec
Baseline,07:33,B-LR 13,B-LR,PT,15,Coag Panel,sec
Baseline,07:33,B-LR 13,B-LR,TT,17,Coag Panel,sec
Baseline,07:33,B-LR 13,B-LR,Fib,4,Coag Panel,g/L
EOS,10:47,B-LR 13,B-LR,MAP,34,MAP,mmHg
EOS,10:47,B-LR 13,B-LR,bpm,210,Heart rate,bpm
EOS,10:47,B-LR 13,B-LR,RBC,3.23,CBC,M/mL
EOS,10:47,B-LR 13,B-LR,Hb,6.5,CBC,mg/dL
EOS,10:47,B-LR 13,B-LR,HCT,19.8,CBC,mmHg
EOS,10:47,B-LR 13,B-LR,PLT,217,CBC,10^3/uL
EOS,10:47,B-LR 13,B-LR,WBC,5.5,CBC,10^3/uL
EOS,10:47,B-LR 13,B-LR,X._Free_Hb,0,% Free Hb,%
EOS,10:47,B-LR 13,B-LR,LAC,12.7,ABG,mmol/L
EOS,10:47,B-LR 13,B-LR,pH,7.407,ABG,value
EOS,10:47,B-LR 13,B-LR,pCO2,40.7,ABG,mmHg
EOS,10:47,B-LR 13,B-LR,pO2,104,ABG,mmHg
EOR,10:57,B-LR 13,B-LR,MAP,43,MAP,mmHg
EOR,10:57,B-LR 13,B-LR,bpm,206,Heart rate,bpm
EOR,10:57,B-LR 13,B-LR,RBC,2.54,CBC,M/mL
EOR,10:57,B-LR 13,B-LR,Hb,5.2,CBC,mg/dL
EOR,10:57,B-LR 13,B-LR,HCT,15.5,CBC,mmHg
EOR,10:57,B-LR 13,B-LR,PLT,173,CBC,10^3/uL
EOR,10:57,B-LR 13,B-LR,WBC,5.9,CBC,10^3/uL
EOR,10:57,B-LR 13,B-LR,X._Free_Hb,0,% Free Hb,%
EOR,10:57,B-LR 13,B-LR,LAC,13.3,ABG,mmol/L
EOR,10:57,B-LR 13,B-LR,pH,7.361,ABG,value
EOR,10:57,B-LR 13,B-LR,pCO2,43.8,ABG,mmHg
EOR,10:57,B-LR 13,B-LR,pO2,102,ABG,mmHg
EOR,10:57,B-LR 13,B-LR,AST,63,CMP,U/L
EOR,10:57,B-LR 13,B-LR,ALT,37,CMP,U/L
EOR,10:57,B-LR 13,B-LR,LDH,208,CMP,U/L
EOR,10:57,B-LR 13,B-LR,CREA,0.5,CMP,mg/dL
EOR,10:57,B-LR 13,B-LR,BUN,17.52,CMP,mg/dL
EOR,10:57,B-LR 13,B-LR,AMY,160,CMP,U/L
EOR,10:57,B-LR 13,B-LR,TG,241.52,CMP,mg/dL
EOR,10:57,B-LR 13,B-LR,GLU,255.22,CMP,mg/dL
EOR,10:57,B-LR 13,B-LR,GGT,5,CMP,U/L
EOR,10:57,B-LR 13,B-LR,CKHR_time,5.8,TEG 5000,min
EOR,10:57,B-LR 13,B-LR,CKH_K,2.1,TEG 5000,min
EOR,10:57,B-LR 13,B-LR,CKH_angle,66.4,TEG 5000,degree
EOR,10:57,B-LR 13,B-LR,CKH_MA,62,TEG 5000,mm
EOR,10:57,B-LR 13,B-LR,APTT,122.8,Coag Panel,sec
EOR,10:57,B-LR 13,B-LR,PT,15.2,Coag Panel,sec
EOR,10:57,B-LR 13,B-LR,TT,14.1,Coag Panel,sec
EOR,10:57,B-LR 13,B-LR,Fib,1.7,Coag Panel,g/L
10%,11:57,B-LR 13,B-LR,MAP,50,MAP,mmHg
10%,11:57,B-LR 13,B-LR,bpm,253,Heart rate,bpm
10%,11:57,B-LR 13,B-LR,LAC,6.9,ABG,mmol/L
10%,11:57,B-LR 13,B-LR,pH,7.461,ABG,value
10%,11:57,B-LR 13,B-LR,pCO2,40.9,ABG,mmHg
10%,11:57,B-LR 13,B-LR,pO2,102,ABG,mmHg
7.5%,12:57,B-LR 13,B-LR,MAP,64,MAP,mmHg
7.5%,12:57,B-LR 13,B-LR,bpm,277,Heart rate,bpm
7.5%,12:57,B-LR 13,B-LR,LAC,5.4,ABG,mmol/L
7.5%,12:57,B-LR 13,B-LR,pH,7.461,ABG,value
7.5%,12:57,B-LR 13,B-LR,pCO2,37,ABG,mmHg
7.5%,12:57,B-LR 13,B-LR,pO2,106,ABG,mmHg
5%,13:57,B-LR 13,B-LR,MAP,54,MAP,mmHg
5%,13:57,B-LR 13,B-LR,bpm,274,Heart rate,bpm
5%,13:57,B-LR 13,B-LR,LAC,7.5,ABG,mmol/L
5%,13:57,B-LR 13,B-LR,pH,7.418,ABG,value
5%,13:57,B-LR 13,B-LR,pCO2,32.2,ABG,mmHg
5%,13:57,B-LR 13,B-LR,pO2,168,ABG,mmHg
2.5%,14:57,B-LR 13,B-LR,MAP,61,MAP,mmHg
2.5%,14:57,B-LR 13,B-LR,bpm,294,Heart rate,bpm
2.5%,14:57,B-LR 13,B-LR,LAC,10,ABG,mmol/L
2.5%,14:57,B-LR 13,B-LR,pH,7.474,ABG,value
2.5%,14:57,B-LR 13,B-LR,pCO2,30.2,ABG,mmHg
2.5%,14:57,B-LR 13,B-LR,pO2,146,ABG,mmHg
EOB,03:07,B-LR 13,B-LR,MAP,57,MAP,mmHg
EOB,03:07,B-LR 13,B-LR,bpm,296,Heart rate,bpm
EOB,03:07,B-LR 13,B-LR,RBC,2.08,CBC,M/mL
EOB,03:07,B-LR 13,B-LR,Hb,4.3,CBC,mg/dL
EOB,03:07,B-LR 13,B-LR,HCT,12.6,CBC,mmHg
EOB,03:07,B-LR 13,B-LR,PLT,171,CBC,10^3/uL
EOB,03:07,B-LR 13,B-LR,WBC,4.8,CBC,10^3/uL
EOB,03:07,B-LR 13,B-LR,X._Free_Hb,0,% Free Hb,%
EOB,03:07,B-LR 13,B-LR,LAC,10.8,ABG,mmol/L
EOB,03:07,B-LR 13,B-LR,pH,7.449,ABG,value
EOB,03:07,B-LR 13,B-LR,pCO2,34.2,ABG,mmHg
EOB,03:07,B-LR 13,B-LR,pO2,104,ABG,mmHg
EOB,03:07,B-LR 13,B-LR,AST,80,CMP,U/L
EOB,03:07,B-LR 13,B-LR,ALT,43,CMP,U/L
EOB,03:07,B-LR 13,B-LR,LDH,101,CMP,U/L
EOB,03:07,B-LR 13,B-LR,CREA,0.3,CMP,mg/dL
EOB,03:07,B-LR 13,B-LR,BUN,15.03,CMP,mg/dL
EOB,03:07,B-LR 13,B-LR,AMY,215,CMP,U/L
EOB,03:07,B-LR 13,B-LR,TG,482.1,CMP,mg/dL
EOB,03:07,B-LR 13,B-LR,GLU,155.87,CMP,mg/dL
EOB,03:07,B-LR 13,B-LR,GGT,6,CMP,U/L
EOB,03:07,B-LR 13,B-LR,CKHR_time,11,TEG 5000,min
EOB,03:07,B-LR 13,B-LR,CKH_K,1.7,TEG 5000,min
EOB,03:07,B-LR 13,B-LR,CKH_angle,67.7,TEG 5000,degree
EOB,03:07,B-LR 13,B-LR,CKH_MA,63.7,TEG 5000,mm
EOB,03:07,B-LR 13,B-LR,APTT,18.7,Coag Panel,sec
EOB,03:07,B-LR 13,B-LR,Fib,0.54,Coag Panel,g/L
24HR,10:57,B-LR 13,B-LR,MAP,51,MAP,mmHg
24HR,10:57,B-LR 13,B-LR,bpm,298,Heart rate,bpm
24HR,10:57,B-LR 13,B-LR,RBC,1.84,CBC,M/mL
24HR,10:57,B-LR 13,B-LR,Hb,4.1,CBC,mg/dL
24HR,10:57,B-LR 13,B-LR,HCT,11,CBC,mmHg
24HR,10:57,B-LR 13,B-LR,PLT,192,CBC,10^3/uL
24HR,10:57,B-LR 13,B-LR,WBC,4.5,CBC,10^3/uL
24HR,10:57,B-LR 13,B-LR,X._Free_Hb,0,% Free Hb,%
24HR,10:57,B-LR 13,B-LR,LAC,4.8,ABG,mmol/L
24HR,10:57,B-LR 13,B-LR,pH,7.515,ABG,value
24HR,10:57,B-LR 13,B-LR,pCO2,29,ABG,mmHg
24HR,10:57,B-LR 13,B-LR,pO2,95.6,ABG,mmHg
24HR,10:57,B-LR 13,B-LR,AST,431,CMP,U/L
24HR,10:57,B-LR 13,B-LR,ALT,180,CMP,U/L
24HR,10:57,B-LR 13,B-LR,LDH,915,CMP,U/L
24HR,10:57,B-LR 13,B-LR,CREA,0.3,CMP,mg/dL
24HR,10:57,B-LR 13,B-LR,BUN,25.98,CMP,mg/dL
24HR,10:57,B-LR 13,B-LR,AMY,272,CMP,U/L
24HR,10:57,B-LR 13,B-LR,TG,609,CMP,mg/dL
24HR,10:57,B-LR 13,B-LR,GLU,166.43,CMP,mg/dL
24HR,10:57,B-LR 13,B-LR,GGT,8,CMP,U/L
24HR,10:57,B-LR 13,B-LR,CKHR_time,7.7,TEG 5000,min
24HR,10:57,B-LR 13,B-LR,CKH_K,2.3,TEG 5000,min
24HR,10:57,B-LR 13,B-LR,CKH_angle,66.2,TEG 5000,degree
24HR,10:57,B-LR 13,B-LR,CKH_MA,72.6,TEG 5000,mm
24HR,10:57,B-LR 13,B-LR,APTT,121.3,Coag Panel,sec
24HR,10:57,B-LR 13,B-LR,PT,9.2,Coag Panel,sec
24HR,10:57,B-LR 13,B-LR,TT,17,Coag Panel,sec
24HR,10:57,B-LR 13,B-LR,Fib,3.09,Coag Panel,g/L
48HR,10:57,B-LR 13,B-LR,MAP,55,MAP,mmHg
48HR,10:57,B-LR 13,B-LR,bpm,286,Heart rate,bpm
48HR,10:57,B-LR 13,B-LR,RBC,1.82,CBC,M/mL
48HR,10:57,B-LR 13,B-LR,Hb,4.1,CBC,mg/dL
48HR,10:57,B-LR 13,B-LR,HCT,11.3,CBC,mmHg
48HR,10:57,B-LR 13,B-LR,PLT,268,CBC,10^3/uL
48HR,10:57,B-LR 13,B-LR,WBC,5.1,CBC,10^3/uL
48HR,10:57,B-LR 13,B-LR,X._Free_Hb,0,% Free Hb,%
48HR,10:57,B-LR 13,B-LR,LAC,5.4,ABG,mmol/L
48HR,10:57,B-LR 13,B-LR,pH,7.491,ABG,value
48HR,10:57,B-LR 13,B-LR,pCO2,30.1,ABG,mmHg
48HR,10:57,B-LR 13,B-LR,pO2,96.5,ABG,mmHg
48HR,10:57,B-LR 13,B-LR,AST,473,CMP,U/L
48HR,10:57,B-LR 13,B-LR,ALT,320,CMP,U/L
48HR,10:57,B-LR 13,B-LR,LDH,525,CMP,U/L
48HR,10:57,B-LR 13,B-LR,CREA,0.1,CMP,mg/dL
48HR,10:57,B-LR 13,B-LR,BUN,62.36,CMP,mg/dL
48HR,10:57,B-LR 13,B-LR,AMY,404,CMP,U/L
48HR,10:57,B-LR 13,B-LR,TG,609,CMP,mg/dL
48HR,10:57,B-LR 13,B-LR,GLU,224.93,CMP,mg/dL
48HR,10:57,B-LR 13,B-LR,GGT,8,CMP,U/L
48HR,10:57,B-LR 13,B-LR,CKHR_time,16.9,TEG 5000,min
48HR,10:57,B-LR 13,B-LR,APTT,140.4,Coag Panel,sec
48HR,10:57,B-LR 13,B-LR,PT,9.7,Coag Panel,sec
48HR,10:57,B-LR 13,B-LR,TT,19.7,Coag Panel,sec
48HR,10:57,B-LR 13,B-LR,Fib,4.95,Coag Panel,g/L
Baseline,NA,B-LR 14,B-LR,MAP,79,MAP,mmHg
Baseline,NA,B-LR 14,B-LR,bpm,291,Heart rate,bpm
Baseline,NA,B-LR 14,B-LR,RBC,5.93,CBC,M/mL
Baseline,NA,B-LR 14,B-LR,Hb,12.8,CBC,mg/dL
Baseline,NA,B-LR 14,B-LR,HCT,38.7,CBC,mmHg
Baseline,NA,B-LR 14,B-LR,PLT,234,CBC,10^3/uL
Baseline,NA,B-LR 14,B-LR,WBC,8.6,CBC,10^3/uL
Baseline,NA,B-LR 14,B-LR,X._Free_Hb,0,% Free Hb,%
Baseline,NA,B-LR 14,B-LR,LAC,1.7,ABG,mmol/L
Baseline,NA,B-LR 14,B-LR,pH,7.715,ABG,value
Baseline,NA,B-LR 14,B-LR,pCO2,17,ABG,mmHg
Baseline,NA,B-LR 14,B-LR,pO2,222,ABG,mmHg
Baseline,NA,B-LR 14,B-LR,AST,21,CMP,U/L
Baseline,NA,B-LR 14,B-LR,ALT,44,CMP,U/L
Baseline,NA,B-LR 14,B-LR,LDH,46,CMP,U/L
Baseline,NA,B-LR 14,B-LR,CREA,0.4,CMP,mg/dL
Baseline,NA,B-LR 14,B-LR,BUN,11,CMP,mg/dL
Baseline,NA,B-LR 14,B-LR,AMY,258,CMP,U/L
Baseline,NA,B-LR 14,B-LR,TG,113.61,CMP,mg/dL
Baseline,NA,B-LR 14,B-LR,GLU,146.47,CMP,mg/dL
Baseline,NA,B-LR 14,B-LR,GGT,13,CMP,U/L
Baseline,NA,B-LR 14,B-LR,CKHR_time,8.7,TEG 5000,min
Baseline,NA,B-LR 14,B-LR,CKH_K,2.7,TEG 5000,min
Baseline,NA,B-LR 14,B-LR,CKH_angle,59.1,TEG 5000,degree
Baseline,NA,B-LR 14,B-LR,CKH_MA,65.2,TEG 5000,mm
Baseline,NA,B-LR 14,B-LR,APTT,141.9,Coag Panel,sec
Baseline,NA,B-LR 14,B-LR,PT,11.2,Coag Panel,sec
Baseline,NA,B-LR 14,B-LR,TT,25.6,Coag Panel,sec
Baseline,NA,B-LR 14,B-LR,Fib,3.36,Coag Panel,g/L
EOS,NA,B-LR 14,B-LR,MAP,45,MAP,mmHg
EOS,NA,B-LR 14,B-LR,bpm,236,Heart rate,bpm
EOS,NA,B-LR 14,B-LR,RBC,4.18,CBC,M/mL
EOS,NA,B-LR 14,B-LR,Hb,9,CBC,mg/dL
EOS,NA,B-LR 14,B-LR,HCT,27,CBC,mmHg
EOS,NA,B-LR 14,B-LR,PLT,199,CBC,10^3/uL
EOS,NA,B-LR 14,B-LR,X._Free_Hb,0,% Free Hb,%
EOS,NA,B-LR 14,B-LR,LAC,5.8,ABG,mmol/L
EOR,NA,B-LR 14,B-LR,MAP,65,MAP,mmHg
EOR,NA,B-LR 14,B-LR,bpm,260,Heart rate,bpm
EOR,NA,B-LR 14,B-LR,RBC,3.54,CBC,M/mL
EOR,NA,B-LR 14,B-LR,Hb,7.6,CBC,mg/dL
EOR,NA,B-LR 14,B-LR,HCT,22.9,CBC,mmHg
EOR,NA,B-LR 14,B-LR,PLT,177,CBC,10^3/uL
EOR,NA,B-LR 14,B-LR,WBC,5.8,CBC,10^3/uL
EOR,NA,B-LR 14,B-LR,X._Free_Hb,0,% Free Hb,%
EOR,NA,B-LR 14,B-LR,LAC,9.4,ABG,mmol/L
EOR,NA,B-LR 14,B-LR,AST,22,CMP,U/L
EOR,NA,B-LR 14,B-LR,ALT,28,CMP,U/L
EOR,NA,B-LR 14,B-LR,LDH,52,CMP,U/L
EOR,NA,B-LR 14,B-LR,CREA,0.7,CMP,mg/dL
EOR,NA,B-LR 14,B-LR,BUN,15.36,CMP,mg/dL
EOR,NA,B-LR 14,B-LR,AMY,209,CMP,U/L
EOR,NA,B-LR 14,B-LR,TG,114.81,CMP,mg/dL
EOR,NA,B-LR 14,B-LR,GLU,265.91,CMP,mg/dL
EOR,NA,B-LR 14,B-LR,GGT,8,CMP,U/L
EOR,NA,B-LR 14,B-LR,CKHR_time,6.8,TEG 5000,min
EOR,NA,B-LR 14,B-LR,CKH_K,1.7,TEG 5000,min
EOR,NA,B-LR 14,B-LR,CKH_angle,68.2,TEG 5000,degree
EOR,NA,B-LR 14,B-LR,CKH_MA,55.7,TEG 5000,mm
EOR,NA,B-LR 14,B-LR,APTT,134.6,Coag Panel,sec
EOR,NA,B-LR 14,B-LR,PT,12.4,Coag Panel,sec
EOR,NA,B-LR 14,B-LR,TT,17.3,Coag Panel,sec
EOR,NA,B-LR 14,B-LR,Fib,1.6,Coag Panel,g/L
10%,NA,B-LR 14,B-LR,MAP,56,MAP,mmHg
10%,NA,B-LR 14,B-LR,bpm,272,Heart rate,bpm
10%,NA,B-LR 14,B-LR,WBC,7.3,CBC,10^3/uL
10%,NA,B-LR 14,B-LR,LAC,7.1,ABG,mmol/L
7.5%,NA,B-LR 14,B-LR,MAP,47,MAP,mmHg
7.5%,NA,B-LR 14,B-LR,bpm,237,Heart rate,bpm
7.5%,NA,B-LR 14,B-LR,LAC,7.8,ABG,mmol/L
7.5%,NA,B-LR 14,B-LR,pH,7.357,ABG,value
7.5%,NA,B-LR 14,B-LR,pCO2,38.8,ABG,mmHg
7.5%,NA,B-LR 14,B-LR,pO2,105,ABG,mmHg
5%,NA,B-LR 14,B-LR,MAP,81,MAP,mmHg
5%,NA,B-LR 14,B-LR,LAC,7.4,ABG,mmol/L
5%,NA,B-LR 14,B-LR,pH,7.411,ABG,value
5%,NA,B-LR 14,B-LR,pCO2,37.8,ABG,mmHg
5%,NA,B-LR 14,B-LR,pO2,101,ABG,mmHg
2.5%,13:23,B-LR 14,B-LR,MAP,93,MAP,mmHg
2.5%,13:23,B-LR 14,B-LR,bpm,284,Heart rate,bpm
2.5%,13:23,B-LR 14,B-LR,LAC,4.1,ABG,mmol/L
2.5%,13:23,B-LR 14,B-LR,pH,7.454,ABG,value
2.5%,13:23,B-LR 14,B-LR,pCO2,33.9,ABG,mmHg
2.5%,13:23,B-LR 14,B-LR,pO2,106,ABG,mmHg
EOB,NA,B-LR 14,B-LR,MAP,89,MAP,mmHg
EOB,NA,B-LR 14,B-LR,bpm,253,Heart rate,bpm
EOB,NA,B-LR 14,B-LR,RBC,3.66,CBC,M/mL
EOB,NA,B-LR 14,B-LR,Hb,7.9,CBC,mg/dL
EOB,NA,B-LR 14,B-LR,HCT,23.9,CBC,mmHg
EOB,NA,B-LR 14,B-LR,PLT,210,CBC,10^3/uL
EOB,NA,B-LR 14,B-LR,X._Free_Hb,0,% Free Hb,%
EOB,NA,B-LR 14,B-LR,LAC,4.7,ABG,mmol/L
EOB,NA,B-LR 14,B-LR,pH,7.485,ABG,value
EOB,NA,B-LR 14,B-LR,pCO2,33.1,ABG,mmHg
EOB,NA,B-LR 14,B-LR,pO2,98.9,ABG,mmHg
EOB,NA,B-LR 14,B-LR,AST,126,CMP,U/L
EOB,NA,B-LR 14,B-LR,ALT,62,CMP,U/L
EOB,NA,B-LR 14,B-LR,LDH,441,CMP,U/L
EOB,NA,B-LR 14,B-LR,CREA,0.1,CMP,mg/dL
EOB,NA,B-LR 14,B-LR,BUN,25.06,CMP,mg/dL
EOB,NA,B-LR 14,B-LR,AMY,245,CMP,U/L
EOB,NA,B-LR 14,B-LR,TG,227.29,CMP,mg/dL
EOB,NA,B-LR 14,B-LR,GLU,268.93,CMP,mg/dL
EOB,NA,B-LR 14,B-LR,GGT,8,CMP,U/L
EOB,NA,B-LR 14,B-LR,CKHR_time,7.7,TEG 5000,min
EOB,NA,B-LR 14,B-LR,CKH_K,2.4,TEG 5000,min
EOB,NA,B-LR 14,B-LR,CKH_angle,63.7,TEG 5000,degree
EOB,NA,B-LR 14,B-LR,CKH_MA,66.3,TEG 5000,mm
EOB,NA,B-LR 14,B-LR,APTT,138.4,Coag Panel,sec
EOB,NA,B-LR 14,B-LR,PT,13.8,Coag Panel,sec
EOB,NA,B-LR 14,B-LR,TT,20.6,Coag Panel,sec
EOB,NA,B-LR 14,B-LR,Fib,2.63,Coag Panel,g/L
24HR,NA,B-LR 14,B-LR,MAP,75,MAP,mmHg
24HR,NA,B-LR 14,B-LR,bpm,175,Heart rate,bpm
24HR,NA,B-LR 14,B-LR,RBC,3.2,CBC,M/mL
24HR,NA,B-LR 14,B-LR,Hb,6.9,CBC,mg/dL
24HR,NA,B-LR 14,B-LR,HCT,20.3,CBC,mmHg
24HR,NA,B-LR 14,B-LR,PLT,222,CBC,10^3/uL
24HR,NA,B-LR 14,B-LR,WBC,8,CBC,10^3/uL
24HR,NA,B-LR 14,B-LR,X._Free_Hb,0,% Free Hb,%
24HR,NA,B-LR 14,B-LR,LAC,1.7,ABG,mmol/L
24HR,NA,B-LR 14,B-LR,pH,7.472,ABG,value
24HR,NA,B-LR 14,B-LR,pCO2,33.3,ABG,mmHg
24HR,NA,B-LR 14,B-LR,pO2,90.1,ABG,mmHg
24HR,NA,B-LR 14,B-LR,AST,555,CMP,U/L
24HR,NA,B-LR 14,B-LR,ALT,223,CMP,U/L
24HR,NA,B-LR 14,B-LR,LDH,388,CMP,U/L
24HR,NA,B-LR 14,B-LR,CREA,0.4,CMP,mg/dL
24HR,NA,B-LR 14,B-LR,BUN,21.92,CMP,mg/dL
24HR,NA,B-LR 14,B-LR,AMY,328,CMP,U/L
24HR,NA,B-LR 14,B-LR,TG,505.09,CMP,mg/dL
24HR,NA,B-LR 14,B-LR,GLU,176.76,CMP,mg/dL
24HR,NA,B-LR 14,B-LR,GGT,8,CMP,U/L
24HR,NA,B-LR 14,B-LR,CKHR_time,6.7,TEG 5000,min
24HR,NA,B-LR 14,B-LR,CKH_K,1.2,TEG 5000,min
24HR,NA,B-LR 14,B-LR,CKH_angle,76.9,TEG 5000,degree
24HR,NA,B-LR 14,B-LR,CKH_MA,75,TEG 5000,mm
24HR,NA,B-LR 14,B-LR,APTT,116.6,Coag Panel,sec
24HR,NA,B-LR 14,B-LR,PT,9.1,Coag Panel,sec
24HR,NA,B-LR 14,B-LR,TT,21.5,Coag Panel,sec
24HR,NA,B-LR 14,B-LR,Fib,3.76,Coag Panel,g/L
48HR,NA,B-LR 14,B-LR,MAP,93,MAP,mmHg
48HR,NA,B-LR 14,B-LR,bpm,271,Heart rate,bpm
48HR,NA,B-LR 14,B-LR,RBC,3.03,CBC,M/mL
48HR,NA,B-LR 14,B-LR,Hb,6.6,CBC,mg/dL
48HR,NA,B-LR 14,B-LR,HCT,19.8,CBC,mmHg
48HR,NA,B-LR 14,B-LR,PLT,377,CBC,10^3/uL
48HR,NA,B-LR 14,B-LR,WBC,5.4,CBC,10^3/uL
48HR,NA,B-LR 14,B-LR,X._Free_Hb,0,% Free Hb,%
48HR,NA,B-LR 14,B-LR,LAC,1.7,ABG,mmol/L
48HR,NA,B-LR 14,B-LR,pH,7.498,ABG,value
48HR,NA,B-LR 14,B-LR,pCO2,32.3,ABG,mmHg
48HR,NA,B-LR 14,B-LR,pO2,92.4,ABG,mmHg
48HR,NA,B-LR 14,B-LR,AST,6,CMP,U/L
48HR,NA,B-LR 14,B-LR,ALT,261,CMP,U/L
48HR,NA,B-LR 14,B-LR,LDH,269,CMP,U/L
48HR,NA,B-LR 14,B-LR,CREA,0.3,CMP,mg/dL
48HR,NA,B-LR 14,B-LR,BUN,18.82,CMP,mg/dL
48HR,NA,B-LR 14,B-LR,AMY,473,CMP,U/L
48HR,NA,B-LR 14,B-LR,TG,377.97,CMP,mg/dL
48HR,NA,B-LR 14,B-LR,GLU,132.72,CMP,mg/dL
48HR,NA,B-LR 14,B-LR,GGT,6,CMP,U/L
48HR,NA,B-LR 14,B-LR,CKHR_time,5.2,TEG 5000,min
48HR,NA,B-LR 14,B-LR,CKH_K,1.4,TEG 5000,min
48HR,NA,B-LR 14,B-LR,CKH_angle,75,TEG 5000,degree
48HR,NA,B-LR 14,B-LR,APTT,137.5,Coag Panel,sec
48HR,NA,B-LR 14,B-LR,PT,8.2,Coag Panel,sec
48HR,NA,B-LR 14,B-LR,TT,24.4,Coag Panel,sec
48HR,NA,B-LR 14,B-LR,Fib,4.82,Coag Panel,g/L
Baseline,NA,B-LR 15,B-LR,MAP,81,MAP,mmHg
Baseline,NA,B-LR 15,B-LR,bpm,219,Heart rate,bpm
Baseline,NA,B-LR 15,B-LR,RBC,6.17,CBC,M/mL
Baseline,NA,B-LR 15,B-LR,Hb,12.4,CBC,mg/dL
Baseline,NA,B-LR 15,B-LR,HCT,39,CBC,mmHg
Baseline,NA,B-LR 15,B-LR,PLT,245,CBC,10^3/uL
Baseline,NA,B-LR 15,B-LR,X._Free_Hb,0,% Free Hb,%
Baseline,NA,B-LR 15,B-LR,LAC,2,ABG,mmol/L
Baseline,NA,B-LR 15,B-LR,pH,7.448,ABG,value
Baseline,NA,B-LR 15,B-LR,pCO2,41.1,ABG,mmHg
Baseline,NA,B-LR 15,B-LR,pO2,71.9,ABG,mmHg
Baseline,NA,B-LR 15,B-LR,AST,29,CMP,U/L
Baseline,NA,B-LR 15,B-LR,ALT,33,CMP,U/L
Baseline,NA,B-LR 15,B-LR,LDH,259,CMP,U/L
Baseline,NA,B-LR 15,B-LR,CREA,0.5,CMP,mg/dL
Baseline,NA,B-LR 15,B-LR,BUN,12.38,CMP,mg/dL
Baseline,NA,B-LR 15,B-LR,AMY,220,CMP,U/L
Baseline,NA,B-LR 15,B-LR,TG,79.72,CMP,mg/dL
Baseline,NA,B-LR 15,B-LR,GLU,187.54,CMP,mg/dL
Baseline,NA,B-LR 15,B-LR,GGT,2,CMP,U/L
Baseline,NA,B-LR 15,B-LR,CKHR_time,10.5,TEG 5000,min
Baseline,NA,B-LR 15,B-LR,APTT,141.4,Coag Panel,sec
Baseline,NA,B-LR 15,B-LR,PT,21.9,Coag Panel,sec
Baseline,NA,B-LR 15,B-LR,Fib,1.95,Coag Panel,g/L
EOS,NA,B-LR 15,B-LR,MAP,45,MAP,mmHg
EOS,NA,B-LR 15,B-LR,bpm,208,Heart rate,bpm
EOS,NA,B-LR 15,B-LR,WBC,7.3,CBC,10^3/uL
EOS,NA,B-LR 15,B-LR,LAC,4.7,ABG,mmol/L
EOS,NA,B-LR 15,B-LR,pH,7.382,ABG,value
EOS,NA,B-LR 15,B-LR,pCO2,48.9,ABG,mmHg
EOS,NA,B-LR 15,B-LR,pO2,93.4,ABG,mmHg
EOR,NA,B-LR 15,B-LR,MAP,69,MAP,mmHg
EOR,NA,B-LR 15,B-LR,bpm,216,Heart rate,bpm
EOR,NA,B-LR 15,B-LR,RBC,3.24,CBC,M/mL
EOR,NA,B-LR 15,B-LR,Hb,6.6,CBC,mg/dL
EOR,NA,B-LR 15,B-LR,HCT,20.3,CBC,mmHg
EOR,NA,B-LR 15,B-LR,PLT,196,CBC,10^3/uL
EOR,NA,B-LR 15,B-LR,WBC,8.2,CBC,10^3/uL
EOR,NA,B-LR 15,B-LR,X._Free_Hb,0,% Free Hb,%
EOR,NA,B-LR 15,B-LR,LAC,11.6,ABG,mmol/L
EOR,NA,B-LR 15,B-LR,pH,7.25,ABG,value
EOR,NA,B-LR 15,B-LR,pCO2,53.9,ABG,mmHg
EOR,NA,B-LR 15,B-LR,pO2,89.5,ABG,mmHg
EOR,NA,B-LR 15,B-LR,AST,62,CMP,U/L
EOR,NA,B-LR 15,B-LR,ALT,41,CMP,U/L
EOR,NA,B-LR 15,B-LR,LDH,227,CMP,U/L
EOR,NA,B-LR 15,B-LR,CREA,0.9,CMP,mg/dL
EOR,NA,B-LR 15,B-LR,BUN,20.37,CMP,mg/dL
EOR,NA,B-LR 15,B-LR,AMY,203,CMP,U/L
EOR,NA,B-LR 15,B-LR,TG,108.27,CMP,mg/dL
EOR,NA,B-LR 15,B-LR,GLU,240.93,CMP,mg/dL
EOR,NA,B-LR 15,B-LR,GGT,5,CMP,U/L
EOR,NA,B-LR 15,B-LR,CKHR_time,7.7,TEG 5000,min
EOR,NA,B-LR 15,B-LR,APTT,130.8,Coag Panel,sec
EOR,NA,B-LR 15,B-LR,PT,16.2,Coag Panel,sec
EOR,NA,B-LR 15,B-LR,TT,20.2,Coag Panel,sec
EOR,NA,B-LR 15,B-LR,Fib,1.34,Coag Panel,g/L
10%,NA,B-LR 15,B-LR,MAP,45,MAP,mmHg
10%,NA,B-LR 15,B-LR,bpm,219,Heart rate,bpm
10%,NA,B-LR 15,B-LR,LAC,2.4,ABG,mmol/L
10%,NA,B-LR 15,B-LR,pH,7.472,ABG,value
10%,NA,B-LR 15,B-LR,pCO2,39.3,ABG,mmHg
10%,NA,B-LR 15,B-LR,pO2,95.4,ABG,mmHg
7.5%,NA,B-LR 15,B-LR,MAP,89,MAP,mmHg
7.5%,NA,B-LR 15,B-LR,bpm,270,Heart rate,bpm
7.5%,NA,B-LR 15,B-LR,LAC,4.8,ABG,mmol/L
7.5%,NA,B-LR 15,B-LR,pH,7.445,ABG,value
7.5%,NA,B-LR 15,B-LR,pCO2,40.4,ABG,mmHg
7.5%,NA,B-LR 15,B-LR,pO2,84.6,ABG,mmHg
5%,NA,B-LR 15,B-LR,MAP,72,MAP,mmHg
5%,NA,B-LR 15,B-LR,bpm,212,Heart rate,bpm
5%,NA,B-LR 15,B-LR,LAC,3.5,ABG,mmol/L
5%,NA,B-LR 15,B-LR,pH,7.462,ABG,value
5%,NA,B-LR 15,B-LR,pCO2,36.9,ABG,mmHg
5%,NA,B-LR 15,B-LR,pO2,92,ABG,mmHg
2.5%,NA,B-LR 15,B-LR,MAP,83,MAP,mmHg
2.5%,NA,B-LR 15,B-LR,bpm,290,Heart rate,bpm
2.5%,NA,B-LR 15,B-LR,LAC,5.5,ABG,mmol/L
2.5%,NA,B-LR 15,B-LR,pH,7.471,ABG,value
2.5%,NA,B-LR 15,B-LR,pCO2,34.3,ABG,mmHg
2.5%,NA,B-LR 15,B-LR,pO2,99.5,ABG,mmHg
EOB,13:30,B-LR 15,B-LR,MAP,77,MAP,mmHg
EOB,13:30,B-LR 15,B-LR,bpm,173,Heart rate,bpm
EOB,13:30,B-LR 15,B-LR,RBC,2.22,CBC,M/mL
EOB,13:30,B-LR 15,B-LR,Hb,4.7,CBC,mg/dL
EOB,13:30,B-LR 15,B-LR,HCT,13.8,CBC,mmHg
EOB,13:30,B-LR 15,B-LR,PLT,162,CBC,10^3/uL
EOB,13:30,B-LR 15,B-LR,WBC,4.6,CBC,10^3/uL
EOB,13:30,B-LR 15,B-LR,X._Free_Hb,0,% Free Hb,%
EOB,13:30,B-LR 15,B-LR,LAC,6.6,ABG,mmol/L
EOB,13:30,B-LR 15,B-LR,AST,101,CMP,U/L
EOB,13:30,B-LR 15,B-LR,ALT,58,CMP,U/L
EOB,13:30,B-LR 15,B-LR,LDH,295,CMP,U/L
EOB,13:30,B-LR 15,B-LR,CREA,1.1,CMP,mg/dL
EOB,13:30,B-LR 15,B-LR,BUN,25.67,CMP,mg/dL
EOB,13:30,B-LR 15,B-LR,AMY,237,CMP,U/L
EOB,13:30,B-LR 15,B-LR,TG,164,CMP,mg/dL
EOB,13:30,B-LR 15,B-LR,GLU,223.29,CMP,mg/dL
EOB,13:30,B-LR 15,B-LR,GGT,4,CMP,U/L
EOB,13:30,B-LR 15,B-LR,CKHR_time,6.7,TEG 5000,min
EOB,13:30,B-LR 15,B-LR,APTT,117.7,Coag Panel,sec
EOB,13:30,B-LR 15,B-LR,PT,13.2,Coag Panel,sec
EOB,13:30,B-LR 15,B-LR,TT,13.6,Coag Panel,sec
EOB,13:30,B-LR 15,B-LR,Fib,1.59,Coag Panel,g/L
24HR,09:20,B-LR 15,B-LR,MAP,79,MAP,mmHg
24HR,09:20,B-LR 15,B-LR,bpm,181,Heart rate,bpm
24HR,09:20,B-LR 15,B-LR,RBC,2.11,CBC,M/mL
24HR,09:20,B-LR 15,B-LR,Hb,4.4,CBC,mg/dL
24HR,09:20,B-LR 15,B-LR,HCT,13,CBC,mmHg
24HR,09:20,B-LR 15,B-LR,PLT,277,CBC,10^3/uL
24HR,09:20,B-LR 15,B-LR,WBC,5.9,CBC,10^3/uL
24HR,09:20,B-LR 15,B-LR,X._Free_Hb,0,% Free Hb,%
24HR,09:20,B-LR 15,B-LR,LAC,1.8,ABG,mmol/L
24HR,09:20,B-LR 15,B-LR,pH,7.493,ABG,value
24HR,09:20,B-LR 15,B-LR,pCO2,30.9,ABG,mmHg
24HR,09:20,B-LR 15,B-LR,pO2,90.3,ABG,mmHg
24HR,09:20,B-LR 15,B-LR,AST,650,CMP,U/L
24HR,09:20,B-LR 15,B-LR,ALT,405,CMP,U/L
24HR,09:20,B-LR 15,B-LR,LDH,945,CMP,U/L
24HR,09:20,B-LR 15,B-LR,CREA,0.3,CMP,mg/dL
24HR,09:20,B-LR 15,B-LR,BUN,30.43,CMP,mg/dL
24HR,09:20,B-LR 15,B-LR,AMY,320,CMP,U/L
24HR,09:20,B-LR 15,B-LR,TG,609,CMP,mg/dL
24HR,09:20,B-LR 15,B-LR,GLU,181.32,CMP,mg/dL
24HR,09:20,B-LR 15,B-LR,GGT,7,CMP,U/L
24HR,09:20,B-LR 15,B-LR,CKHR_time,11.8,TEG 5000,min
24HR,09:20,B-LR 15,B-LR,APTT,140.2,Coag Panel,sec
24HR,09:20,B-LR 15,B-LR,PT,10.1,Coag Panel,sec
24HR,09:20,B-LR 15,B-LR,TT,25.8,Coag Panel,sec
24HR,09:20,B-LR 15,B-LR,Fib,2.66,Coag Panel,g/L
Baseline,08:10,B-LR 16,B-LR,MAP,86,MAP,mmHg
Baseline,08:10,B-LR 16,B-LR,bpm,257,Heart rate,bpm
Baseline,08:10,B-LR 16,B-LR,RBC,5.76,CBC,M/mL
Baseline,08:10,B-LR 16,B-LR,Hb,12.1,CBC,mg/dL
Baseline,08:10,B-LR 16,B-LR,HCT,36.9,CBC,mmHg
Baseline,08:10,B-LR 16,B-LR,PLT,250,CBC,10^3/uL
Baseline,08:10,B-LR 16,B-LR,X._Free_Hb,0,% Free Hb,%
Baseline,08:10,B-LR 16,B-LR,LAC,1.1,ABG,mmol/L
Baseline,08:10,B-LR 16,B-LR,pH,7.477,ABG,value
Baseline,08:10,B-LR 16,B-LR,pCO2,37.1,ABG,mmHg
Baseline,08:10,B-LR 16,B-LR,pO2,83.2,ABG,mmHg
Baseline,08:10,B-LR 16,B-LR,AST,28,CMP,U/L
Baseline,08:10,B-LR 16,B-LR,ALT,34,CMP,U/L
Baseline,08:10,B-LR 16,B-LR,LDH,280,CMP,U/L
Baseline,08:10,B-LR 16,B-LR,CREA,0.6,CMP,mg/dL
Baseline,08:10,B-LR 16,B-LR,BUN,9.84,CMP,mg/dL
Baseline,08:10,B-LR 16,B-LR,AMY,192,CMP,U/L
Baseline,08:10,B-LR 16,B-LR,TG,83.76,CMP,mg/dL
Baseline,08:10,B-LR 16,B-LR,GLU,284.65,CMP,mg/dL
Baseline,08:10,B-LR 16,B-LR,GGT,13,CMP,U/L
Baseline,08:10,B-LR 16,B-LR,CKHR_time,11.4,TEG 5000,min
Baseline,08:10,B-LR 16,B-LR,PT,19,Coag Panel,sec
Baseline,08:10,B-LR 16,B-LR,Fib,1.4,Coag Panel,g/L
EOS,10:26,B-LR 16,B-LR,MAP,36,MAP,mmHg
EOS,10:26,B-LR 16,B-LR,bpm,282,Heart rate,bpm
EOS,10:26,B-LR 16,B-LR,RBC,3.87,CBC,M/mL
EOS,10:26,B-LR 16,B-LR,Hb,8.1,CBC,mg/dL
EOS,10:26,B-LR 16,B-LR,HCT,24.8,CBC,mmHg
EOS,10:26,B-LR 16,B-LR,PLT,250,CBC,10^3/uL
EOS,10:26,B-LR 16,B-LR,WBC,5,CBC,10^3/uL
EOS,10:26,B-LR 16,B-LR,X._Free_Hb,0,% Free Hb,%
EOS,10:26,B-LR 16,B-LR,LAC,7.8,ABG,mmol/L
EOS,10:26,B-LR 16,B-LR,pH,7.436,ABG,value
EOS,10:26,B-LR 16,B-LR,pCO2,36.3,ABG,mmHg
EOS,10:26,B-LR 16,B-LR,pO2,220,ABG,mmHg
EOR,10:30,B-LR 16,B-LR,MAP,40,MAP,mmHg
EOR,10:30,B-LR 16,B-LR,bpm,259,Heart rate,bpm
EOR,10:30,B-LR 16,B-LR,RBC,2.82,CBC,M/mL
EOR,10:30,B-LR 16,B-LR,Hb,6,CBC,mg/dL
EOR,10:30,B-LR 16,B-LR,HCT,17.9,CBC,mmHg
EOR,10:30,B-LR 16,B-LR,PLT,297,CBC,10^3/uL
EOR,10:30,B-LR 16,B-LR,WBC,4.5,CBC,10^3/uL
EOR,10:30,B-LR 16,B-LR,X._Free_Hb,0,% Free Hb,%
EOR,10:30,B-LR 16,B-LR,LAC,8.8,ABG,mmol/L
EOR,10:30,B-LR 16,B-LR,pH,7.503,ABG,value
EOR,10:30,B-LR 16,B-LR,pCO2,27.2,ABG,mmHg
EOR,10:30,B-LR 16,B-LR,pO2,199,ABG,mmHg
EOR,10:30,B-LR 16,B-LR,AST,57,CMP,U/L
EOR,10:30,B-LR 16,B-LR,ALT,38,CMP,U/L
EOR,10:30,B-LR 16,B-LR,LDH,167,CMP,U/L
EOR,10:30,B-LR 16,B-LR,CREA,0.9,CMP,mg/dL
EOR,10:30,B-LR 16,B-LR,BUN,18.14,CMP,mg/dL
EOR,10:30,B-LR 16,B-LR,AMY,148,CMP,U/L
EOR,10:30,B-LR 16,B-LR,TG,83.31,CMP,mg/dL
EOR,10:30,B-LR 16,B-LR,GLU,313.95,CMP,mg/dL
EOR,10:30,B-LR 16,B-LR,GGT,5,CMP,U/L
EOR,10:30,B-LR 16,B-LR,CKHR_time,9.6,TEG 5000,min
EOR,10:30,B-LR 16,B-LR,APTT,9.3,Coag Panel,sec
EOR,10:30,B-LR 16,B-LR,PT,32.5,Coag Panel,sec
EOR,10:30,B-LR 16,B-LR,Fib,1.35,Coag Panel,g/L
10%,11:30,B-LR 16,B-LR,bpm,179,Heart rate,bpm
10%,11:30,B-LR 16,B-LR,LAC,5.8,ABG,mmol/L
10%,11:30,B-LR 16,B-LR,pH,7.471,ABG,value
10%,11:30,B-LR 16,B-LR,pCO2,39.3,ABG,mmHg
10%,11:30,B-LR 16,B-LR,pO2,107,ABG,mmHg
7.5%,12:30,B-LR 16,B-LR,bpm,277,Heart rate,bpm
7.5%,12:30,B-LR 16,B-LR,LAC,5.5,ABG,mmol/L
7.5%,12:30,B-LR 16,B-LR,pH,7.482,ABG,value
7.5%,12:30,B-LR 16,B-LR,pCO2,34.7,ABG,mmHg
7.5%,12:30,B-LR 16,B-LR,pO2,106,ABG,mmHg
5%,NA,B-LR 16,B-LR,bpm,265,Heart rate,bpm
5%,NA,B-LR 16,B-LR,LAC,9.4,ABG,mmol/L
5%,NA,B-LR 16,B-LR,pH,7.415,ABG,value
5%,NA,B-LR 16,B-LR,pCO2,36,ABG,mmHg
5%,NA,B-LR 16,B-LR,pO2,118,ABG,mmHg
2.5%,14:36,B-LR 16,B-LR,bpm,212,Heart rate,bpm
2.5%,14:36,B-LR 16,B-LR,RBC,2,CBC,M/mL
2.5%,14:36,B-LR 16,B-LR,Hb,4.4,CBC,mg/dL
2.5%,14:36,B-LR 16,B-LR,HCT,12.7,CBC,mmHg
2.5%,14:36,B-LR 16,B-LR,PLT,187,CBC,10^3/uL
2.5%,14:36,B-LR 16,B-LR,X._Free_Hb,0,% Free Hb,%
2.5%,14:36,B-LR 16,B-LR,LAC,8.3,ABG,mmol/L
2.5%,14:36,B-LR 16,B-LR,pH,7.463,ABG,value
2.5%,14:36,B-LR 16,B-LR,pCO2,33.5,ABG,mmHg
2.5%,14:36,B-LR 16,B-LR,pO2,111,ABG,mmHg
EOB,14:46,B-LR 16,B-LR,MAP,73,MAP,mmHg
EOB,14:46,B-LR 16,B-LR,bpm,192,Heart rate,bpm
EOB,14:46,B-LR 16,B-LR,RBC,1.85,CBC,M/mL
EOB,14:46,B-LR 16,B-LR,Hb,4.1,CBC,mg/dL
EOB,14:46,B-LR 16,B-LR,HCT,11.7,CBC,mmHg
EOB,14:46,B-LR 16,B-LR,PLT,376,CBC,10^3/uL
EOB,14:46,B-LR 16,B-LR,WBC,4.3,CBC,10^3/uL
EOB,14:46,B-LR 16,B-LR,X._Free_Hb,0,% Free Hb,%
EOB,14:46,B-LR 16,B-LR,LAC,8.4,ABG,mmol/L
EOB,14:46,B-LR 16,B-LR,pH,7.483,ABG,value
EOB,14:46,B-LR 16,B-LR,pCO2,31.4,ABG,mmHg
EOB,14:46,B-LR 16,B-LR,pO2,126,ABG,mmHg
EOB,14:46,B-LR 16,B-LR,AST,90,CMP,U/L
EOB,14:46,B-LR 16,B-LR,ALT,57,CMP,U/L
EOB,14:46,B-LR 16,B-LR,LDH,167,CMP,U/L
EOB,14:46,B-LR 16,B-LR,CREA,0.4,CMP,mg/dL
EOB,14:46,B-LR 16,B-LR,BUN,23.97,CMP,mg/dL
EOB,14:46,B-LR 16,B-LR,AMY,221,CMP,U/L
EOB,14:46,B-LR 16,B-LR,TG,225.61,CMP,mg/dL
EOB,14:46,B-LR 16,B-LR,GLU,234.74,CMP,mg/dL
EOB,14:46,B-LR 16,B-LR,GGT,8,CMP,U/L
EOB,14:46,B-LR 16,B-LR,APTT,115.8,Coag Panel,sec
EOB,14:46,B-LR 16,B-LR,PT,13.7,Coag Panel,sec
EOB,14:46,B-LR 16,B-LR,TT,13.7,Coag Panel,sec
EOB,14:46,B-LR 16,B-LR,Fib,1.27,Coag Panel,g/L
24HR,10:30,B-LR 16,B-LR,MAP,64,MAP,mmHg
24HR,10:30,B-LR 16,B-LR,bpm,265,Heart rate,bpm
24HR,10:30,B-LR 16,B-LR,WBC,7,CBC,10^3/uL
24HR,10:30,B-LR 16,B-LR,LAC,4.5,ABG,mmol/L
24HR,10:30,B-LR 16,B-LR,pH,7.542,ABG,value
24HR,10:30,B-LR 16,B-LR,pCO2,30.5,ABG,mmHg
24HR,10:30,B-LR 16,B-LR,pO2,106,ABG,mmHg
24HR,10:30,B-LR 16,B-LR,AST,343,CMP,U/L
24HR,10:30,B-LR 16,B-LR,ALT,207,CMP,U/L
24HR,10:30,B-LR 16,B-LR,LDH,532,CMP,U/L
24HR,10:30,B-LR 16,B-LR,CREA,0.3,CMP,mg/dL
24HR,10:30,B-LR 16,B-LR,BUN,22.58,CMP,mg/dL
24HR,10:30,B-LR 16,B-LR,AMY,279,CMP,U/L
24HR,10:30,B-LR 16,B-LR,TG,609,CMP,mg/dL
24HR,10:30,B-LR 16,B-LR,GLU,161.53,CMP,mg/dL
24HR,10:30,B-LR 16,B-LR,GGT,9,CMP,U/L
24HR,10:30,B-LR 16,B-LR,CKHR_time,9.7,TEG 5000,min
24HR,10:30,B-LR 16,B-LR,CKH_K,3.7,TEG 5000,min
24HR,10:30,B-LR 16,B-LR,CKH_angle,50.9,TEG 5000,degree
24HR,10:30,B-LR 16,B-LR,CKH_MA,65,TEG 5000,mm
24HR,10:30,B-LR 16,B-LR,APTT,141.1,Coag Panel,sec
24HR,10:30,B-LR 16,B-LR,PT,6.8,Coag Panel,sec
24HR,10:30,B-LR 16,B-LR,TT,20.6,Coag Panel,sec
24HR,10:30,B-LR 16,B-LR,Fib,2.1,Coag Panel,g/L
Baseline,NA,B-LR 17,B-LR,bpm,258,Heart rate,bpm
Baseline,NA,B-LR 17,B-LR,RBC,5.4,CBC,M/mL
Baseline,NA,B-LR 17,B-LR,Hb,11.9,CBC,mg/dL
Baseline,NA,B-LR 17,B-LR,HCT,35.7,CBC,mmHg
Baseline,NA,B-LR 17,B-LR,PLT,298,CBC,10^3/uL
Baseline,NA,B-LR 17,B-LR,WBC,4.3,CBC,10^3/uL
Baseline,NA,B-LR 17,B-LR,X._Free_Hb,0,% Free Hb,%
Baseline,NA,B-LR 17,B-LR,LAC,1.2,ABG,mmol/L
Baseline,NA,B-LR 17,B-LR,pH,7.511,ABG,value
Baseline,NA,B-LR 17,B-LR,pCO2,35.6,ABG,mmHg
Baseline,NA,B-LR 17,B-LR,pO2,83.3,ABG,mmHg
Baseline,NA,B-LR 17,B-LR,AST,19,CMP,U/L
Baseline,NA,B-LR 17,B-LR,ALT,42,CMP,U/L
Baseline,NA,B-LR 17,B-LR,LDH,129,CMP,U/L
Baseline,NA,B-LR 17,B-LR,CREA,0.5,CMP,mg/dL
Baseline,NA,B-LR 17,B-LR,BUN,12.82,CMP,mg/dL
Baseline,NA,B-LR 17,B-LR,AMY,202,CMP,U/L
Baseline,NA,B-LR 17,B-LR,TG,117.93,CMP,mg/dL
Baseline,NA,B-LR 17,B-LR,GLU,170.93,CMP,mg/dL
Baseline,NA,B-LR 17,B-LR,GGT,10,CMP,U/L
Baseline,NA,B-LR 17,B-LR,CKHR_time,8.9,TEG 5000,min
Baseline,NA,B-LR 17,B-LR,CKH_K,1.7,TEG 5000,min
Baseline,NA,B-LR 17,B-LR,CKH_angle,69.8,TEG 5000,degree
Baseline,NA,B-LR 17,B-LR,CKH_MA,55.8,TEG 5000,mm
Baseline,NA,B-LR 17,B-LR,APTT,133.6,Coag Panel,sec
Baseline,NA,B-LR 17,B-LR,PT,15.5,Coag Panel,sec
Baseline,NA,B-LR 17,B-LR,TT,25.8,Coag Panel,sec
Baseline,NA,B-LR 17,B-LR,Fib,1.38,Coag Panel,g/L
EOS,NA,B-LR 17,B-LR,MAP,69,MAP,mmHg
EOS,NA,B-LR 17,B-LR,bpm,178,Heart rate,bpm
EOS,NA,B-LR 17,B-LR,RBC,3.41,CBC,M/mL
EOS,NA,B-LR 17,B-LR,Hb,7.7,CBC,mg/dL
EOS,NA,B-LR 17,B-LR,HCT,22.4,CBC,mmHg
EOS,NA,B-LR 17,B-LR,PLT,106,CBC,10^3/uL
EOS,NA,B-LR 17,B-LR,WBC,7,CBC,10^3/uL
EOS,NA,B-LR 17,B-LR,X._Free_Hb,0,% Free Hb,%
EOS,NA,B-LR 17,B-LR,LAC,5.1,ABG,mmol/L
EOS,NA,B-LR 17,B-LR,pH,7.45,ABG,value
EOS,NA,B-LR 17,B-LR,pCO2,33.1,ABG,mmHg
EOS,NA,B-LR 17,B-LR,pO2,98.2,ABG,mmHg
EOR,NA,B-LR 17,B-LR,MAP,79,MAP,mmHg
EOR,NA,B-LR 17,B-LR,bpm,291,Heart rate,bpm
EOR,NA,B-LR 17,B-LR,RBC,6.4,CBC,M/mL
EOR,NA,B-LR 17,B-LR,Hb,6.4,CBC,mg/dL
EOR,NA,B-LR 17,B-LR,HCT,18.7,CBC,mmHg
EOR,NA,B-LR 17,B-LR,PLT,159,CBC,10^3/uL
EOR,NA,B-LR 17,B-LR,WBC,6.6,CBC,10^3/uL
EOR,NA,B-LR 17,B-LR,X._Free_Hb,0,% Free Hb,%
EOR,NA,B-LR 17,B-LR,LAC,8.7,ABG,mmol/L
EOR,NA,B-LR 17,B-LR,pH,7.419,ABG,value
EOR,NA,B-LR 17,B-LR,pCO2,33.3,ABG,mmHg
EOR,NA,B-LR 17,B-LR,pO2,72.3,ABG,mmHg
EOR,NA,B-LR 17,B-LR,AST,97,CMP,U/L
EOR,NA,B-LR 17,B-LR,ALT,61,CMP,U/L
EOR,NA,B-LR 17,B-LR,LDH,264,CMP,U/L
EOR,NA,B-LR 17,B-LR,CREA,0.9,CMP,mg/dL
EOR,NA,B-LR 17,B-LR,BUN,16.46,CMP,mg/dL
EOR,NA,B-LR 17,B-LR,AMY,208,CMP,U/L
EOR,NA,B-LR 17,B-LR,TG,217.25,CMP,mg/dL
EOR,NA,B-LR 17,B-LR,GLU,193.97,CMP,mg/dL
EOR,NA,B-LR 17,B-LR,GGT,5,CMP,U/L
EOR,NA,B-LR 17,B-LR,CKHR_time,7.4,TEG 5000,min
EOR,NA,B-LR 17,B-LR,CKH_K,1.8,TEG 5000,min
EOR,NA,B-LR 17,B-LR,CKH_angle,67.4,TEG 5000,degree
EOR,NA,B-LR 17,B-LR,CKH_MA,60.1,TEG 5000,mm
EOR,NA,B-LR 17,B-LR,APTT,138.9,Coag Panel,sec
EOR,NA,B-LR 17,B-LR,PT,13.3,Coag Panel,sec
EOR,NA,B-LR 17,B-LR,TT,19.8,Coag Panel,sec
EOR,NA,B-LR 17,B-LR,Fib,1.93,Coag Panel,g/L
10%,NA,B-LR 17,B-LR,MAP,84,MAP,mmHg
10%,NA,B-LR 17,B-LR,bpm,176,Heart rate,bpm
10%,NA,B-LR 17,B-LR,WBC,5.3,CBC,10^3/uL
10%,NA,B-LR 17,B-LR,LAC,7,ABG,mmol/L
10%,NA,B-LR 17,B-LR,pH,7.446,ABG,value
10%,NA,B-LR 17,B-LR,pCO2,33.1,ABG,mmHg
10%,NA,B-LR 17,B-LR,pO2,80.8,ABG,mmHg
7.5%,NA,B-LR 17,B-LR,MAP,65,MAP,mmHg
7.5%,NA,B-LR 17,B-LR,bpm,210,Heart rate,bpm
7.5%,NA,B-LR 17,B-LR,WBC,5.1,CBC,10^3/uL
7.5%,NA,B-LR 17,B-LR,LAC,6.8,ABG,mmol/L
5%,NA,B-LR 17,B-LR,MAP,72,MAP,mmHg
5%,NA,B-LR 17,B-LR,bpm,298,Heart rate,bpm
5%,NA,B-LR 17,B-LR,WBC,4.1,CBC,10^3/uL
5%,NA,B-LR 17,B-LR,LAC,3.1,ABG,mmol/L
5%,NA,B-LR 17,B-LR,pH,7.507,ABG,value
5%,NA,B-LR 17,B-LR,pCO2,32.1,ABG,mmHg
5%,NA,B-LR 17,B-LR,pO2,71.8,ABG,mmHg
2.5%,12:50,B-LR 17,B-LR,MAP,57,MAP,mmHg
2.5%,12:50,B-LR 17,B-LR,bpm,300,Heart rate,bpm
2.5%,12:50,B-LR 17,B-LR,WBC,4.3,CBC,10^3/uL
2.5%,12:50,B-LR 17,B-LR,LAC,2.7,ABG,mmol/L
EOB,13:00,B-LR 17,B-LR,MAP,50,MAP,mmHg
EOB,13:00,B-LR 17,B-LR,bpm,169,Heart rate,bpm
EOB,13:00,B-LR 17,B-LR,RBC,6.3,CBC,M/mL
EOB,13:00,B-LR 17,B-LR,Hb,6.3,CBC,mg/dL
EOB,13:00,B-LR 17,B-LR,HCT,18.5,CBC,mmHg
EOB,13:00,B-LR 17,B-LR,PLT,148,CBC,10^3/uL
EOB,13:00,B-LR 17,B-LR,WBC,4.3,CBC,10^3/uL
EOB,13:00,B-LR 17,B-LR,X._Free_Hb,0,% Free Hb,%
EOB,13:00,B-LR 17,B-LR,LAC,2.4,ABG,mmol/L
EOB,13:00,B-LR 17,B-LR,pH,7.508,ABG,value
EOB,13:00,B-LR 17,B-LR,pCO2,33.8,ABG,mmHg
EOB,13:00,B-LR 17,B-LR,pO2,70.2,ABG,mmHg
EOB,13:00,B-LR 17,B-LR,AST,168,CMP,U/L
EOB,13:00,B-LR 17,B-LR,ALT,107,CMP,U/L
EOB,13:00,B-LR 17,B-LR,LDH,347,CMP,U/L
EOB,13:00,B-LR 17,B-LR,CREA,0.5,CMP,mg/dL
EOB,13:00,B-LR 17,B-LR,BUN,16.74,CMP,mg/dL
EOB,13:00,B-LR 17,B-LR,AMY,260,CMP,U/L
EOB,13:00,B-LR 17,B-LR,TG,381.68,CMP,mg/dL
EOB,13:00,B-LR 17,B-LR,GLU,161.13,CMP,mg/dL
EOB,13:00,B-LR 17,B-LR,GGT,7,CMP,U/L
EOB,13:00,B-LR 17,B-LR,CKHR_time,7.8,TEG 5000,min
EOB,13:00,B-LR 17,B-LR,CKH_K,2.1,TEG 5000,min
EOB,13:00,B-LR 17,B-LR,CKH_angle,66,TEG 5000,degree
EOB,13:00,B-LR 17,B-LR,CKH_MA,62,TEG 5000,mm
EOB,13:00,B-LR 17,B-LR,APTT,135.6,Coag Panel,sec
EOB,13:00,B-LR 17,B-LR,PT,13,Coag Panel,sec
EOB,13:00,B-LR 17,B-LR,TT,26.7,Coag Panel,sec
EOB,13:00,B-LR 17,B-LR,Fib,3.71,Coag Panel,g/L
24HR,08:50,B-LR 17,B-LR,MAP,71,MAP,mmHg
24HR,08:50,B-LR 17,B-LR,bpm,168,Heart rate,bpm
24HR,08:50,B-LR 17,B-LR,RBC,6.4,CBC,M/mL
24HR,08:50,B-LR 17,B-LR,Hb,6.4,CBC,mg/dL
24HR,08:50,B-LR 17,B-LR,HCT,18.8,CBC,mmHg
24HR,08:50,B-LR 17,B-LR,PLT,275,CBC,10^3/uL
24HR,08:50,B-LR 17,B-LR,WBC,1.2,CBC,10^3/uL
24HR,08:50,B-LR 17,B-LR,X._Free_Hb,0,% Free Hb,%
24HR,08:50,B-LR 17,B-LR,LAC,3.8,ABG,mmol/L
24HR,08:50,B-LR 17,B-LR,pH,7.518,ABG,value
24HR,08:50,B-LR 17,B-LR,pCO2,30.5,ABG,mmHg
24HR,08:50,B-LR 17,B-LR,pO2,82.6,ABG,mmHg
24HR,08:50,B-LR 17,B-LR,AST,358,CMP,U/L
24HR,08:50,B-LR 17,B-LR,ALT,309,CMP,U/L
24HR,08:50,B-LR 17,B-LR,LDH,950,CMP,U/L
24HR,08:50,B-LR 17,B-LR,CREA,0.7,CMP,mg/dL
24HR,08:50,B-LR 17,B-LR,BUN,14.01,CMP,mg/dL
24HR,08:50,B-LR 17,B-LR,AMY,211,CMP,U/L
24HR,08:50,B-LR 17,B-LR,TG,609,CMP,mg/dL
24HR,08:50,B-LR 17,B-LR,GLU,150.79,CMP,mg/dL
24HR,08:50,B-LR 17,B-LR,GGT,6,CMP,U/L
24HR,08:50,B-LR 17,B-LR,CKHR_time,6.8,TEG 5000,min
24HR,08:50,B-LR 17,B-LR,CKH_K,2.5,TEG 5000,min
24HR,08:50,B-LR 17,B-LR,CKH_angle,61.4,TEG 5000,degree
24HR,08:50,B-LR 17,B-LR,CKH_MA,75,TEG 5000,mm
24HR,08:50,B-LR 17,B-LR,APTT,121.3,Coag Panel,sec
24HR,08:50,B-LR 17,B-LR,PT,8.2,Coag Panel,sec
24HR,08:50,B-LR 17,B-LR,TT,18.4,Coag Panel,sec
24HR,08:50,B-LR 17,B-LR,Fib,4.64,Coag Panel,g/L
Baseline,NA,B-LR 20,B-LR,MAP,68,MAP,mmHg
Baseline,NA,B-LR 20,B-LR,bpm,245,Heart rate,bpm
Baseline,NA,B-LR 20,B-LR,RBC,5.72,CBC,M/mL
Baseline,NA,B-LR 20,B-LR,Hb,12.3,CBC,mg/dL
Baseline,NA,B-LR 20,B-LR,HCT,38,CBC,mmHg
Baseline,NA,B-LR 20,B-LR,PLT,342,CBC,10^3/uL
Baseline,NA,B-LR 20,B-LR,WBC,6,CBC,10^3/uL
Baseline,NA,B-LR 20,B-LR,X._Free_Hb,0,% Free Hb,%
Baseline,NA,B-LR 20,B-LR,LAC,3.4,ABG,mmol/L
Baseline,NA,B-LR 20,B-LR,pH,7.478,ABG,value
Baseline,NA,B-LR 20,B-LR,pCO2,37,ABG,mmHg
Baseline,NA,B-LR 20,B-LR,pO2,84.7,ABG,mmHg
Baseline,NA,B-LR 20,B-LR,AST,20,CMP,U/L
Baseline,NA,B-LR 20,B-LR,ALT,57,CMP,U/L
Baseline,NA,B-LR 20,B-LR,LDH,129,CMP,U/L
Baseline,NA,B-LR 20,B-LR,CREA,0.7,CMP,mg/dL
Baseline,NA,B-LR 20,B-LR,BUN,11.94,CMP,mg/dL
Baseline,NA,B-LR 20,B-LR,AMY,247,CMP,U/L
Baseline,NA,B-LR 20,B-LR,TG,95.66,CMP,mg/dL
Baseline,NA,B-LR 20,B-LR,GLU,290.59,CMP,mg/dL
Baseline,NA,B-LR 20,B-LR,GGT,11,CMP,U/L
Baseline,NA,B-LR 20,B-LR,CKHR_time,5.3,TEG 5000,min
Baseline,NA,B-LR 20,B-LR,CKH_K,1.5,TEG 5000,min
Baseline,NA,B-LR 20,B-LR,CKH_angle,70,TEG 5000,degree
Baseline,NA,B-LR 20,B-LR,CKH_MA,51.3,TEG 5000,mm
Baseline,NA,B-LR 20,B-LR,APTT,134.9,Coag Panel,sec
Baseline,NA,B-LR 20,B-LR,PT,12.4,Coag Panel,sec
Baseline,NA,B-LR 20,B-LR,TT,30.8,Coag Panel,sec
Baseline,NA,B-LR 20,B-LR,Fib,1.34,Coag Panel,g/L
EOS,NA,B-LR 20,B-LR,MAP,34,MAP,mmHg
EOS,NA,B-LR 20,B-LR,bpm,241,Heart rate,bpm
EOS,NA,B-LR 20,B-LR,RBC,4.07,CBC,M/mL
EOS,NA,B-LR 20,B-LR,Hb,8.8,CBC,mg/dL
EOS,NA,B-LR 20,B-LR,HCT,26.9,CBC,mmHg
EOS,NA,B-LR 20,B-LR,PLT,135,CBC,10^3/uL
EOS,NA,B-LR 20,B-LR,WBC,1.6,CBC,10^3/uL
EOS,NA,B-LR 20,B-LR,X._Free_Hb,0,% Free Hb,%
EOS,NA,B-LR 20,B-LR,LAC,9.2,ABG,mmol/L
EOS,NA,B-LR 20,B-LR,pH,7.469,ABG,value
EOS,NA,B-LR 20,B-LR,pCO2,40.8,ABG,mmHg
EOS,NA,B-LR 20,B-LR,pO2,90,ABG,mmHg
EOR,NA,B-LR 20,B-LR,MAP,38,MAP,mmHg
EOR,NA,B-LR 20,B-LR,bpm,242,Heart rate,bpm
EOR,NA,B-LR 20,B-LR,RBC,3.2,CBC,M/mL
EOR,NA,B-LR 20,B-LR,Hb,7,CBC,mg/dL
EOR,NA,B-LR 20,B-LR,HCT,20.9,CBC,mmHg
EOR,NA,B-LR 20,B-LR,PLT,125,CBC,10^3/uL
EOR,NA,B-LR 20,B-LR,WBC,1.7,CBC,10^3/uL
EOR,NA,B-LR 20,B-LR,X._Free_Hb,0,% Free Hb,%
EOR,NA,B-LR 20,B-LR,LAC,10.4,ABG,mmol/L
EOR,NA,B-LR 20,B-LR,pH,7.453,ABG,value
EOR,NA,B-LR 20,B-LR,pCO2,39.9,ABG,mmHg
EOR,NA,B-LR 20,B-LR,pO2,54.8,ABG,mmHg
EOR,NA,B-LR 20,B-LR,AST,42,CMP,U/L
EOR,NA,B-LR 20,B-LR,ALT,61,CMP,U/L
EOR,NA,B-LR 20,B-LR,LDH,109,CMP,U/L
EOR,NA,B-LR 20,B-LR,CREA,0.7,CMP,mg/dL
EOR,NA,B-LR 20,B-LR,BUN,17.23,CMP,mg/dL
EOR,NA,B-LR 20,B-LR,AMY,150,CMP,U/L
EOR,NA,B-LR 20,B-LR,TG,228.36,CMP,mg/dL
EOR,NA,B-LR 20,B-LR,GLU,187.85,CMP,mg/dL
EOR,NA,B-LR 20,B-LR,GGT,4,CMP,U/L
EOR,NA,B-LR 20,B-LR,CKHR_time,9.7,TEG 5000,min
EOR,NA,B-LR 20,B-LR,APTT,113,Coag Panel,sec
EOR,NA,B-LR 20,B-LR,PT,14.7,Coag Panel,sec
EOR,NA,B-LR 20,B-LR,TT,39.2,Coag Panel,sec
EOR,NA,B-LR 20,B-LR,Fib,1.64,Coag Panel,g/L
10%,NA,B-LR 20,B-LR,MAP,37,MAP,mmHg
10%,NA,B-LR 20,B-LR,bpm,277,Heart rate,bpm
10%,NA,B-LR 20,B-LR,LAC,9.2,ABG,mmol/L
10%,NA,B-LR 20,B-LR,pH,7.455,ABG,value
10%,NA,B-LR 20,B-LR,pCO2,39.8,ABG,mmHg
10%,NA,B-LR 20,B-LR,pO2,65.5,ABG,mmHg
7.5%,NA,B-LR 20,B-LR,MAP,51,MAP,mmHg
7.5%,NA,B-LR 20,B-LR,bpm,288,Heart rate,bpm
7.5%,NA,B-LR 20,B-LR,LAC,7.8,ABG,mmol/L
7.5%,NA,B-LR 20,B-LR,pH,7.436,ABG,value
7.5%,NA,B-LR 20,B-LR,pCO2,39.9,ABG,mmHg
7.5%,NA,B-LR 20,B-LR,pO2,79,ABG,mmHg
5%,NA,B-LR 20,B-LR,MAP,55,MAP,mmHg
5%,NA,B-LR 20,B-LR,bpm,293,Heart rate,bpm
5%,NA,B-LR 20,B-LR,LAC,7.7,ABG,mmol/L
5%,NA,B-LR 20,B-LR,pH,7.447,ABG,value
5%,NA,B-LR 20,B-LR,pCO2,37.9,ABG,mmHg
5%,NA,B-LR 20,B-LR,pO2,86.4,ABG,mmHg
2.5%,13:10,B-LR 20,B-LR,MAP,54,MAP,mmHg
2.5%,13:10,B-LR 20,B-LR,bpm,253,Heart rate,bpm
2.5%,13:10,B-LR 20,B-LR,LAC,4.7,ABG,mmol/L
2.5%,13:10,B-LR 20,B-LR,pH,7.491,ABG,value
2.5%,13:10,B-LR 20,B-LR,pCO2,37.2,ABG,mmHg
2.5%,13:10,B-LR 20,B-LR,pO2,66.5,ABG,mmHg
EOB,13:20,B-LR 20,B-LR,MAP,57,MAP,mmHg
EOB,13:20,B-LR 20,B-LR,bpm,292,Heart rate,bpm
EOB,13:20,B-LR 20,B-LR,RBC,3.31,CBC,M/mL
EOB,13:20,B-LR 20,B-LR,Hb,7.3,CBC,mg/dL
EOB,13:20,B-LR 20,B-LR,HCT,21.8,CBC,mmHg
EOB,13:20,B-LR 20,B-LR,PLT,180,CBC,10^3/uL
EOB,13:20,B-LR 20,B-LR,WBC,1.1,CBC,10^3/uL
EOB,13:20,B-LR 20,B-LR,X._Free_Hb,0,% Free Hb,%
EOB,13:20,B-LR 20,B-LR,LAC,5.3,ABG,mmol/L
EOB,13:20,B-LR 20,B-LR,pH,7.432,ABG,value
EOB,13:20,B-LR 20,B-LR,pCO2,46.7,ABG,mmHg
EOB,13:20,B-LR 20,B-LR,pO2,24.6,ABG,mmHg
EOB,13:20,B-LR 20,B-LR,AST,107,CMP,U/L
EOB,13:20,B-LR 20,B-LR,ALT,11,CMP,U/L
EOB,13:20,B-LR 20,B-LR,LDH,328,CMP,U/L
EOB,13:20,B-LR 20,B-LR,CREA,0.5,CMP,mg/dL
EOB,13:20,B-LR 20,B-LR,BUN,23.56,CMP,mg/dL
EOB,13:20,B-LR 20,B-LR,AMY,220,CMP,U/L
EOB,13:20,B-LR 20,B-LR,TG,337.78,CMP,mg/dL
EOB,13:20,B-LR 20,B-LR,GLU,166.21,CMP,mg/dL
EOB,13:20,B-LR 20,B-LR,GGT,7,CMP,U/L
EOB,13:20,B-LR 20,B-LR,CKHR_time,7.2,TEG 5000,min
EOB,13:20,B-LR 20,B-LR,CKH_K,2.1,TEG 5000,min
EOB,13:20,B-LR 20,B-LR,CKH_angle,63.9,TEG 5000,degree
EOB,13:20,B-LR 20,B-LR,CKH_MA,65.8,TEG 5000,mm
EOB,13:20,B-LR 20,B-LR,APTT,140.4,Coag Panel,sec
EOB,13:20,B-LR 20,B-LR,PT,13.6,Coag Panel,sec
EOB,13:20,B-LR 20,B-LR,TT,36.8,Coag Panel,sec
EOB,13:20,B-LR 20,B-LR,Fib,2.89,Coag Panel,g/L
24HR,09:10,B-LR 20,B-LR,MAP,37,MAP,mmHg
24HR,09:10,B-LR 20,B-LR,bpm,275,Heart rate,bpm
24HR,09:10,B-LR 20,B-LR,WBC,1,CBC,10^3/uL
24HR,09:10,B-LR 20,B-LR,LAC,1.9,ABG,mmol/L
24HR,09:10,B-LR 20,B-LR,pH,7.45,ABG,value
24HR,09:10,B-LR 20,B-LR,pCO2,45.2,ABG,mmHg
24HR,09:10,B-LR 20,B-LR,pO2,27.9,ABG,mmHg
24HR,09:10,B-LR 20,B-LR,AST,65,CMP,U/L
24HR,09:10,B-LR 20,B-LR,ALT,152,CMP,U/L
24HR,09:10,B-LR 20,B-LR,LDH,177,CMP,U/L
24HR,09:10,B-LR 20,B-LR,CREA,0.4,CMP,mg/dL
24HR,09:10,B-LR 20,B-LR,BUN,20.89,CMP,mg/dL
24HR,09:10,B-LR 20,B-LR,AMY,339,CMP,U/L
24HR,09:10,B-LR 20,B-LR,TG,609,CMP,mg/dL
24HR,09:10,B-LR 20,B-LR,GLU,132.62,CMP,mg/dL
24HR,09:10,B-LR 20,B-LR,GGT,7,CMP,U/L
24HR,09:10,B-LR 20,B-LR,CKHR_time,7.7,TEG 5000,min
24HR,09:10,B-LR 20,B-LR,CKH_K,2.4,TEG 5000,min
24HR,09:10,B-LR 20,B-LR,CKH_angle,68.3,TEG 5000,degree
24HR,09:10,B-LR 20,B-LR,CKH_MA,75,TEG 5000,mm
24HR,09:10,B-LR 20,B-LR,APTT,138.9,Coag Panel,sec
24HR,09:10,B-LR 20,B-LR,PT,7.2,Coag Panel,sec
24HR,09:10,B-LR 20,B-LR,TT,23.4,Coag Panel,sec
24HR,09:10,B-LR 20,B-LR,Fib,4.35,Coag Panel,g/L
Baseline,06:50,B-EM 01,B-EM,MAP,89,MAP,mmHg
Baseline,06:50,B-EM 01,B-EM,bpm,205,Heart rate,bpm
Baseline,06:50,B-EM 01,B-EM,RBC,5.45,CBC,M/mL
Baseline,06:50,B-EM 01,B-EM,Hb,11.7,CBC,mg/dL
Baseline,06:50,B-EM 01,B-EM,HCT,39.5,CBC,mmHg
Baseline,06:50,B-EM 01,B-EM,PLT,360,CBC,10^3/uL
Baseline,06:50,B-EM 01,B-EM,WBC,5,CBC,10^3/uL
Baseline,06:50,B-EM 01,B-EM,X._Free_Hb,0,% Free Hb,%
Baseline,06:50,B-EM 01,B-EM,LAC,1.5,ABG,mmol/L
Baseline,06:50,B-EM 01,B-EM,pH,7.477,ABG,value
Baseline,06:50,B-EM 01,B-EM,pCO2,44.6,ABG,mmHg
Baseline,06:50,B-EM 01,B-EM,pO2,66.1,ABG,mmHg
Baseline,06:50,B-EM 01,B-EM,AST,40,CMP,U/L
Baseline,06:50,B-EM 01,B-EM,ALT,45,CMP,U/L
Baseline,06:50,B-EM 01,B-EM,LDH,128,CMP,U/L
Baseline,06:50,B-EM 01,B-EM,CREA,0.3,CMP,mg/dL
Baseline,06:50,B-EM 01,B-EM,BUN,10.3,CMP,mg/dL
Baseline,06:50,B-EM 01,B-EM,AMY,202,CMP,U/L
Baseline,06:50,B-EM 01,B-EM,TG,53.02,CMP,mg/dL
Baseline,06:50,B-EM 01,B-EM,GLU,141.23,CMP,mg/dL
Baseline,06:50,B-EM 01,B-EM,GGT,7,CMP,U/L
Baseline,06:50,B-EM 01,B-EM,CKHR_time,10.2,TEG 5000,min
Baseline,06:50,B-EM 01,B-EM,CKH_K,1.8,TEG 5000,min
Baseline,06:50,B-EM 01,B-EM,CKH_angle,68.7,TEG 5000,degree
Baseline,06:50,B-EM 01,B-EM,CKH_MA,66,TEG 5000,mm
Baseline,06:50,B-EM 01,B-EM,APTT,141.3,Coag Panel,sec
Baseline,06:50,B-EM 01,B-EM,PT,15.4,Coag Panel,sec
Baseline,06:50,B-EM 01,B-EM,TT,65.1,Coag Panel,sec
Baseline,06:50,B-EM 01,B-EM,Fib,1.87,Coag Panel,g/L
EOS,09:17,B-EM 01,B-EM,MAP,76,MAP,mmHg
EOS,09:17,B-EM 01,B-EM,bpm,263,Heart rate,bpm
EOS,09:17,B-EM 01,B-EM,RBC,3.55,CBC,M/mL
EOS,09:17,B-EM 01,B-EM,Hb,7.7,CBC,mg/dL
EOS,09:17,B-EM 01,B-EM,HCT,23.7,CBC,mmHg
EOS,09:17,B-EM 01,B-EM,PLT,213,CBC,10^3/uL
EOS,09:17,B-EM 01,B-EM,WBC,5.2,CBC,10^3/uL
EOS,09:17,B-EM 01,B-EM,X._Free_Hb,0,% Free Hb,%
EOS,09:17,B-EM 01,B-EM,LAC,8.1,ABG,mmol/L
EOS,09:17,B-EM 01,B-EM,pH,7.445,ABG,value
EOS,09:17,B-EM 01,B-EM,pCO2,40,ABG,mmHg
EOS,09:17,B-EM 01,B-EM,pO2,93.1,ABG,mmHg
EOR,09:27,B-EM 01,B-EM,MAP,75,MAP,mmHg
EOR,09:27,B-EM 01,B-EM,bpm,279,Heart rate,bpm
EOR,09:27,B-EM 01,B-EM,RBC,2.32,CBC,M/mL
EOR,09:27,B-EM 01,B-EM,Hb,5.1,CBC,mg/dL
EOR,09:27,B-EM 01,B-EM,HCT,15.3,CBC,mmHg
EOR,09:27,B-EM 01,B-EM,PLT,174,CBC,10^3/uL
EOR,09:27,B-EM 01,B-EM,WBC,7.5,CBC,10^3/uL
EOR,09:27,B-EM 01,B-EM,X._Free_Hb,0,% Free Hb,%
EOR,09:27,B-EM 01,B-EM,LAC,6.5,ABG,mmol/L
EOR,09:27,B-EM 01,B-EM,pH,7.378,ABG,value
EOR,09:27,B-EM 01,B-EM,pCO2,42.6,ABG,mmHg
EOR,09:27,B-EM 01,B-EM,pO2,83.7,ABG,mmHg
EOR,09:27,B-EM 01,B-EM,AST,36,CMP,U/L
EOR,09:27,B-EM 01,B-EM,ALT,24,CMP,U/L
EOR,09:27,B-EM 01,B-EM,LDH,127,CMP,U/L
EOR,09:27,B-EM 01,B-EM,CREA,0.8,CMP,mg/dL
EOR,09:27,B-EM 01,B-EM,BUN,14.95,CMP,mg/dL
EOR,09:27,B-EM 01,B-EM,AMY,53,CMP,U/L
EOR,09:27,B-EM 01,B-EM,TG,19.9,CMP,mg/dL
EOR,09:27,B-EM 01,B-EM,GLU,234.32,CMP,mg/dL
EOR,09:27,B-EM 01,B-EM,GGT,5,CMP,U/L
EOR,09:27,B-EM 01,B-EM,CKHR_time,13.2,TEG 5000,min
EOR,09:27,B-EM 01,B-EM,CKH_K,3.6,TEG 5000,min
EOR,09:27,B-EM 01,B-EM,CKH_angle,54.8,TEG 5000,degree
EOR,09:27,B-EM 01,B-EM,CKH_MA,44.3,TEG 5000,mm
EOR,09:27,B-EM 01,B-EM,APTT,129.4,Coag Panel,sec
EOR,09:27,B-EM 01,B-EM,PT,19,Coag Panel,sec
EOR,09:27,B-EM 01,B-EM,TT,27.6,Coag Panel,sec
EOR,09:27,B-EM 01,B-EM,Fib,1.15,Coag Panel,g/L
10%,10:27,B-EM 01,B-EM,MAP,63,MAP,mmHg
10%,10:27,B-EM 01,B-EM,bpm,287,Heart rate,bpm
10%,10:27,B-EM 01,B-EM,LAC,2.2,ABG,mmol/L
10%,10:27,B-EM 01,B-EM,pH,7.494,ABG,value
10%,10:27,B-EM 01,B-EM,pCO2,40.6,ABG,mmHg
10%,10:27,B-EM 01,B-EM,pO2,89.2,ABG,mmHg
7.5%,11:27,B-EM 01,B-EM,MAP,60,MAP,mmHg
7.5%,11:27,B-EM 01,B-EM,bpm,165,Heart rate,bpm
7.5%,11:27,B-EM 01,B-EM,LAC,1.5,ABG,mmol/L
7.5%,11:27,B-EM 01,B-EM,pH,7.53,ABG,value
7.5%,11:27,B-EM 01,B-EM,pCO2,34.8,ABG,mmHg
7.5%,11:27,B-EM 01,B-EM,pO2,84.4,ABG,mmHg
5%,12:27,B-EM 01,B-EM,MAP,74,MAP,mmHg
5%,12:27,B-EM 01,B-EM,bpm,168,Heart rate,bpm
5%,12:27,B-EM 01,B-EM,LAC,1.3,ABG,mmol/L
5%,12:27,B-EM 01,B-EM,pH,7.52,ABG,value
5%,12:27,B-EM 01,B-EM,pCO2,29.8,ABG,mmHg
5%,12:27,B-EM 01,B-EM,pO2,80.2,ABG,mmHg
2.5%,13:27,B-EM 01,B-EM,MAP,66,MAP,mmHg
2.5%,13:27,B-EM 01,B-EM,bpm,169,Heart rate,bpm
2.5%,13:27,B-EM 01,B-EM,LAC,1.5,ABG,mmol/L
2.5%,13:27,B-EM 01,B-EM,pH,7.529,ABG,value
2.5%,13:27,B-EM 01,B-EM,pCO2,28.6,ABG,mmHg
2.5%,13:27,B-EM 01,B-EM,pO2,88.7,ABG,mmHg
EOB,13:37,B-EM 01,B-EM,MAP,68,MAP,mmHg
EOB,13:37,B-EM 01,B-EM,bpm,170,Heart rate,bpm
EOB,13:37,B-EM 01,B-EM,RBC,1.85,CBC,M/mL
EOB,13:37,B-EM 01,B-EM,Hb,4.4,CBC,mg/dL
EOB,13:37,B-EM 01,B-EM,HCT,12,CBC,mmHg
EOB,13:37,B-EM 01,B-EM,PLT,148,CBC,10^3/uL
EOB,13:37,B-EM 01,B-EM,WBC,0.6,CBC,10^3/uL
EOB,13:37,B-EM 01,B-EM,X._Free_Hb,0,% Free Hb,%
EOB,13:37,B-EM 01,B-EM,LAC,1.5,ABG,mmol/L
EOB,13:37,B-EM 01,B-EM,pH,7.51,ABG,value
EOB,13:37,B-EM 01,B-EM,pCO2,30.4,ABG,mmHg
EOB,13:37,B-EM 01,B-EM,pO2,83.4,ABG,mmHg
EOB,13:37,B-EM 01,B-EM,AST,52,CMP,U/L
EOB,13:37,B-EM 01,B-EM,ALT,32,CMP,U/L
EOB,13:37,B-EM 01,B-EM,LDH,154,CMP,U/L
EOB,13:37,B-EM 01,B-EM,CREA,0.3,CMP,mg/dL
EOB,13:37,B-EM 01,B-EM,BUN,13.17,CMP,mg/dL
EOB,13:37,B-EM 01,B-EM,AMY,133,CMP,U/L
EOB,13:37,B-EM 01,B-EM,TG,92.28,CMP,mg/dL
EOB,13:37,B-EM 01,B-EM,GLU,24.84,CMP,mg/dL
EOB,13:37,B-EM 01,B-EM,GGT,4,CMP,U/L
EOB,13:37,B-EM 01,B-EM,PT,23.2,Coag Panel,sec
EOB,13:37,B-EM 01,B-EM,TT,18.4,Coag Panel,sec
EOB,13:37,B-EM 01,B-EM,Fib,1.15,Coag Panel,g/L
24HR,09:27,B-EM 01,B-EM,MAP,61,MAP,mmHg
24HR,09:27,B-EM 01,B-EM,bpm,288,Heart rate,bpm
24HR,09:27,B-EM 01,B-EM,RBC,2.17,CBC,M/mL
24HR,09:27,B-EM 01,B-EM,Hb,4.7,CBC,mg/dL
24HR,09:27,B-EM 01,B-EM,HCT,14.3,CBC,mmHg
24HR,09:27,B-EM 01,B-EM,PLT,224,CBC,10^3/uL
24HR,09:27,B-EM 01,B-EM,WBC,6.6,CBC,10^3/uL
24HR,09:27,B-EM 01,B-EM,X._Free_Hb,0,% Free Hb,%
24HR,09:27,B-EM 01,B-EM,LAC,2.8,ABG,mmol/L
24HR,09:27,B-EM 01,B-EM,pH,7.494,ABG,value
24HR,09:27,B-EM 01,B-EM,pCO2,35.8,ABG,mmHg
24HR,09:27,B-EM 01,B-EM,pO2,85.7,ABG,mmHg
24HR,09:27,B-EM 01,B-EM,AST,141,CMP,U/L
24HR,09:27,B-EM 01,B-EM,ALT,86,CMP,U/L
24HR,09:27,B-EM 01,B-EM,LDH,286,CMP,U/L
24HR,09:27,B-EM 01,B-EM,CREA,0.5,CMP,mg/dL
24HR,09:27,B-EM 01,B-EM,BUN,16.58,CMP,mg/dL
24HR,09:27,B-EM 01,B-EM,AMY,168,CMP,U/L
24HR,09:27,B-EM 01,B-EM,TG,239.01,CMP,mg/dL
24HR,09:27,B-EM 01,B-EM,GLU,136.67,CMP,mg/dL
24HR,09:27,B-EM 01,B-EM,GGT,5,CMP,U/L
24HR,09:27,B-EM 01,B-EM,APTT,140.4,Coag Panel,sec
24HR,09:27,B-EM 01,B-EM,PT,12.6,Coag Panel,sec
24HR,09:27,B-EM 01,B-EM,TT,25,Coag Panel,sec
24HR,09:27,B-EM 01,B-EM,Fib,2.85,Coag Panel,g/L
48HR,09:27,B-EM 01,B-EM,MAP,77,MAP,mmHg
48HR,09:27,B-EM 01,B-EM,bpm,296,Heart rate,bpm
48HR,09:27,B-EM 01,B-EM,RBC,2.25,CBC,M/mL
48HR,09:27,B-EM 01,B-EM,Hb,5.3,CBC,mg/dL
48HR,09:27,B-EM 01,B-EM,HCT,16.2,CBC,mmHg
48HR,09:27,B-EM 01,B-EM,PLT,404,CBC,10^3/uL
48HR,09:27,B-EM 01,B-EM,WBC,14.6,CBC,10^3/uL
48HR,09:27,B-EM 01,B-EM,X._Free_Hb,0,% Free Hb,%
48HR,09:27,B-EM 01,B-EM,LAC,5.1,ABG,mmol/L
48HR,09:27,B-EM 01,B-EM,pH,7.498,ABG,value
48HR,09:27,B-EM 01,B-EM,pCO2,36.6,ABG,mmHg
48HR,09:27,B-EM 01,B-EM,pO2,83.8,ABG,mmHg
48HR,09:27,B-EM 01,B-EM,AST,112,CMP,U/L
48HR,09:27,B-EM 01,B-EM,ALT,126,CMP,U/L
48HR,09:27,B-EM 01,B-EM,LDH,418,CMP,U/L
48HR,09:27,B-EM 01,B-EM,CREA,0.6,CMP,mg/dL
48HR,09:27,B-EM 01,B-EM,BUN,13.47,CMP,mg/dL
48HR,09:27,B-EM 01,B-EM,AMY,250,CMP,U/L
48HR,09:27,B-EM 01,B-EM,TG,511.12,CMP,mg/dL
48HR,09:27,B-EM 01,B-EM,GLU,146.82,CMP,mg/dL
48HR,09:27,B-EM 01,B-EM,GGT,15,CMP,U/L
48HR,09:27,B-EM 01,B-EM,APTT,75.9,Coag Panel,sec
48HR,09:27,B-EM 01,B-EM,PT,9.5,Coag Panel,sec
48HR,09:27,B-EM 01,B-EM,TT,18.4,Coag Panel,sec
48HR,09:27,B-EM 01,B-EM,Fib,1.83,Coag Panel,g/L
72HR,09:27,B-EM 01,B-EM,MAP,75,MAP,mmHg
72HR,09:27,B-EM 01,B-EM,bpm,264,Heart rate,bpm
72HR,09:27,B-EM 01,B-EM,RBC,2.34,CBC,M/mL
72HR,09:27,B-EM 01,B-EM,Hb,5.9,CBC,mg/dL
72HR,09:27,B-EM 01,B-EM,HCT,18.7,CBC,mmHg
72HR,09:27,B-EM 01,B-EM,PLT,521,CBC,10^3/uL
72HR,09:27,B-EM 01,B-EM,WBC,14.5,CBC,10^3/uL
72HR,09:27,B-EM 01,B-EM,X._Free_Hb,0,% Free Hb,%
72HR,09:27,B-EM 01,B-EM,LAC,1.4,ABG,mmol/L
72HR,09:27,B-EM 01,B-EM,pH,7.436,ABG,value
72HR,09:27,B-EM 01,B-EM,pCO2,47.7,ABG,mmHg
72HR,09:27,B-EM 01,B-EM,pO2,67.9,ABG,mmHg
72HR,09:27,B-EM 01,B-EM,AST,54,CMP,U/L
72HR,09:27,B-EM 01,B-EM,ALT,111,CMP,U/L
72HR,09:27,B-EM 01,B-EM,LDH,149,CMP,U/L
72HR,09:27,B-EM 01,B-EM,CREA,0.5,CMP,mg/dL
72HR,09:27,B-EM 01,B-EM,BUN,9.29,CMP,mg/dL
72HR,09:27,B-EM 01,B-EM,AMY,208,CMP,U/L
72HR,09:27,B-EM 01,B-EM,TG,172.88,CMP,mg/dL
72HR,09:27,B-EM 01,B-EM,GLU,139.16,CMP,mg/dL
72HR,09:27,B-EM 01,B-EM,GGT,7,CMP,U/L
72HR,09:27,B-EM 01,B-EM,APTT,138.4,Coag Panel,sec
72HR,09:27,B-EM 01,B-EM,PT,12.2,Coag Panel,sec
72HR,09:27,B-EM 01,B-EM,TT,28.5,Coag Panel,sec
72HR,09:27,B-EM 01,B-EM,Fib,2.34,Coag Panel,g/L
Baseline,06:50,B-EM 03,B-EM,MAP,81,MAP,mmHg
Baseline,06:50,B-EM 03,B-EM,bpm,230,Heart rate,bpm
Baseline,06:50,B-EM 03,B-EM,RBC,5.85,CBC,M/mL
Baseline,06:50,B-EM 03,B-EM,Hb,12.4,CBC,mg/dL
Baseline,06:50,B-EM 03,B-EM,HCT,38.8,CBC,mmHg
Baseline,06:50,B-EM 03,B-EM,PLT,15,CBC,10^3/uL
Baseline,06:50,B-EM 03,B-EM,WBC,6.9,CBC,10^3/uL
Baseline,06:50,B-EM 03,B-EM,X._Free_Hb,0,% Free Hb,%
Baseline,06:50,B-EM 03,B-EM,LAC,1,ABG,mmol/L
Baseline,06:50,B-EM 03,B-EM,pH,7.625,ABG,value
Baseline,06:50,B-EM 03,B-EM,pCO2,21.7,ABG,mmHg
Baseline,06:50,B-EM 03,B-EM,pO2,217,ABG,mmHg
Baseline,06:50,B-EM 03,B-EM,AST,38,CMP,U/L
Baseline,06:50,B-EM 03,B-EM,ALT,45,CMP,U/L
Baseline,06:50,B-EM 03,B-EM,LDH,120,CMP,U/L
Baseline,06:50,B-EM 03,B-EM,CREA,0.5,CMP,mg/dL
Baseline,06:50,B-EM 03,B-EM,BUN,10,CMP,mg/dL
Baseline,06:50,B-EM 03,B-EM,AMY,416,CMP,U/L
Baseline,06:50,B-EM 03,B-EM,TG,131.18,CMP,mg/dL
Baseline,06:50,B-EM 03,B-EM,GLU,145.31,CMP,mg/dL
Baseline,06:50,B-EM 03,B-EM,GGT,9,CMP,U/L
Baseline,06:50,B-EM 03,B-EM,CKHR_time,9,TEG 5000,min
Baseline,06:50,B-EM 03,B-EM,CKH_K,1.8,TEG 5000,min
Baseline,06:50,B-EM 03,B-EM,CKH_angle,68.4,TEG 5000,degree
Baseline,06:50,B-EM 03,B-EM,CKH_MA,68.7,TEG 5000,mm
Baseline,06:50,B-EM 03,B-EM,APTT,141.6,Coag Panel,sec
Baseline,06:50,B-EM 03,B-EM,PT,13.3,Coag Panel,sec
Baseline,06:50,B-EM 03,B-EM,TT,28.3,Coag Panel,sec
Baseline,06:50,B-EM 03,B-EM,Fib,2.81,Coag Panel,g/L
EOS,09:16,B-EM 03,B-EM,MAP,49,MAP,mmHg
EOS,09:16,B-EM 03,B-EM,bpm,285,Heart rate,bpm
EOS,09:16,B-EM 03,B-EM,RBC,3.54,CBC,M/mL
EOS,09:16,B-EM 03,B-EM,Hb,7.3,CBC,mg/dL
EOS,09:16,B-EM 03,B-EM,HCT,23.2,CBC,mmHg
EOS,09:16,B-EM 03,B-EM,PLT,196,CBC,10^3/uL
EOS,09:16,B-EM 03,B-EM,WBC,5.5,CBC,10^3/uL
EOS,09:16,B-EM 03,B-EM,X._Free_Hb,0,% Free Hb,%
EOS,09:16,B-EM 03,B-EM,LAC,9.7,ABG,mmol/L
EOS,09:16,B-EM 03,B-EM,pH,7.395,ABG,value
EOS,09:16,B-EM 03,B-EM,pCO2,33.8,ABG,mmHg
EOS,09:16,B-EM 03,B-EM,pO2,98.5,ABG,mmHg
EOR,09:26,B-EM 03,B-EM,MAP,69,MAP,mmHg
EOR,09:26,B-EM 03,B-EM,bpm,281,Heart rate,bpm
EOR,09:26,B-EM 03,B-EM,RBC,2.35,CBC,M/mL
EOR,09:26,B-EM 03,B-EM,Hb,4.9,CBC,mg/dL
EOR,09:26,B-EM 03,B-EM,HCT,15.3,CBC,mmHg
EOR,09:26,B-EM 03,B-EM,PLT,119,CBC,10^3/uL
EOR,09:26,B-EM 03,B-EM,WBC,5.3,CBC,10^3/uL
EOR,09:26,B-EM 03,B-EM,X._Free_Hb,0,% Free Hb,%
EOR,09:26,B-EM 03,B-EM,LAC,8.8,ABG,mmol/L
EOR,09:26,B-EM 03,B-EM,pH,7.271,ABG,value
EOR,09:26,B-EM 03,B-EM,pCO2,42.8,ABG,mmHg
EOR,09:26,B-EM 03,B-EM,pO2,87.3,ABG,mmHg
EOR,09:26,B-EM 03,B-EM,AST,78,CMP,U/L
EOR,09:26,B-EM 03,B-EM,ALT,39,CMP,U/L
EOR,09:26,B-EM 03,B-EM,LDH,195,CMP,U/L
EOR,09:26,B-EM 03,B-EM,CREA,0.2,CMP,mg/dL
EOR,09:26,B-EM 03,B-EM,BUN,16.63,CMP,mg/dL
EOR,09:26,B-EM 03,B-EM,AMY,226,CMP,U/L
EOR,09:26,B-EM 03,B-EM,TG,154.96,CMP,mg/dL
EOR,09:26,B-EM 03,B-EM,GLU,285.93,CMP,mg/dL
EOR,09:26,B-EM 03,B-EM,GGT,6,CMP,U/L
EOR,09:26,B-EM 03,B-EM,CKHR_time,6.2,TEG 5000,min
EOR,09:26,B-EM 03,B-EM,CKH_K,2.2,TEG 5000,min
EOR,09:26,B-EM 03,B-EM,CKH_angle,63,TEG 5000,degree
EOR,09:26,B-EM 03,B-EM,CKH_MA,53.7,TEG 5000,mm
EOR,09:26,B-EM 03,B-EM,APTT,136.6,Coag Panel,sec
EOR,09:26,B-EM 03,B-EM,PT,14.9,Coag Panel,sec
EOR,09:26,B-EM 03,B-EM,TT,13.7,Coag Panel,sec
EOR,09:26,B-EM 03,B-EM,Fib,0.9,Coag Panel,g/L
10%,10:26,B-EM 03,B-EM,MAP,59,MAP,mmHg
10%,10:26,B-EM 03,B-EM,bpm,279,Heart rate,bpm
10%,10:26,B-EM 03,B-EM,LAC,5.8,ABG,mmol/L
10%,10:26,B-EM 03,B-EM,pH,7.476,ABG,value
10%,10:26,B-EM 03,B-EM,pCO2,30.2,ABG,mmHg
10%,10:26,B-EM 03,B-EM,pO2,107,ABG,mmHg
7.5%,11:20,B-EM 03,B-EM,MAP,63,MAP,mmHg
7.5%,11:20,B-EM 03,B-EM,bpm,227,Heart rate,bpm
7.5%,11:20,B-EM 03,B-EM,LAC,4.3,ABG,mmol/L
7.5%,11:20,B-EM 03,B-EM,pH,7.454,ABG,value
7.5%,11:20,B-EM 03,B-EM,pCO2,23.9,ABG,mmHg
7.5%,11:20,B-EM 03,B-EM,pO2,108,ABG,mmHg
5%,12:20,B-EM 03,B-EM,MAP,75,MAP,mmHg
5%,12:20,B-EM 03,B-EM,bpm,189,Heart rate,bpm
5%,12:20,B-EM 03,B-EM,LAC,6.9,ABG,mmol/L
5%,12:20,B-EM 03,B-EM,pH,7.457,ABG,value
5%,12:20,B-EM 03,B-EM,pCO2,20.1,ABG,mmHg
5%,12:20,B-EM 03,B-EM,pO2,102,ABG,mmHg
2.5%,13:20,B-EM 03,B-EM,MAP,75,MAP,mmHg
2.5%,13:20,B-EM 03,B-EM,bpm,179,Heart rate,bpm
2.5%,13:20,B-EM 03,B-EM,LAC,6.1,ABG,mmol/L
2.5%,13:20,B-EM 03,B-EM,pH,7.47,ABG,value
2.5%,13:20,B-EM 03,B-EM,pCO2,17,ABG,mmHg
2.5%,13:20,B-EM 03,B-EM,pO2,111,ABG,mmHg
EOB,13:30,B-EM 03,B-EM,MAP,70,MAP,mmHg
EOB,13:30,B-EM 03,B-EM,bpm,184,Heart rate,bpm
EOB,13:30,B-EM 03,B-EM,RBC,1.69,CBC,M/mL
EOB,13:30,B-EM 03,B-EM,Hb,3.9,CBC,mg/dL
EOB,13:30,B-EM 03,B-EM,HCT,10.8,CBC,mmHg
EOB,13:30,B-EM 03,B-EM,PLT,99,CBC,10^3/uL
EOB,13:30,B-EM 03,B-EM,WBC,1.2,CBC,10^3/uL
EOB,13:30,B-EM 03,B-EM,X._Free_Hb,0,% Free Hb,%
EOB,13:30,B-EM 03,B-EM,LAC,7.1,ABG,mmol/L
EOB,13:30,B-EM 03,B-EM,pH,7.722,ABG,value
EOB,13:30,B-EM 03,B-EM,pCO2,9.1,ABG,mmHg
EOB,13:30,B-EM 03,B-EM,pO2,191,ABG,mmHg
EOB,13:30,B-EM 03,B-EM,AST,264,CMP,U/L
EOB,13:30,B-EM 03,B-EM,ALT,79,CMP,U/L
EOB,13:30,B-EM 03,B-EM,LDH,234,CMP,U/L
EOB,13:30,B-EM 03,B-EM,CREA,0.8,CMP,mg/dL
EOB,13:30,B-EM 03,B-EM,BUN,24.52,CMP,mg/dL
EOB,13:30,B-EM 03,B-EM,AMY,250,CMP,U/L
EOB,13:30,B-EM 03,B-EM,TG,248.08,CMP,mg/dL
EOB,13:30,B-EM 03,B-EM,GLU,109.52,CMP,mg/dL
EOB,13:30,B-EM 03,B-EM,GGT,6,CMP,U/L
EOB,13:30,B-EM 03,B-EM,APTT,85.6,Coag Panel,sec
EOB,13:30,B-EM 03,B-EM,PT,13.5,Coag Panel,sec
EOB,13:30,B-EM 03,B-EM,TT,12.4,Coag Panel,sec
EOB,13:30,B-EM 03,B-EM,Fib,0.95,Coag Panel,g/L
24HR,09:26,B-EM 03,B-EM,MAP,81,MAP,mmHg
24HR,09:26,B-EM 03,B-EM,bpm,180,Heart rate,bpm
24HR,09:26,B-EM 03,B-EM,RBC,1.71,CBC,M/mL
24HR,09:26,B-EM 03,B-EM,Hb,3.7,CBC,mg/dL
24HR,09:26,B-EM 03,B-EM,HCT,10.9,CBC,mmHg
24HR,09:26,B-EM 03,B-EM,PLT,152,CBC,10^3/uL
24HR,09:26,B-EM 03,B-EM,WBC,7.1,CBC,10^3/uL
24HR,09:26,B-EM 03,B-EM,X._Free_Hb,0,% Free Hb,%
24HR,09:26,B-EM 03,B-EM,LAC,4.4,ABG,mmol/L
24HR,09:26,B-EM 03,B-EM,pH,7.692,ABG,value
24HR,09:26,B-EM 03,B-EM,pCO2,15.2,ABG,mmHg
24HR,09:26,B-EM 03,B-EM,pO2,170,ABG,mmHg
24HR,09:26,B-EM 03,B-EM,AST,650,CMP,U/L
24HR,09:26,B-EM 03,B-EM,ALT,281,CMP,U/L
24HR,09:26,B-EM 03,B-EM,LDH,737,CMP,U/L
24HR,09:26,B-EM 03,B-EM,CREA,0.7,CMP,mg/dL
24HR,09:26,B-EM 03,B-EM,BUN,38.42,CMP,mg/dL
24HR,09:26,B-EM 03,B-EM,AMY,243,CMP,U/L
24HR,09:26,B-EM 03,B-EM,TG,402.72,CMP,mg/dL
24HR,09:26,B-EM 03,B-EM,GLU,160.13,CMP,mg/dL
24HR,09:26,B-EM 03,B-EM,GGT,9,CMP,U/L
24HR,09:26,B-EM 03,B-EM,CKHR_time,13.8,TEG 5000,min
24HR,09:26,B-EM 03,B-EM,CKH_K,4.3,TEG 5000,min
24HR,09:26,B-EM 03,B-EM,CKH_angle,47.2,TEG 5000,degree
24HR,09:26,B-EM 03,B-EM,CKH_MA,70.8,TEG 5000,mm
24HR,09:26,B-EM 03,B-EM,APTT,79.9,Coag Panel,sec
24HR,09:26,B-EM 03,B-EM,PT,10.7,Coag Panel,sec
24HR,09:26,B-EM 03,B-EM,TT,16.2,Coag Panel,sec
24HR,09:26,B-EM 03,B-EM,Fib,2.55,Coag Panel,g/L
48HR,09:26,B-EM 03,B-EM,MAP,70,MAP,mmHg
48HR,09:26,B-EM 03,B-EM,bpm,293,Heart rate,bpm
48HR,09:26,B-EM 03,B-EM,RBC,1.6,CBC,M/mL
48HR,09:26,B-EM 03,B-EM,Hb,3.5,CBC,mg/dL
48HR,09:26,B-EM 03,B-EM,HCT,10.7,CBC,mmHg
48HR,09:26,B-EM 03,B-EM,PLT,206,CBC,10^3/uL
48HR,09:26,B-EM 03,B-EM,WBC,13.4,CBC,10^3/uL
48HR,09:26,B-EM 03,B-EM,X._Free_Hb,0,% Free Hb,%
48HR,09:26,B-EM 03,B-EM,LAC,4.1,ABG,mmol/L
48HR,09:26,B-EM 03,B-EM,pH,7.519,ABG,value
48HR,09:26,B-EM 03,B-EM,pCO2,29.1,ABG,mmHg
48HR,09:26,B-EM 03,B-EM,pO2,81.9,ABG,mmHg
48HR,09:26,B-EM 03,B-EM,AST,462,CMP,U/L
48HR,09:26,B-EM 03,B-EM,ALT,352,CMP,U/L
48HR,09:26,B-EM 03,B-EM,LDH,727,CMP,U/L
48HR,09:26,B-EM 03,B-EM,CREA,0.6,CMP,mg/dL
48HR,09:26,B-EM 03,B-EM,BUN,18.07,CMP,mg/dL
48HR,09:26,B-EM 03,B-EM,AMY,552,CMP,U/L
48HR,09:26,B-EM 03,B-EM,TG,427.69,CMP,mg/dL
48HR,09:26,B-EM 03,B-EM,GLU,139.96,CMP,mg/dL
48HR,09:26,B-EM 03,B-EM,GGT,13,CMP,U/L
48HR,09:26,B-EM 03,B-EM,APTT,95.4,Coag Panel,sec
48HR,09:26,B-EM 03,B-EM,PT,10.4,Coag Panel,sec
48HR,09:26,B-EM 03,B-EM,TT,20.3,Coag Panel,sec
48HR,09:26,B-EM 03,B-EM,Fib,3.6,Coag Panel,g/L
72HR,09:26,B-EM 03,B-EM,MAP,66,MAP,mmHg
72HR,09:26,B-EM 03,B-EM,bpm,289,Heart rate,bpm
72HR,09:26,B-EM 03,B-EM,RBC,1.8,CBC,M/mL
72HR,09:26,B-EM 03,B-EM,Hb,4,CBC,mg/dL
72HR,09:26,B-EM 03,B-EM,HCT,12.9,CBC,mmHg
72HR,09:26,B-EM 03,B-EM,PLT,292,CBC,10^3/uL
72HR,09:26,B-EM 03,B-EM,WBC,14,CBC,10^3/uL
72HR,09:26,B-EM 03,B-EM,X._Free_Hb,0,% Free Hb,%
72HR,09:26,B-EM 03,B-EM,LAC,4,ABG,mmol/L
72HR,09:26,B-EM 03,B-EM,pH,7.472,ABG,value
72HR,09:26,B-EM 03,B-EM,pCO2,32.9,ABG,mmHg
72HR,09:26,B-EM 03,B-EM,pO2,75.2,ABG,mmHg
72HR,09:26,B-EM 03,B-EM,AST,176,CMP,U/L
72HR,09:26,B-EM 03,B-EM,ALT,311,CMP,U/L
72HR,09:26,B-EM 03,B-EM,LDH,298,CMP,U/L
72HR,09:26,B-EM 03,B-EM,CREA,0.5,CMP,mg/dL
72HR,09:26,B-EM 03,B-EM,BUN,17.33,CMP,mg/dL
72HR,09:26,B-EM 03,B-EM,AMY,437,CMP,U/L
72HR,09:26,B-EM 03,B-EM,TG,457.14,CMP,mg/dL
72HR,09:26,B-EM 03,B-EM,GLU,132.57,CMP,mg/dL
72HR,09:26,B-EM 03,B-EM,GGT,13,CMP,U/L
72HR,09:26,B-EM 03,B-EM,APTT,80.3,Coag Panel,sec
72HR,09:26,B-EM 03,B-EM,PT,9,Coag Panel,sec
72HR,09:26,B-EM 03,B-EM,TT,16.5,Coag Panel,sec
72HR,09:26,B-EM 03,B-EM,Fib,2.52,Coag Panel,g/L
Baseline,06:50,B-EM 04,B-EM,MAP,71,MAP,mmHg
Baseline,06:50,B-EM 04,B-EM,bpm,169,Heart rate,bpm
Baseline,06:50,B-EM 04,B-EM,RBC,5.25,CBC,M/mL
Baseline,06:50,B-EM 04,B-EM,Hb,11,CBC,mg/dL
Baseline,06:50,B-EM 04,B-EM,HCT,34.9,CBC,mmHg
Baseline,06:50,B-EM 04,B-EM,PLT,18,CBC,10^3/uL
Baseline,06:50,B-EM 04,B-EM,WBC,5.5,CBC,10^3/uL
Baseline,06:50,B-EM 04,B-EM,X._Free_Hb,0,% Free Hb,%
Baseline,06:50,B-EM 04,B-EM,LAC,1.1,ABG,mmol/L
Baseline,06:50,B-EM 04,B-EM,pH,7.581,ABG,value
Baseline,06:50,B-EM 04,B-EM,pCO2,27.1,ABG,mmHg
Baseline,06:50,B-EM 04,B-EM,pO2,194,ABG,mmHg
Baseline,06:50,B-EM 04,B-EM,AST,650,CMP,U/L
Baseline,06:50,B-EM 04,B-EM,ALT,44,CMP,U/L
Baseline,06:50,B-EM 04,B-EM,LDH,197,CMP,U/L
Baseline,06:50,B-EM 04,B-EM,CREA,0.4,CMP,mg/dL
Baseline,06:50,B-EM 04,B-EM,BUN,9.69,CMP,mg/dL
Baseline,06:50,B-EM 04,B-EM,AMY,215,CMP,U/L
Baseline,06:50,B-EM 04,B-EM,TG,101.68,CMP,mg/dL
Baseline,06:50,B-EM 04,B-EM,GLU,151.24,CMP,mg/dL
Baseline,06:50,B-EM 04,B-EM,GGT,11,CMP,U/L
Baseline,06:50,B-EM 04,B-EM,APTT,139.4,Coag Panel,sec
Baseline,06:50,B-EM 04,B-EM,PT,17,Coag Panel,sec
Baseline,06:50,B-EM 04,B-EM,TT,21,Coag Panel,sec
Baseline,06:50,B-EM 04,B-EM,Fib,2.3,Coag Panel,g/L
EOS,09:44,B-EM 04,B-EM,MAP,35,MAP,mmHg
EOS,09:44,B-EM 04,B-EM,bpm,266,Heart rate,bpm
EOS,09:44,B-EM 04,B-EM,RBC,2.42,CBC,M/mL
EOS,09:44,B-EM 04,B-EM,Hb,5.2,CBC,mg/dL
EOS,09:44,B-EM 04,B-EM,HCT,15.9,CBC,mmHg
EOS,09:44,B-EM 04,B-EM,PLT,190,CBC,10^3/uL
EOS,09:44,B-EM 04,B-EM,WBC,3.5,CBC,10^3/uL
EOS,09:44,B-EM 04,B-EM,X._Free_Hb,0,% Free Hb,%
EOS,09:44,B-EM 04,B-EM,LAC,2.8,ABG,mmol/L
EOS,09:44,B-EM 04,B-EM,pH,7.399,ABG,value
EOS,09:44,B-EM 04,B-EM,pCO2,45.7,ABG,mmHg
EOS,09:44,B-EM 04,B-EM,pO2,68.3,ABG,mmHg
EOR,09:54,B-EM 04,B-EM,MAP,47,MAP,mmHg
EOR,09:54,B-EM 04,B-EM,bpm,287,Heart rate,bpm
EOR,09:54,B-EM 04,B-EM,RBC,2.08,CBC,M/mL
EOR,09:54,B-EM 04,B-EM,Hb,4.5,CBC,mg/dL
EOR,09:54,B-EM 04,B-EM,HCT,13.7,CBC,mmHg
EOR,09:54,B-EM 04,B-EM,PLT,175,CBC,10^3/uL
EOR,09:54,B-EM 04,B-EM,WBC,2.3,CBC,10^3/uL
EOR,09:54,B-EM 04,B-EM,X._Free_Hb,0,% Free Hb,%
EOR,09:54,B-EM 04,B-EM,LAC,2.5,ABG,mmol/L
EOR,09:54,B-EM 04,B-EM,pH,7.417,ABG,value
EOR,09:54,B-EM 04,B-EM,pCO2,42.4,ABG,mmHg
EOR,09:54,B-EM 04,B-EM,pO2,76,ABG,mmHg
EOR,09:54,B-EM 04,B-EM,AST,50,CMP,U/L
EOR,09:54,B-EM 04,B-EM,ALT,28,CMP,U/L
EOR,09:54,B-EM 04,B-EM,LDH,118,CMP,U/L
EOR,09:54,B-EM 04,B-EM,CREA,0.3,CMP,mg/dL
EOR,09:54,B-EM 04,B-EM,BUN,14.5,CMP,mg/dL
EOR,09:54,B-EM 04,B-EM,AMY,111,CMP,U/L
EOR,09:54,B-EM 04,B-EM,TG,87.04,CMP,mg/dL
EOR,09:54,B-EM 04,B-EM,GLU,263.69,CMP,mg/dL
EOR,09:54,B-EM 04,B-EM,GGT,4,CMP,U/L
EOR,09:54,B-EM 04,B-EM,APTT,121.3,Coag Panel,sec
EOR,09:54,B-EM 04,B-EM,PT,35.9,Coag Panel,sec
EOR,09:54,B-EM 04,B-EM,TT,53.8,Coag Panel,sec
EOR,09:54,B-EM 04,B-EM,Fib,1.1,Coag Panel,g/L
10%,10:54,B-EM 04,B-EM,MAP,45,MAP,mmHg
10%,10:54,B-EM 04,B-EM,bpm,285,Heart rate,bpm
10%,10:54,B-EM 04,B-EM,LAC,3.2,ABG,mmol/L
10%,10:54,B-EM 04,B-EM,pH,7.465,ABG,value
10%,10:54,B-EM 04,B-EM,pCO2,37.2,ABG,mmHg
10%,10:54,B-EM 04,B-EM,pO2,78.7,ABG,mmHg
7.5%,11:54,B-EM 04,B-EM,MAP,54,MAP,mmHg
7.5%,11:54,B-EM 04,B-EM,bpm,172,Heart rate,bpm
7.5%,11:54,B-EM 04,B-EM,LAC,3.8,ABG,mmol/L
7.5%,11:54,B-EM 04,B-EM,pH,7.511,ABG,value
7.5%,11:54,B-EM 04,B-EM,pCO2,27.5,ABG,mmHg
7.5%,11:54,B-EM 04,B-EM,pO2,105,ABG,mmHg
5%,12:54,B-EM 04,B-EM,MAP,57,MAP,mmHg
5%,12:54,B-EM 04,B-EM,bpm,169,Heart rate,bpm
5%,12:54,B-EM 04,B-EM,LAC,4.3,ABG,mmol/L
5%,12:54,B-EM 04,B-EM,pH,7.449,ABG,value
5%,12:54,B-EM 04,B-EM,pCO2,23.4,ABG,mmHg
5%,12:54,B-EM 04,B-EM,pO2,108,ABG,mmHg
2.5%,13:54,B-EM 04,B-EM,MAP,55,MAP,mmHg
2.5%,13:54,B-EM 04,B-EM,bpm,173,Heart rate,bpm
2.5%,13:54,B-EM 04,B-EM,LAC,4.1,ABG,mmol/L
2.5%,13:54,B-EM 04,B-EM,pH,7.49,ABG,value
2.5%,13:54,B-EM 04,B-EM,pCO2,22.8,ABG,mmHg
2.5%,13:54,B-EM 04,B-EM,pO2,102,ABG,mmHg
EOB,14:04,B-EM 04,B-EM,MAP,62,MAP,mmHg
EOB,14:04,B-EM 04,B-EM,bpm,170,Heart rate,bpm
EOB,14:04,B-EM 04,B-EM,RBC,1.83,CBC,M/mL
EOB,14:04,B-EM 04,B-EM,Hb,3.9,CBC,mg/dL
EOB,14:04,B-EM 04,B-EM,HCT,12,CBC,mmHg
EOB,14:04,B-EM 04,B-EM,PLT,183,CBC,10^3/uL
EOB,14:04,B-EM 04,B-EM,WBC,0.8,CBC,10^3/uL
EOB,14:04,B-EM 04,B-EM,X._Free_Hb,0,% Free Hb,%
EOB,14:04,B-EM 04,B-EM,LAC,4.4,ABG,mmol/L
EOB,14:04,B-EM 04,B-EM,pH,7.495,ABG,value
EOB,14:04,B-EM 04,B-EM,pCO2,23.1,ABG,mmHg
EOB,14:04,B-EM 04,B-EM,pO2,99.2,ABG,mmHg
EOB,14:04,B-EM 04,B-EM,AST,165,CMP,U/L
EOB,14:04,B-EM 04,B-EM,ALT,61,CMP,U/L
EOB,14:04,B-EM 04,B-EM,LDH,358,CMP,U/L
EOB,14:04,B-EM 04,B-EM,CREA,0.7,CMP,mg/dL
EOB,14:04,B-EM 04,B-EM,BUN,16.3,CMP,mg/dL
EOB,14:04,B-EM 04,B-EM,AMY,178,CMP,U/L
EOB,14:04,B-EM 04,B-EM,TG,108.08,CMP,mg/dL
EOB,14:04,B-EM 04,B-EM,GLU,125.45,CMP,mg/dL
EOB,14:04,B-EM 04,B-EM,GGT,5,CMP,U/L
24HR,09:45,B-EM 04,B-EM,MAP,47,MAP,mmHg
24HR,09:45,B-EM 04,B-EM,bpm,268,Heart rate,bpm
24HR,09:45,B-EM 04,B-EM,RBC,2.18,CBC,M/mL
24HR,09:45,B-EM 04,B-EM,Hb,4.7,CBC,mg/dL
24HR,09:45,B-EM 04,B-EM,HCT,14.2,CBC,mmHg
24HR,09:45,B-EM 04,B-EM,PLT,300,CBC,10^3/uL
24HR,09:45,B-EM 04,B-EM,WBC,5.3,CBC,10^3/uL
24HR,09:45,B-EM 04,B-EM,X._Free_Hb,0,% Free Hb,%
24HR,09:45,B-EM 04,B-EM,LAC,1.8,ABG,mmol/L
24HR,09:45,B-EM 04,B-EM,pH,7.509,ABG,value
24HR,09:45,B-EM 04,B-EM,pCO2,34.8,ABG,mmHg
24HR,09:45,B-EM 04,B-EM,pO2,83.6,ABG,mmHg
24HR,09:45,B-EM 04,B-EM,AST,650,CMP,U/L
24HR,09:45,B-EM 04,B-EM,ALT,381,CMP,U/L
24HR,09:45,B-EM 04,B-EM,LDH,486,CMP,U/L
24HR,09:45,B-EM 04,B-EM,CREA,0.6,CMP,mg/dL
24HR,09:45,B-EM 04,B-EM,BUN,19.12,CMP,mg/dL
24HR,09:45,B-EM 04,B-EM,AMY,152,CMP,U/L
24HR,09:45,B-EM 04,B-EM,TG,150.49,CMP,mg/dL
24HR,09:45,B-EM 04,B-EM,GLU,136.28,CMP,mg/dL
24HR,09:45,B-EM 04,B-EM,GGT,9,CMP,U/L
24HR,09:45,B-EM 04,B-EM,CKHR_time,12.7,TEG 5000,min
24HR,09:45,B-EM 04,B-EM,CKH_K,3.8,TEG 5000,min
24HR,09:45,B-EM 04,B-EM,CKH_angle,60.5,TEG 5000,degree
24HR,09:45,B-EM 04,B-EM,CKH_MA,75,TEG 5000,mm
24HR,09:45,B-EM 04,B-EM,APTT,72.8,Coag Panel,sec
24HR,09:45,B-EM 04,B-EM,PT,13.3,Coag Panel,sec
24HR,09:45,B-EM 04,B-EM,TT,12.9,Coag Panel,sec
24HR,09:45,B-EM 04,B-EM,Fib,1.36,Coag Panel,g/L
48HR,09:54,B-EM 04,B-EM,MAP,55,MAP,mmHg
48HR,09:54,B-EM 04,B-EM,bpm,278,Heart rate,bpm
48HR,09:54,B-EM 04,B-EM,RBC,1.99,CBC,M/mL
48HR,09:54,B-EM 04,B-EM,Hb,4.4,CBC,mg/dL
48HR,09:54,B-EM 04,B-EM,HCT,13,CBC,mmHg
48HR,09:54,B-EM 04,B-EM,PLT,91,CBC,10^3/uL
48HR,09:54,B-EM 04,B-EM,WBC,4.2,CBC,10^3/uL
48HR,09:54,B-EM 04,B-EM,X._Free_Hb,0,% Free Hb,%
48HR,09:54,B-EM 04,B-EM,LAC,2.4,ABG,mmol/L
48HR,09:54,B-EM 04,B-EM,pH,7.507,ABG,value
48HR,09:54,B-EM 04,B-EM,pCO2,31.1,ABG,mmHg
48HR,09:54,B-EM 04,B-EM,pO2,84.9,ABG,mmHg
48HR,09:54,B-EM 04,B-EM,AST,129,CMP,U/L
48HR,09:54,B-EM 04,B-EM,ALT,235,CMP,U/L
48HR,09:54,B-EM 04,B-EM,LDH,246,CMP,U/L
48HR,09:54,B-EM 04,B-EM,CREA,0.3,CMP,mg/dL
48HR,09:54,B-EM 04,B-EM,BUN,21.02,CMP,mg/dL
48HR,09:54,B-EM 04,B-EM,AMY,308,CMP,U/L
48HR,09:54,B-EM 04,B-EM,TG,210.46,CMP,mg/dL
48HR,09:54,B-EM 04,B-EM,GLU,141.4,CMP,mg/dL
48HR,09:54,B-EM 04,B-EM,GGT,12,CMP,U/L
48HR,09:54,B-EM 04,B-EM,APTT,137.3,Coag Panel,sec
48HR,09:54,B-EM 04,B-EM,PT,10.9,Coag Panel,sec
48HR,09:54,B-EM 04,B-EM,TT,15.7,Coag Panel,sec
48HR,09:54,B-EM 04,B-EM,Fib,2.34,Coag Panel,g/L
72HR,09:54,B-EM 04,B-EM,MAP,55,MAP,mmHg
72HR,09:54,B-EM 04,B-EM,bpm,223,Heart rate,bpm
72HR,09:54,B-EM 04,B-EM,RBC,2.31,CBC,M/mL
72HR,09:54,B-EM 04,B-EM,Hb,4.9,CBC,mg/dL
72HR,09:54,B-EM 04,B-EM,HCT,15.4,CBC,mmHg
72HR,09:54,B-EM 04,B-EM,PLT,428,CBC,10^3/uL
72HR,09:54,B-EM 04,B-EM,WBC,5.7,CBC,10^3/uL
72HR,09:54,B-EM 04,B-EM,X._Free_Hb,0,% Free Hb,%
72HR,09:54,B-EM 04,B-EM,LAC,0.9,ABG,mmol/L
72HR,09:54,B-EM 04,B-EM,pH,7.511,ABG,value
72HR,09:54,B-EM 04,B-EM,pCO2,35,ABG,mmHg
72HR,09:54,B-EM 04,B-EM,pO2,87,ABG,mmHg
72HR,09:54,B-EM 04,B-EM,AST,42,CMP,U/L
72HR,09:54,B-EM 04,B-EM,ALT,157,CMP,U/L
72HR,09:54,B-EM 04,B-EM,LDH,55,CMP,U/L
72HR,09:54,B-EM 04,B-EM,CREA,0.3,CMP,mg/dL
72HR,09:54,B-EM 04,B-EM,BUN,19.44,CMP,mg/dL
72HR,09:54,B-EM 04,B-EM,AMY,204,CMP,U/L
72HR,09:54,B-EM 04,B-EM,TG,177.23,CMP,mg/dL
72HR,09:54,B-EM 04,B-EM,GLU,126.59,CMP,mg/dL
Baseline,06:50,B-EM 05,B-EM,MAP,81,MAP,mmHg
Baseline,06:50,B-EM 05,B-EM,bpm,285,Heart rate,bpm
Baseline,06:50,B-EM 05,B-EM,RBC,5.82,CBC,M/mL
Baseline,06:50,B-EM 05,B-EM,Hb,12,CBC,mg/dL
Baseline,06:50,B-EM 05,B-EM,HCT,38.6,CBC,mmHg
Baseline,06:50,B-EM 05,B-EM,PLT,130,CBC,10^3/uL
Baseline,06:50,B-EM 05,B-EM,WBC,10.1,CBC,10^3/uL
Baseline,06:50,B-EM 05,B-EM,X._Free_Hb,0,% Free Hb,%
Baseline,06:50,B-EM 05,B-EM,LAC,1.9,ABG,mmol/L
Baseline,06:50,B-EM 05,B-EM,pH,7.477,ABG,value
Baseline,06:50,B-EM 05,B-EM,pCO2,39.5,ABG,mmHg
Baseline,06:50,B-EM 05,B-EM,pO2,73.5,ABG,mmHg
Baseline,06:50,B-EM 05,B-EM,AST,67,CMP,U/L
Baseline,06:50,B-EM 05,B-EM,ALT,76,CMP,U/L
Baseline,06:50,B-EM 05,B-EM,LDH,170,CMP,U/L
Baseline,06:50,B-EM 05,B-EM,CREA,0.6,CMP,mg/dL
Baseline,06:50,B-EM 05,B-EM,BUN,11.79,CMP,mg/dL
Baseline,06:50,B-EM 05,B-EM,AMY,261,CMP,U/L
Baseline,06:50,B-EM 05,B-EM,TG,182.94,CMP,mg/dL
Baseline,06:50,B-EM 05,B-EM,GLU,153.48,CMP,mg/dL
Baseline,06:50,B-EM 05,B-EM,GGT,10,CMP,U/L
Baseline,06:50,B-EM 05,B-EM,APTT,140.3,Coag Panel,sec
Baseline,06:50,B-EM 05,B-EM,PT,18.4,Coag Panel,sec
Baseline,06:50,B-EM 05,B-EM,TT,20.5,Coag Panel,sec
Baseline,06:50,B-EM 05,B-EM,Fib,2.02,Coag Panel,g/L
EOS,09:27,B-EM 05,B-EM,MAP,72,MAP,mmHg
EOS,09:27,B-EM 05,B-EM,bpm,187,Heart rate,bpm
EOS,09:27,B-EM 05,B-EM,RBC,3.63,CBC,M/mL
EOS,09:27,B-EM 05,B-EM,Hb,7.8,CBC,mg/dL
EOS,09:27,B-EM 05,B-EM,HCT,23.8,CBC,mmHg
EOS,09:27,B-EM 05,B-EM,PLT,27,CBC,10^3/uL
EOS,09:27,B-EM 05,B-EM,WBC,3.3,CBC,10^3/uL
EOS,09:27,B-EM 05,B-EM,X._Free_Hb,0,% Free Hb,%
EOS,09:27,B-EM 05,B-EM,LAC,14.5,ABG,mmol/L
EOS,09:27,B-EM 05,B-EM,pH,7.442,ABG,value
EOS,09:27,B-EM 05,B-EM,pCO2,31.6,ABG,mmHg
EOS,09:27,B-EM 05,B-EM,pO2,89.3,ABG,mmHg
EOR,09:37,B-EM 05,B-EM,MAP,66,MAP,mmHg
EOR,09:37,B-EM 05,B-EM,bpm,180,Heart rate,bpm
EOR,09:37,B-EM 05,B-EM,RBC,2.25,CBC,M/mL
EOR,09:37,B-EM 05,B-EM,Hb,4.9,CBC,mg/dL
EOR,09:37,B-EM 05,B-EM,HCT,14.7,CBC,mmHg
EOR,09:37,B-EM 05,B-EM,PLT,117,CBC,10^3/uL
EOR,09:37,B-EM 05,B-EM,WBC,1.8,CBC,10^3/uL
EOR,09:37,B-EM 05,B-EM,X._Free_Hb,0,% Free Hb,%
EOR,09:37,B-EM 05,B-EM,LAC,11.8,ABG,mmol/L
EOR,09:37,B-EM 05,B-EM,pH,7.39,ABG,value
EOR,09:37,B-EM 05,B-EM,pCO2,33.2,ABG,mmHg
EOR,09:37,B-EM 05,B-EM,pO2,90.1,ABG,mmHg
EOR,09:37,B-EM 05,B-EM,AST,82,CMP,U/L
EOR,09:37,B-EM 05,B-EM,ALT,57,CMP,U/L
EOR,09:37,B-EM 05,B-EM,LDH,207,CMP,U/L
EOR,09:37,B-EM 05,B-EM,CREA,0.7,CMP,mg/dL
EOR,09:37,B-EM 05,B-EM,BUN,17.93,CMP,mg/dL
EOR,09:37,B-EM 05,B-EM,AMY,143,CMP,U/L
EOR,09:37,B-EM 05,B-EM,TG,189.59,CMP,mg/dL
EOR,09:37,B-EM 05,B-EM,GLU,323.71,CMP,mg/dL
EOR,09:37,B-EM 05,B-EM,GGT,6,CMP,U/L
EOR,09:37,B-EM 05,B-EM,APTT,125.8,Coag Panel,sec
EOR,09:37,B-EM 05,B-EM,PT,22.9,Coag Panel,sec
EOR,09:37,B-EM 05,B-EM,TT,13.7,Coag Panel,sec
EOR,09:37,B-EM 05,B-EM,Fib,0.71,Coag Panel,g/L
10%,10:37,B-EM 05,B-EM,MAP,35,MAP,mmHg
10%,10:37,B-EM 05,B-EM,bpm,273,Heart rate,bpm
10%,10:37,B-EM 05,B-EM,LAC,7.6,ABG,mmol/L
10%,10:37,B-EM 05,B-EM,pH,7.434,ABG,value
10%,10:37,B-EM 05,B-EM,pCO2,30.7,ABG,mmHg
10%,10:37,B-EM 05,B-EM,pO2,95,ABG,mmHg
7.5%,11:37,B-EM 05,B-EM,MAP,67,MAP,mmHg
7.5%,11:37,B-EM 05,B-EM,bpm,298,Heart rate,bpm
7.5%,11:37,B-EM 05,B-EM,LAC,6.5,ABG,mmol/L
7.5%,11:37,B-EM 05,B-EM,pH,7.493,ABG,value
7.5%,11:37,B-EM 05,B-EM,pCO2,27.5,ABG,mmHg
7.5%,11:37,B-EM 05,B-EM,pO2,29.7,ABG,mmHg
5%,12:37,B-EM 05,B-EM,MAP,73,MAP,mmHg
5%,12:37,B-EM 05,B-EM,bpm,174,Heart rate,bpm
5%,12:37,B-EM 05,B-EM,LAC,8.4,ABG,mmol/L
5%,12:37,B-EM 05,B-EM,pH,7.486,ABG,value
5%,12:37,B-EM 05,B-EM,pCO2,25.2,ABG,mmHg
5%,12:37,B-EM 05,B-EM,pO2,30.2,ABG,mmHg
2.5%,13:37,B-EM 05,B-EM,MAP,70,MAP,mmHg
2.5%,13:37,B-EM 05,B-EM,bpm,175,Heart rate,bpm
2.5%,13:37,B-EM 05,B-EM,LAC,7.4,ABG,mmol/L
2.5%,13:37,B-EM 05,B-EM,pH,7.525,ABG,value
2.5%,13:37,B-EM 05,B-EM,pCO2,23.1,ABG,mmHg
2.5%,13:37,B-EM 05,B-EM,pO2,35.5,ABG,mmHg
EOB,13:47,B-EM 05,B-EM,MAP,66,MAP,mmHg
EOB,13:47,B-EM 05,B-EM,bpm,181,Heart rate,bpm
EOB,13:47,B-EM 05,B-EM,RBC,1.72,CBC,M/mL
EOB,13:47,B-EM 05,B-EM,Hb,3.8,CBC,mg/dL
EOB,13:47,B-EM 05,B-EM,HCT,11.1,CBC,mmHg
EOB,13:47,B-EM 05,B-EM,PLT,85,CBC,10^3/uL
EOB,13:47,B-EM 05,B-EM,WBC,1,CBC,10^3/uL
EOB,13:47,B-EM 05,B-EM,X._Free_Hb,0,% Free Hb,%
EOB,13:47,B-EM 05,B-EM,LAC,7.2,ABG,mmol/L
EOB,13:47,B-EM 05,B-EM,pH,7.497,ABG,value
EOB,13:47,B-EM 05,B-EM,pCO2,26.2,ABG,mmHg
EOB,13:47,B-EM 05,B-EM,pO2,31.1,ABG,mmHg
EOB,13:47,B-EM 05,B-EM,AST,110,CMP,U/L
EOB,13:47,B-EM 05,B-EM,ALT,57,CMP,U/L
EOB,13:47,B-EM 05,B-EM,LDH,294,CMP,U/L
EOB,13:47,B-EM 05,B-EM,CREA,0.9,CMP,mg/dL
EOB,13:47,B-EM 05,B-EM,BUN,14.88,CMP,mg/dL
EOB,13:47,B-EM 05,B-EM,AMY,158,CMP,U/L
EOB,13:47,B-EM 05,B-EM,TG,221.71,CMP,mg/dL
EOB,13:47,B-EM 05,B-EM,GLU,133.26,CMP,mg/dL
EOB,13:47,B-EM 05,B-EM,GGT,2,CMP,U/L
EOB,13:47,B-EM 05,B-EM,CKHR_time,6.8,TEG 5000,min
EOB,13:47,B-EM 05,B-EM,CKH_K,2.6,TEG 5000,min
EOB,13:47,B-EM 05,B-EM,CKH_angle,62,TEG 5000,degree
EOB,13:47,B-EM 05,B-EM,CKH_MA,43.6,TEG 5000,mm
EOB,13:47,B-EM 05,B-EM,APTT,140.1,Coag Panel,sec
EOB,13:47,B-EM 05,B-EM,PT,17.9,Coag Panel,sec
EOB,13:47,B-EM 05,B-EM,TT,17.6,Coag Panel,sec
EOB,13:47,B-EM 05,B-EM,Fib,1.22,Coag Panel,g/L
24HR,09:37,B-EM 05,B-EM,MAP,58,MAP,mmHg
24HR,09:37,B-EM 05,B-EM,bpm,275,Heart rate,bpm
24HR,09:37,B-EM 05,B-EM,RBC,1.81,CBC,M/mL
24HR,09:37,B-EM 05,B-EM,Hb,4.4,CBC,mg/dL
24HR,09:37,B-EM 05,B-EM,HCT,12,CBC,mmHg
24HR,09:37,B-EM 05,B-EM,PLT,29,CBC,10^3/uL
24HR,09:37,B-EM 05,B-EM,WBC,7.3,CBC,10^3/uL
24HR,09:37,B-EM 05,B-EM,X._Free_Hb,0,% Free Hb,%
24HR,09:37,B-EM 05,B-EM,LAC,2.1,ABG,mmol/L
24HR,09:37,B-EM 05,B-EM,pH,7.423,ABG,value
24HR,09:37,B-EM 05,B-EM,pCO2,35.8,ABG,mmHg
24HR,09:37,B-EM 05,B-EM,pO2,28.6,ABG,mmHg
24HR,09:37,B-EM 05,B-EM,AST,366,CMP,U/L
24HR,09:37,B-EM 05,B-EM,ALT,211,CMP,U/L
24HR,09:37,B-EM 05,B-EM,LDH,522,CMP,U/L
24HR,09:37,B-EM 05,B-EM,CREA,0.5,CMP,mg/dL
24HR,09:37,B-EM 05,B-EM,BUN,32,CMP,mg/dL
24HR,09:37,B-EM 05,B-EM,AMY,195,CMP,U/L
24HR,09:37,B-EM 05,B-EM,TG,501,CMP,mg/dL
24HR,09:37,B-EM 05,B-EM,GLU,144.13,CMP,mg/dL
24HR,09:37,B-EM 05,B-EM,GGT,13,CMP,U/L
24HR,09:37,B-EM 05,B-EM,APTT,139.6,Coag Panel,sec
24HR,09:37,B-EM 05,B-EM,PT,16.3,Coag Panel,sec
24HR,09:37,B-EM 05,B-EM,TT,22,Coag Panel,sec
24HR,09:37,B-EM 05,B-EM,Fib,2.94,Coag Panel,g/L
48HR,09:37,B-EM 05,B-EM,MAP,54,MAP,mmHg
48HR,09:37,B-EM 05,B-EM,bpm,286,Heart rate,bpm
48HR,09:37,B-EM 05,B-EM,RBC,2.2,CBC,M/mL
48HR,09:37,B-EM 05,B-EM,Hb,4.5,CBC,mg/dL
48HR,09:37,B-EM 05,B-EM,HCT,13.7,CBC,mmHg
48HR,09:37,B-EM 05,B-EM,PLT,0,CBC,10^3/uL
48HR,09:37,B-EM 05,B-EM,WBC,0.1,CBC,10^3/uL
48HR,09:37,B-EM 05,B-EM,X._Free_Hb,0,% Free Hb,%
48HR,09:37,B-EM 05,B-EM,LAC,2.6,ABG,mmol/L
48HR,09:37,B-EM 05,B-EM,pH,7.609,ABG,value
48HR,09:37,B-EM 05,B-EM,pCO2,25.9,ABG,mmHg
48HR,09:37,B-EM 05,B-EM,pO2,172,ABG,mmHg
48HR,09:37,B-EM 05,B-EM,AST,269,CMP,U/L
48HR,09:37,B-EM 05,B-EM,ALT,256,CMP,U/L
48HR,09:37,B-EM 05,B-EM,LDH,450,CMP,U/L
48HR,09:37,B-EM 05,B-EM,CREA,0.5,CMP,mg/dL
48HR,09:37,B-EM 05,B-EM,BUN,18.09,CMP,mg/dL
48HR,09:37,B-EM 05,B-EM,AMY,345,CMP,U/L
48HR,09:37,B-EM 05,B-EM,TG,609,CMP,mg/dL
48HR,09:37,B-EM 05,B-EM,GLU,133.09,CMP,mg/dL
48HR,09:37,B-EM 05,B-EM,GGT,11,CMP,U/L
48HR,09:37,B-EM 05,B-EM,APTT,9.5,Coag Panel,sec
48HR,09:37,B-EM 05,B-EM,PT,56.5,Coag Panel,sec
48HR,09:37,B-EM 05,B-EM,Fib,0.78,Coag Panel,g/L
Baseline,06:50,B-EM 06,B-EM,MAP,83,MAP,mmHg
Baseline,06:50,B-EM 06,B-EM,bpm,240,Heart rate,bpm
Baseline,06:50,B-EM 06,B-EM,RBC,5.88,CBC,M/mL
Baseline,06:50,B-EM 06,B-EM,Hb,11.8,CBC,mg/dL
Baseline,06:50,B-EM 06,B-EM,HCT,36.8,CBC,mmHg
Baseline,06:50,B-EM 06,B-EM,PLT,94,CBC,10^3/uL
Baseline,06:50,B-EM 06,B-EM,WBC,11.5,CBC,10^3/uL
Baseline,06:50,B-EM 06,B-EM,X._Free_Hb,0,% Free Hb,%
Baseline,06:50,B-EM 06,B-EM,LAC,3.1,ABG,mmol/L
Baseline,06:50,B-EM 06,B-EM,pH,7.565,ABG,value
Baseline,06:50,B-EM 06,B-EM,pCO2,42.4,ABG,mmHg
Baseline,06:50,B-EM 06,B-EM,pO2,77.5,ABG,mmHg
Baseline,06:50,B-EM 06,B-EM,AST,23,CMP,U/L
Baseline,06:50,B-EM 06,B-EM,ALT,36,CMP,U/L
Baseline,06:50,B-EM 06,B-EM,LDH,74,CMP,U/L
Baseline,06:50,B-EM 06,B-EM,CREA,0.7,CMP,mg/dL
Baseline,06:50,B-EM 06,B-EM,BUN,10.21,CMP,mg/dL
Baseline,06:50,B-EM 06,B-EM,AMY,195,CMP,U/L
Baseline,06:50,B-EM 06,B-EM,TG,42.74,CMP,mg/dL
Baseline,06:50,B-EM 06,B-EM,GLU,99.3,CMP,mg/dL
Baseline,06:50,B-EM 06,B-EM,GGT,9,CMP,U/L
Baseline,06:50,B-EM 06,B-EM,APTT,12.6,Coag Panel,sec
Baseline,06:50,B-EM 06,B-EM,PT,12.2,Coag Panel,sec
Baseline,06:50,B-EM 06,B-EM,TT,24.3,Coag Panel,sec
Baseline,06:50,B-EM 06,B-EM,Fib,1.82,Coag Panel,g/L
EOS,09:18,B-EM 06,B-EM,MAP,36,MAP,mmHg
EOS,09:18,B-EM 06,B-EM,bpm,244,Heart rate,bpm
EOS,09:18,B-EM 06,B-EM,RBC,3.27,CBC,M/mL
EOS,09:18,B-EM 06,B-EM,Hb,6.6,CBC,mg/dL
EOS,09:18,B-EM 06,B-EM,HCT,20.4,CBC,mmHg
EOS,09:18,B-EM 06,B-EM,PLT,193,CBC,10^3/uL
EOS,09:18,B-EM 06,B-EM,WBC,4.4,CBC,10^3/uL
EOS,09:18,B-EM 06,B-EM,X._Free_Hb,0,% Free Hb,%
EOS,09:18,B-EM 06,B-EM,LAC,7.8,ABG,mmol/L
EOS,09:18,B-EM 06,B-EM,pH,7.426,ABG,value
EOS,09:18,B-EM 06,B-EM,pCO2,41.7,ABG,mmHg
EOS,09:18,B-EM 06,B-EM,pO2,88.3,ABG,mmHg
EOR,09:28,B-EM 06,B-EM,MAP,45,MAP,mmHg
EOR,09:28,B-EM 06,B-EM,bpm,255,Heart rate,bpm
EOR,09:28,B-EM 06,B-EM,RBC,2.38,CBC,M/mL
EOR,09:28,B-EM 06,B-EM,Hb,4.8,CBC,mg/dL
EOR,09:28,B-EM 06,B-EM,HCT,14.8,CBC,mmHg
EOR,09:28,B-EM 06,B-EM,PLT,125,CBC,10^3/uL
EOR,09:28,B-EM 06,B-EM,WBC,4.5,CBC,10^3/uL
EOR,09:28,B-EM 06,B-EM,X._Free_Hb,0,% Free Hb,%
EOR,09:28,B-EM 06,B-EM,LAC,7.9,ABG,mmol/L
EOR,09:28,B-EM 06,B-EM,pH,7.357,ABG,value
EOR,09:28,B-EM 06,B-EM,pCO2,43.8,ABG,mmHg
EOR,09:28,B-EM 06,B-EM,pO2,93.9,ABG,mmHg
EOR,09:28,B-EM 06,B-EM,AST,36,CMP,U/L
EOR,09:28,B-EM 06,B-EM,ALT,26,CMP,U/L
EOR,09:28,B-EM 06,B-EM,LDH,51,CMP,U/L
EOR,09:28,B-EM 06,B-EM,CREA,0.8,CMP,mg/dL
EOR,09:28,B-EM 06,B-EM,BUN,15.97,CMP,mg/dL
EOR,09:28,B-EM 06,B-EM,AMY,88,CMP,U/L
EOR,09:28,B-EM 06,B-EM,TG,78.13,CMP,mg/dL
EOR,09:28,B-EM 06,B-EM,GLU,306.37,CMP,mg/dL
EOR,09:28,B-EM 06,B-EM,GGT,6,CMP,U/L
EOR,09:28,B-EM 06,B-EM,CKHR_time,7.5,TEG 5000,min
EOR,09:28,B-EM 06,B-EM,CKH_K,2,TEG 5000,min
EOR,09:28,B-EM 06,B-EM,CKH_angle,64.5,TEG 5000,degree
EOR,09:28,B-EM 06,B-EM,CKH_MA,51,TEG 5000,mm
EOR,09:28,B-EM 06,B-EM,APTT,140.4,Coag Panel,sec
EOR,09:28,B-EM 06,B-EM,PT,16.8,Coag Panel,sec
EOR,09:28,B-EM 06,B-EM,TT,15.1,Coag Panel,sec
EOR,09:28,B-EM 06,B-EM,Fib,0.75,Coag Panel,g/L
10%,10:28,B-EM 06,B-EM,MAP,58,MAP,mmHg
10%,10:28,B-EM 06,B-EM,bpm,275,Heart rate,bpm
10%,10:28,B-EM 06,B-EM,LAC,6.2,ABG,mmol/L
10%,10:28,B-EM 06,B-EM,pH,7.512,ABG,value
10%,10:28,B-EM 06,B-EM,pCO2,35,ABG,mmHg
10%,10:28,B-EM 06,B-EM,pO2,94.3,ABG,mmHg
7.5%,11:28,B-EM 06,B-EM,MAP,67,MAP,mmHg
7.5%,11:28,B-EM 06,B-EM,bpm,293,Heart rate,bpm
7.5%,11:28,B-EM 06,B-EM,LAC,7.1,ABG,mmol/L
7.5%,11:28,B-EM 06,B-EM,pH,7.535,ABG,value
7.5%,11:28,B-EM 06,B-EM,pCO2,27.9,ABG,mmHg
7.5%,11:28,B-EM 06,B-EM,pO2,95.5,ABG,mmHg
5%,12:28,B-EM 06,B-EM,MAP,75,MAP,mmHg
5%,12:28,B-EM 06,B-EM,bpm,298,Heart rate,bpm
5%,12:28,B-EM 06,B-EM,LAC,13.5,ABG,mmol/L
5%,12:28,B-EM 06,B-EM,pH,7.475,ABG,value
5%,12:28,B-EM 06,B-EM,pCO2,21.2,ABG,mmHg
5%,12:28,B-EM 06,B-EM,pO2,100,ABG,mmHg
2.5%,13:28,B-EM 06,B-EM,MAP,66,MAP,mmHg
2.5%,13:28,B-EM 06,B-EM,bpm,293,Heart rate,bpm
2.5%,13:28,B-EM 06,B-EM,LAC,11.3,ABG,mmol/L
2.5%,13:28,B-EM 06,B-EM,pH,7.564,ABG,value
2.5%,13:28,B-EM 06,B-EM,pCO2,21.4,ABG,mmHg
2.5%,13:28,B-EM 06,B-EM,pO2,102,ABG,mmHg
EOB,13:38,B-EM 06,B-EM,MAP,69,MAP,mmHg
EOB,13:38,B-EM 06,B-EM,bpm,195,Heart rate,bpm
EOB,13:38,B-EM 06,B-EM,RBC,1.85,CBC,M/mL
EOB,13:38,B-EM 06,B-EM,Hb,3.9,CBC,mg/dL
EOB,13:38,B-EM 06,B-EM,HCT,11.3,CBC,mmHg
EOB,13:38,B-EM 06,B-EM,PLT,131,CBC,10^3/uL
EOB,13:38,B-EM 06,B-EM,WBC,0.6,CBC,10^3/uL
EOB,13:38,B-EM 06,B-EM,X._Free_Hb,0,% Free Hb,%
EOB,13:38,B-EM 06,B-EM,LAC,11,ABG,mmol/L
EOB,13:38,B-EM 06,B-EM,pH,7.672,ABG,value
EOB,13:38,B-EM 06,B-EM,pCO2,15.6,ABG,mmHg
EOB,13:38,B-EM 06,B-EM,pO2,170,ABG,mmHg
EOB,13:38,B-EM 06,B-EM,AST,45,CMP,U/L
EOB,13:38,B-EM 06,B-EM,ALT,29,CMP,U/L
EOB,13:38,B-EM 06,B-EM,LDH,71,CMP,U/L
EOB,13:38,B-EM 06,B-EM,CREA,0.1,CMP,mg/dL
EOB,13:38,B-EM 06,B-EM,BUN,13.37,CMP,mg/dL
EOB,13:38,B-EM 06,B-EM,AMY,111,CMP,U/L
EOB,13:38,B-EM 06,B-EM,TG,104.27,CMP,mg/dL
EOB,13:38,B-EM 06,B-EM,GLU,136.42,CMP,mg/dL
EOB,13:38,B-EM 06,B-EM,GGT,2,CMP,U/L
EOB,13:38,B-EM 06,B-EM,CKHR_time,19,TEG 5000,min
EOB,13:38,B-EM 06,B-EM,CKH_K,2.6,TEG 5000,min
EOB,13:38,B-EM 06,B-EM,CKH_angle,60.8,TEG 5000,degree
EOB,13:38,B-EM 06,B-EM,CKH_MA,68.6,TEG 5000,mm
EOB,13:38,B-EM 06,B-EM,APTT,8.9,Coag Panel,sec
EOB,13:38,B-EM 06,B-EM,PT,16.3,Coag Panel,sec
EOB,13:38,B-EM 06,B-EM,TT,20.5,Coag Panel,sec
EOB,13:38,B-EM 06,B-EM,Fib,0.82,Coag Panel,g/L
24HR,09:28,B-EM 06,B-EM,MAP,57,MAP,mmHg
24HR,09:28,B-EM 06,B-EM,bpm,270,Heart rate,bpm
24HR,09:28,B-EM 06,B-EM,RBC,1.81,CBC,M/mL
24HR,09:28,B-EM 06,B-EM,Hb,4.1,CBC,mg/dL
24HR,09:28,B-EM 06,B-EM,HCT,11.1,CBC,mmHg
24HR,09:28,B-EM 06,B-EM,PLT,25,CBC,10^3/uL
24HR,09:28,B-EM 06,B-EM,WBC,4.3,CBC,10^3/uL
24HR,09:28,B-EM 06,B-EM,X._Free_Hb,0,% Free Hb,%
24HR,09:28,B-EM 06,B-EM,LAC,2.1,ABG,mmol/L
24HR,09:28,B-EM 06,B-EM,pH,7.497,ABG,value
24HR,09:28,B-EM 06,B-EM,pCO2,35.3,ABG,mmHg
24HR,09:28,B-EM 06,B-EM,pO2,83.6,ABG,mmHg
24HR,09:28,B-EM 06,B-EM,AST,146,CMP,U/L
24HR,09:28,B-EM 06,B-EM,ALT,91,CMP,U/L
24HR,09:28,B-EM 06,B-EM,LDH,202,CMP,U/L
24HR,09:28,B-EM 06,B-EM,CREA,0.3,CMP,mg/dL
24HR,09:28,B-EM 06,B-EM,BUN,14.83,CMP,mg/dL
24HR,09:28,B-EM 06,B-EM,AMY,256,CMP,U/L
24HR,09:28,B-EM 06,B-EM,TG,415.2,CMP,mg/dL
24HR,09:28,B-EM 06,B-EM,GLU,137.32,CMP,mg/dL
24HR,09:28,B-EM 06,B-EM,GGT,6,CMP,U/L
24HR,09:28,B-EM 06,B-EM,APTT,140.3,Coag Panel,sec
24HR,09:28,B-EM 06,B-EM,PT,8.4,Coag Panel,sec
24HR,09:28,B-EM 06,B-EM,TT,12.8,Coag Panel,sec
24HR,09:28,B-EM 06,B-EM,Fib,2.46,Coag Panel,g/L
48HR,09:28,B-EM 06,B-EM,MAP,101,MAP,mmHg
48HR,09:28,B-EM 06,B-EM,bpm,229,Heart rate,bpm
48HR,09:28,B-EM 06,B-EM,RBC,2.4,CBC,M/mL
48HR,09:28,B-EM 06,B-EM,Hb,5.1,CBC,mg/dL
48HR,09:28,B-EM 06,B-EM,HCT,15.9,CBC,mmHg
48HR,09:28,B-EM 06,B-EM,PLT,307,CBC,10^3/uL
48HR,09:28,B-EM 06,B-EM,WBC,9.2,CBC,10^3/uL
48HR,09:28,B-EM 06,B-EM,X._Free_Hb,0,% Free Hb,%
48HR,09:28,B-EM 06,B-EM,LAC,21,ABG,mmol/L
48HR,09:28,B-EM 06,B-EM,pH,7.173,ABG,value
48HR,09:28,B-EM 06,B-EM,pCO2,28.7,ABG,mmHg
48HR,09:28,B-EM 06,B-EM,pO2,97.7,ABG,mmHg
48HR,09:28,B-EM 06,B-EM,AST,38,CMP,U/L
48HR,09:28,B-EM 06,B-EM,ALT,81,CMP,U/L
48HR,09:28,B-EM 06,B-EM,LDH,16,CMP,U/L
48HR,09:28,B-EM 06,B-EM,CREA,0.6,CMP,mg/dL
48HR,09:28,B-EM 06,B-EM,BUN,9.62,CMP,mg/dL
48HR,09:28,B-EM 06,B-EM,AMY,298,CMP,U/L
48HR,09:28,B-EM 06,B-EM,TG,609,CMP,mg/dL
48HR,09:28,B-EM 06,B-EM,GLU,153.82,CMP,mg/dL
48HR,09:28,B-EM 06,B-EM,GGT,14,CMP,U/L
48HR,09:28,B-EM 06,B-EM,APTT,129.1,Coag Panel,sec
48HR,09:28,B-EM 06,B-EM,PT,6.9,Coag Panel,sec
48HR,09:28,B-EM 06,B-EM,TT,16,Coag Panel,sec
48HR,09:28,B-EM 06,B-EM,Fib,3.94,Coag Panel,g/L
